912bat	Escherichia_coli_HUSEC2011_plasmid_pHUSEC2011_1_complete_sequence	genome	-	NC_022742.1	at_nt_pnda_pndb	unknown	blastn	0	43393	43331	62	0	0	0	88546
74bat	Escherichia_coli_O104_H4_strain_LB226692_plasmid_unnamed1	chromosome	-	NZ_CP024993.1	at_nt_pnda_pndb	unknown	blastn	0	2294	2231	63	0	0	0	106929
1051bat	Escherichia_coli_O15_H11_strain_90_9272_plasmid_unnamed	genome	+	NZ_CP024238.1	at_nt_pnda_pndb	unknown	blastn	0	265097	265159	62	0	0	0	274465
55bat	Salmonella_enterica_strain_SA20025921_plasmid_pSA20025921_2	chromosome	+	NZ_CP030216.1	at_nt_pnda_pndb	unknown	blastn	0	15073	15135	62	0	0	0	104420
957bat	Escherichia_coli_O169_H41_strain_2014EL_1345_2_plasmid_unnamed3	genome	+	NZ_CP024226.1	at_nt_pnda_pndb	unknown	blastn	0	77099	77162	63	0	0	0	85864
1031bat	Escherichia_coli_strain_D3_plasmid_B_complete_genome	genome	-	NZ_CP010142.1	at_nt_pnda_pndb	unknown	blastn	0	34177	34115	62	0	0	0	90974
959bat	Escherichia_coli_O114_H49_strain_90_9280_plasmid_unnamed1	genome	+	NZ_CP024241.1	at_nt_pnda_pndb	unknown	blastn	0	94562	94622	60	0	0	0	104674
79bat	Escherichia_coli_strain_BR25_DEC_chromosome	chromosome	-	NZ_CP035331.1	at_nt_pnda_pndb	unknown	blastn	0	4658990	4658930	60	0	0	0	4818513
59bat	Escherichia_coli_UMNF18_plasmid_pUMNF18_IncI1_whole_genome_shotgun_sequence	chromosome	-	NZ_AGTD01000002.1	at_nt_pnda_pndb	unknown	blastn	0	57824	57762	62	0	0	0	69065
888bat	Klebsiella_pneumoniae_strain_ZYST1_plasmid_pZYST1C2_complete_sequence	genome	-	NZ_CP031615.1	at_nt_pnda_pndb	unknown	blastn	0	26867	26804	63	0	0	0	107458
927bat	Escherichia_coli_strain_AR_451_plasmid_unnamed2	genome	-	NZ_CP030340.1	at_nt_pnda_pndb	unknown	blastn	0	8565	8503	62	0	0	0	34927
990bat	Klebsiella_pneumoniae_strain_NH54_plasmid_pKPNH54_2_complete_sequence	genome	-	NZ_CP024918.1	at_nt_pnda_pndb	unknown	blastn	0	52451	52389	62	0	0	0	81261
144bt	Escherichia_albertii_strain_2014C_4356_plasmid_unnamed3_complete_sequence	genome	-	NZ_CP024285.1	t_nt_pnda_pndb	unknown	blastn	0	11691	11536	155	0	0	0	127606
201bt	Escherichia_coli_HUSEC2011_plasmid_pHUSEC2011_1_complete_sequence	genome	+	NC_022742.1	t_nt_pnda_pndb	unknown	blastn	0	43440	43595	155	0	0	0	88546
243bt	Escherichia_coli_strain_L725_plasmid_punnamed1_complete_sequence	genome	+	NZ_CP036203.1	t_nt_pnda_pndb	unknown	blastn	0	13861	14016	155	0	0	0	93880
244bt	Escherichia_coli_SE11_plasmid_pSE11_1_DNA_complete_sequence	genome	+	NC_011419.1	t_nt_pnda_pndb	unknown	blastn	0	56712	56867	155	0	0	0	100021
95bt	Escherichia_coli_O104_H4_strain_LB226692_plasmid_unnamed1	chromosome	+	NZ_CP024993.1	t_nt_pnda_pndb	unknown	blastn	0	2341	2495	154	0	0	0	106929
237bt	Escherichia_coli_O169_H41_strain_2014EL_1345_2_plasmid_unnamed3	genome	-	NZ_CP024226.1	t_nt_pnda_pndb	unknown	blastn	0	75631	75476	155	0	0	0	85864
151bt	Salmonella_enterica_subsp_enterica_serovar_Weltevreden_genome_assembly_99_3134_plasmid__2	genome	+	NZ_LN890525.1	t_nt_pnda_pndb	unknown	blastn	0	12030	12185	155	0	0	0	84987
245bt	Salmonella_sp_SSDFZ54_plasmid_pTB502_complete_sequence	genome	+	NZ_CP034821.1	t_nt_pnda_pndb	unknown	blastn	0	83608	83763	155	0	0	0	146389
246bt	Escherichia_coli_strain_ST2747_complete_genome	genome	+	NZ_CP007394.1	t_nt_pnda_pndb	unknown	blastn	0	5005936	5006091	155	0	0	0	5090442
252bt	Salmonella_enterica_subsp_enterica_serovar_Anatum_strain_CFSAN076215_plasmid_pCFSAN076215_complete_s	genome	+	NZ_CP033339.1	t_nt_pnda_pndb	unknown	blastn	0	3130	3291	161	0	0	0	104123
249bt	Salmonella_enterica_strain_SA20075157_plasmid_pSA20075157_1_complete_sequence	genome	-	NZ_CP030218.1	t_nt_pnda_pndb	unknown	blastn	0	88943	88788	155	0	0	0	97234
299bt	Salmonella_enterica_subsp_enterica_serovar_Gaminara_str_SA20063285_plasmid_pIncI1_1_complete_sequenc	genome	-	NZ_CP030289.1	t_nt_pnda_pndb	unknown	blastn	0	11650	11495	155	0	0	0	117908
251bt	Escherichia_coli_strain_AR_451_plasmid_unnamed2	genome	+	NZ_CP030340.1	t_nt_pnda_pndb	unknown	blastn	0	7637	7792	155	0	0	0	34927
99bt	Escherichia_coli_strain_CHL5009T_plasmid_pCHL5009T_94k_complete_sequence	chromosome	+	NZ_CP032938.1	t_nt_pnda_pndb	unknown	blastn	0	73571	73726	155	0	0	0	93429
248bt	Escherichia_coli_O114_H49_strain_90_9280_plasmid_unnamed1	genome	-	NZ_CP024241.1	t_nt_pnda_pndb	unknown	blastn	0	94217	94062	155	0	0	0	104674
290bt	Escherichia_coli_E2855_plasmid_pE2855_1_DNA_complete_genome	genome	+	NZ_AP018797.1	t_nt_pnda_pndb	unknown	blastn	0	78510	78665	155	0	0	0	125200
280bt	Escherichia_coli_O43_str_RM10042_plasmid_pRM10042_1_complete_sequence	genome	-	NZ_CP028120.1	t_nt_pnda_pndb	unknown	blastn	0	34562	34407	155	0	0	0	86617
295bt	Escherichia_coli_strain_2014C_3307_plasmid_unnamed2	genome	-	NZ_CP027370.1	t_nt_pnda_pndb	unknown	blastn	0	160632	160477	155	0	0	0	176149
298bt	Escherichia_coli_O43_str_RM10042_plasmid_pRM10042_2_complete_sequence	genome	-	NZ_CP028121.1	t_nt_pnda_pndb	unknown	blastn	0	17034	16879	155	0	0	0	109466
260bt	Escherichia_coli_O104_H21_str_CFSAN002236_plasmid_pO104_H21_complete_sequence	genome	-	NZ_CP023542.1	t_nt_pnda_pndb	unknown	blastn	0	33466	33311	155	0	0	0	161452
102bt	Escherichia_coli_strain_2014C_3741_plasmid_unnamed2	chromosome	-	NZ_CP027330.1	t_nt_pnda_pndb	unknown	blastn	0	28397	28242	155	0	0	0	102897
256bt	Escherichia_coli_strain_AR_0085_plasmid_unnamed1_complete_sequence	genome	+	NZ_CP029742.1	t_nt_pnda_pndb	unknown	blastn	0	29672	29827	155	0	0	0	139740
281bt	Escherichia_coli_NCCP15648_plasmid_p15648_2_complete_sequence	genome	+	NZ_CP009052.1	t_nt_pnda_pndb	unknown	blastn	0	40261	40416	155	0	0	0	83860
297bt	Escherichia_coli_O27_H7_strain_B4103_1_plasmid_unnamed2	genome	-	NZ_CP024247.1	t_nt_pnda_pndb	unknown	blastn	0	36569	36414	155	0	0	0	68864
105bt	Escherichia_coli_strain_2016C_3936C1_plasmid_unnamed2_sequence	chromosome	+	NZ_CP018772.1	t_nt_pnda_pndb	unknown	blastn	0	11675	11830	155	0	0	0	55104
259bt	Escherichia_coli_strain_2013C_3033_plasmid_unnamed_complete_sequence	genome	+	NZ_CP027324.1	t_nt_pnda_pndb	unknown	blastn	0	60928	61083	155	0	0	0	127667
502bt	Aliivibrio_salmonicida_LFI1238_chromosome_1_complete_genome	genome	-	NC_011312.1	t_pro_pnda_pndb	unknown	tblastn	0	21766	21614	152	0	0	0	3325165
514bt	Aliivibrio_wodanis_genome_assembly_AWOD1_plasmid__pAWOD920	genome	+	NZ_LN554848.1	t_pro_pnda_pndb	unknown	tblastn	0	49989	50141	152	0	0	0	91951
504bt	Vibrio_campbellii_strain_BoB_90_plasmid_unnamed_3_complete_sequence	genome	-	NZ_CP026319.1	t_pro_pnda_pndb	unknown	tblastn	0	1912	1757	155	0	0	0	69048
505bt	Vibrio_parahaemolyticus_strain_FORC_014_plasmid_pFORC14_complete_sequence	genome	+	NZ_CP011408.1	t_pro_pnda_pndb	unknown	tblastn	0	8344	8499	155	0	0	0	51383
604bt	Photobacterium_damselae_subsp_damselae_strain_KC_Na_1_plasmid_pPDD_Na_1_2_complete_sequence	genome	+	NZ_CP021154.1	t_pro_pnda_pndb	unknown	tblastn	0	53725	53877	152	0	0	0	81002
495bt	Photobacterium_damselae_subsp_piscicida_plasmid_p91_197_1_DNA_complete_genome	genome	-	NZ_AP018047.1	t_pro_pnda_pndb	unknown	tblastn	0	13486	13334	152	0	0	0	37140
669bt	Vibrio_parahaemolyticus_strain_D3112_plasmid_p1_complete_sequence	genome	-	NZ_CP034567.1	t_pro_pnda_pndb	unknown	tblastn	0	19853	19698	155	0	0	0	66230
678bt	Vibrio_parahaemolyticus_strain_PB1937_plasmid_p1937_2_complete_sequence	genome	-	NZ_CP022246.1	t_pro_pnda_pndb	unknown	tblastn	0	17930	17775	155	0	0	0	78481
670bt	Vibrio_campbellii_strain_170502_plasmid_pVCZS_complete_sequence	genome	-	NZ_CP033136.1	t_pro_pnda_pndb	unknown	tblastn	0	36163	36008	155	0	0	0	69012
737bt	Salmonella_enterica_subsp_enterica_strain_SA20011914_chromosome_complete_genome	genome	+	NZ_CP029992.1	t_pro_pnda_pndb	unknown	tblastn	0	2259154	2259306	152	0	0	0	4807680
607bt	Salmonella_enterica_subsp_salamae_serovar_57_z29_z42_strain_ST114_chromosome_complete_genome	genome	+	NZ_CP022467.1	t_pro_pnda_pndb	unknown	tblastn	0	206918	207070	152	0	0	0	4719375
634bt	Salmonella_enterica_subsp_salamae_serovar_42_r__strain_RSE09_chromosome_complete_genome	genome	+	NZ_CP034717.1	t_pro_pnda_pndb	unknown	tblastn	0	216263	216415	152	0	0	0	4860626
667bt	Salmonella_enterica_subsp_salamae_strain_NCTC9930_genome_assembly_chromosome_1	genome	+	NZ_LS483456.1	t_pro_pnda_pndb	unknown	tblastn	0	215164	215316	152	0	0	0	5118272
590bt	Salmonella_enterica_subsp_enterica_strain_SA20053897_chromosome_complete_genome	genome	+	NZ_CP029995.1	t_pro_pnda_pndb	unknown	tblastn	0	189068	189220	152	0	0	0	4920300
589bt	Salmonella_enterica_subsp_salamae_serovar_55_k_z39_str_1315K_chromosome_complete_genome	genome	+	NZ_CP022139.1	t_pro_pnda_pndb	unknown	tblastn	0	189813	189965	152	0	0	0	4859044
596bt	Citrobacter_rodentium_ICC168_complete_genome	genome	+	NC_013716.1	t_pro_pnda_pndb	unknown	tblastn	0	4481834	4481986	152	0	0	0	5346659
588bt	Kluyvera_intermedia_strain_NCTC12125_genome_assembly_chromosome_1	genome	+	NZ_LR134138.1	t_pro_pnda_pndb	unknown	tblastn	0	3711586	3711738	152	0	0	0	4739056
626bt	Klebsiella_aerogenes_strain_NCTC9668_genome_assembly_chromosome_1	genome	+	NZ_LR134235.1	t_pro_pnda_pndb	unknown	tblastn	0	2833848	2834000	152	0	0	0	5768342
668bt	Klebsiella_variicola_strain_LMG_23571_complete_genome	genome	+	NZ_CP013985.1	t_pro_pnda_pndb	unknown	tblastn	0	198842	198994	152	0	0	0	5600402
704bt	Klebsiella_variicola_strain_03_311_0071_genome_assembly_chromosome_1	genome	+	NZ_LR130544.1	t_pro_pnda_pndb	unknown	tblastn	0	193413	193565	152	0	0	0	5425242
620bt	Klebsiella_variicola_strain_DSM_15968_complete_genome	genome	+	NZ_CP010523.2	t_pro_pnda_pndb	unknown	tblastn	0	201547	201699	152	0	0	0	5521203
648bt	Enterobacteriaceae_bacterium_S05_chromosome_complete_genome	genome	+	NZ_CP024784.1	t_pro_pnda_pndb	unknown	tblastn	0	3321841	3321993	152	0	0	0	5157054
764bt	Klebsiella_aerogenes_strain_NCTC418_genome_assembly_chromosome_4	genome	+	NZ_LR134213.1	t_pro_pnda_pndb	unknown	tblastn	0	203384	203536	152	0	0	0	5306679
1386bt	Klebsiella_pneumoniae_subsp_pneumoniae_strain_ST2017_950142398_chromosome	chromosome	-	NZ_CP023553.1	t_pro_pnda_pndb	unknown	tblastn	0	3125834	3125682	152	0	0	0	5497952
1404bt	Klebsiella_pneumoniae_strain_U25_genome	chromosome	-	NZ_CP012043.1	t_pro_pnda_pndb	unknown	tblastn	0	19347	19195	152	0	0	0	5491870
776bt	Klebsiella_pneumoniae_strain_AR_0117_complete_genome	genome	+	NZ_CP020061.1	t_pro_pnda_pndb	unknown	tblastn	0	4618847	4618999	152	0	0	0	5345997
1326bt	Klebsiella_pneumoniae_strain_FDAARGOS_447_chromosome_complete_genome	chromosome	+	NZ_CP023949.1	t_pro_pnda_pndb	unknown	tblastn	0	252895	253047	152	0	0	0	5226396
529bt	Klebsiella_quasivariicola_strain_KPN1705_chromosome_complete_genome	genome	+	NZ_CP022823.1	t_pro_pnda_pndb	unknown	tblastn	0	214323	214475	152	0	0	0	5540188
738bt	Klebsiella_variicola_strain_342_complete_genome	genome	+	NC_011283.1	t_pro_pnda_pndb	unknown	tblastn	0	192975	193127	152	0	0	0	5641239
665bt	Klebsiella_pneumoniae_DNA_complete_genome_strain_YH43	genome	+	NZ_AP014950.1	t_pro_pnda_pndb	unknown	tblastn	0	193444	193596	152	0	0	0	5520319
1383bt	Klebsiella_pneumoniae_strain_KPN1344_chromosome	chromosome	+	NZ_CP033901.1	t_pro_pnda_pndb	unknown	tblastn	0	3641867	3642019	152	0	0	0	5343965
611bt	Klebsiella_sp_WCHKl090001_chromosome_complete_genome	genome	+	NZ_CP036175.1	t_pro_pnda_pndb	unknown	tblastn	0	249005	249157	152	0	0	0	6183608
578bt	Klebsiella_michiganensis_E718_complete_sequence	genome	-	NC_018106.1	t_pro_pnda_pndb	unknown	tblastn	0	5826643	5826491	152	0	0	0	6097032
571bt	Klebsiella_oxytoca_strain_FDAARGOS_335_chromosome_complete_genome	genome	-	NZ_CP027426.1	t_pro_pnda_pndb	unknown	tblastn	0	1049865	1049713	152	0	0	0	5853942
600bt	Klebsiella_oxytoca_strain_CAV1015_chromosome_complete_genome	genome	-	NZ_CP017928.1	t_pro_pnda_pndb	unknown	tblastn	0	4284575	4284423	152	0	0	0	6155924
539bt	Klebsiella_oxytoca_strain_AR380_chromosome_complete_genome	genome	+	NZ_CP029128.1	t_pro_pnda_pndb	unknown	tblastn	0	3349302	3349454	152	0	0	0	5925399
510bt	Klebsiella_oxytoca_DNA_complete_genome_strain_JKo3	genome	-	NZ_AP014951.1	t_pro_pnda_pndb	unknown	tblastn	0	5639891	5639739	152	0	0	0	5944658
512bt	Klebsiella_sp_FDAARGOS_511_chromosome_complete_genome	genome	+	NZ_CP033824.1	t_pro_pnda_pndb	unknown	tblastn	0	3154871	3155023	152	0	0	0	6089457
740bt	Enterobacteriaceae_bacterium_strain_FGI_57_complete_genome	genome	+	NC_020063.1	t_pro_pnda_pndb	unknown	tblastn	0	180527	180679	152	0	0	0	4762179
741bt	Enterobacteriaceae_bacterium_strain_FGI_57_complete_genome	genome	+	NC_020063.1	t_pro_pnda_pndb	unknown	tblastn	0	181439	181591	152	0	0	0	4762179
741bt	Enterobacteriaceae_bacterium_strain_FGI_57_complete_genome	genome	+	NC_020063.1	t_pro_pnda_pndb	unknown	tblastn	0	180983	181135	152	0	0	0	4762179
519bt	Escherichia_albertii_DNA_complete_genome_strain_EC06_170	genome	-	NZ_AP014857.1	t_pro_pnda_pndb	unknown	tblastn	0	3691476	3691324	152	0	0	0	4657167
517bt	Escherichia_albertii_DNA_complete_genome_strain_NIAH_Bird_3	genome	-	NZ_AP014855.1	t_pro_pnda_pndb	unknown	tblastn	0	3596651	3596499	152	0	0	0	4560575
523bt	Escherichia_albertii_strain_07_3866_chromosome_complete_genome	genome	-	NZ_CP030781.1	t_pro_pnda_pndb	unknown	tblastn	0	3677506	3677354	152	0	0	0	4940006
1402bt	Escherichia_coli_UMNF18_chromosome_whole_genome_shotgun_sequence	chromosome	-	NZ_AGTD01000001.1	t_pro_pnda_pndb	unknown	tblastn	0	4265805	4265653	152	0	0	0	5239207
1347bt	Escherichia_coli_strain_H17_chromosome	chromosome	+	NZ_CP021193.1	t_pro_pnda_pndb	unknown	tblastn	0	2737978	2738130	152	0	0	0	5219546
1380bt	Escherichia_coli_strain_CCUG_70745_chromosome	chromosome	-	NZ_CP023258.1	t_pro_pnda_pndb	unknown	tblastn	0	4082190	4082038	152	0	0	0	5074278
1350bt	Escherichia_coli_FAP1_genome	chromosome	-	NZ_CP009578.1	t_pro_pnda_pndb	unknown	tblastn	0	4363253	4363101	152	0	0	0	4874804
1361bt	Escherichia_coli_O104_H4_strain_LB226692_chromosome	chromosome	+	NZ_CP024992.1	t_pro_pnda_pndb	unknown	tblastn	0	1712486	1712638	152	0	0	0	5299262
1384bt	Escherichia_coli_strain_BR02_DEC_chromosome	chromosome	-	NZ_CP035320.1	t_pro_pnda_pndb	unknown	tblastn	0	4203975	4203823	152	0	0	0	5025753
1356bt	Escherichia_coli_strain_2016C_3936C1_chromosome_complete_genome	chromosome	+	NZ_CP018770.2	t_pro_pnda_pndb	unknown	tblastn	0	4987641	4987793	152	0	0	0	5060620
1382bt	Escherichia_coli_strain_89_3506_isolate_89_3506_chromosome	chromosome	-	NZ_CP027520.1	t_pro_pnda_pndb	unknown	tblastn	0	1945381	1945229	152	0	0	0	5178486
1377bt	Escherichia_coli_O157_H7_str_EDL933_genome	chromosome	-	NC_002655.2	t_pro_pnda_pndb	unknown	tblastn	0	4535407	4535255	152	0	0	0	5528445
1368bt	Shigella_boydii_strain_ATCC_12027_chromosome	chromosome	-	NZ_CP026866.1	t_pro_pnda_pndb	unknown	tblastn	0	3976399	3976247	152	0	0	0	4680268
536bt	Enterobacter_bugandensis_isolate_EB_247_genome_assembly_chromosome_I	genome	+	NZ_LT992502.1	t_pro_pnda_pndb	unknown	tblastn	0	779181	779333	152	0	0	0	4717613
1300bt	Enterobacter_cloacae_isolate_MBRL1077_genome	chromosome	-	NZ_CP014280.1	t_pro_pnda_pndb	unknown	tblastn	0	4267545	4267393	152	0	0	0	4801156
508bt	Enterobacter_cloacae_strain_ECNIH4_complete_genome	genome	-	NZ_CP009850.1	t_pro_pnda_pndb	unknown	tblastn	0	4032696	4032544	152	0	0	0	4761385
530bt	Enterobacter_kobei_strain_DSM_13645_chromosome_complete_genome	genome	+	NZ_CP017181.1	t_pro_pnda_pndb	unknown	tblastn	0	689562	689714	152	0	0	0	4880257
506bt	Enterobacter_kobei_strain_WCHEK045523_chromosome_complete_genome	genome	+	NZ_CP032897.1	t_pro_pnda_pndb	unknown	tblastn	0	1637302	1637454	152	0	0	0	4953590
567bt	Lelliottia_nimipressuralis_strain_SGAir0187_chromosome_complete_genome	genome	-	NZ_CP025034.2	t_pro_pnda_pndb	unknown	tblastn	0	1789647	1789495	152	0	0	0	4826853
546bt	Enterobacter_cloacae_strain_GGT036_complete_genome	genome	+	NZ_CP009756.1	t_pro_pnda_pndb	unknown	tblastn	0	764039	764191	152	0	0	0	4848754
1303bt	Enterobacter_cloacae_strain_NH52_chromosome_I_whole_genome_shotgun_sequence	chromosome	+	NZ_LT160614.1	t_pro_pnda_pndb	unknown	tblastn	0	2613888	2614040	152	0	0	0	5159348
560bt	Enterobacter_cloacae_subsp_cloacae_ATCC_13047_chromosome_complete_genome	genome	+	NC_014121.1	t_pro_pnda_pndb	unknown	tblastn	0	867754	867906	152	0	0	0	5314581
555bt	Enterobacter_cloacae_strain_M12X01451_chromosome_complete_genome	genome	+	NZ_CP017475.1	t_pro_pnda_pndb	unknown	tblastn	0	724442	724594	152	0	0	0	4918273
605bt	Enterobacter_cancerogenus_strain_CR_Eb1_chromosome_complete_genome	genome	-	NZ_CP025225.1	t_pro_pnda_pndb	unknown	tblastn	0	3917859	3917707	152	0	0	0	4796512
497bt	UNVERIFIED_ORG_Enterobacter_asburiae_LF7a_complete_genome	genome	+	NC_015968.1	t_pro_pnda_pndb	unknown	tblastn	0	722226	722378	152	0	0	0	4812833
548bt	Enterobacter_cloacae_ECNIH2_complete_genome	genome	+	NZ_CP008823.1	t_pro_pnda_pndb	unknown	tblastn	0	918475	918627	152	0	0	0	4852980
562bt	Enterobacter_cloacae_isolate_EC_TO80_genome_assembly_chromosome_1	genome	+	NZ_LS999206.1	t_pro_pnda_pndb	unknown	tblastn	0	825764	825916	152	0	0	0	4864313
566bt	Enterobacter_hormaechei_subsp_xiangfangensis_strain_Pb204_chromosome_complete_genome	genome	-	NZ_CP030007.1	t_pro_pnda_pndb	unknown	tblastn	0	4159719	4159567	152	0	0	0	4956155
540bt	Enterobacter_hormaechei_subsp_hormaechei_strain_34983_complete_genome	genome	+	NZ_CP010377.1	t_pro_pnda_pndb	unknown	tblastn	0	763229	763381	152	0	0	0	4632074
534bt	Enterobacter_cloacae_ECNIH3_complete_genome	genome	+	NZ_CP008897.1	t_pro_pnda_pndb	unknown	tblastn	0	753901	754053	152	0	0	0	4633407
537bt	Enterobacter_hormaechei_strain_S11_16_chromosome_complete_genome	genome	+	NZ_CP035385.1	t_pro_pnda_pndb	unknown	tblastn	0	704408	704560	152	0	0	0	4850296
606bt	Enterobacter_hormaechei_subsp_hoffmannii_strain_DSM_14563_chromosome_complete_genome	genome	+	NZ_CP017186.1	t_pro_pnda_pndb	unknown	tblastn	0	721245	721397	152	0	0	0	4546962
558bt	Enterobacter_cloacae_strain_AR_0060_chromosome_complete_genome	genome	+	NZ_CP026719.1	t_pro_pnda_pndb	unknown	tblastn	0	2941759	2941911	152	0	0	0	5104736
597bt	Enterobacter_cloacae_complex_bacterium_isolate_C45_genome_assembly_chromosome_C45	genome	+	NZ_LT991957.1	t_pro_pnda_pndb	unknown	tblastn	0	2888670	2888822	152	0	0	0	4783258
498bt	Leclercia_adecarboxylata_strain_USDA_ARS_USMARC_60222_complete_genome	genome	-	NZ_CP013990.1	t_pro_pnda_pndb	unknown	tblastn	0	4030192	4030040	152	0	0	0	4803917
509bt	Leclercia_sp_LSNIH3_chromosome_complete_genome	genome	-	NZ_CP026387.1	t_pro_pnda_pndb	unknown	tblastn	0	1676470	1676318	152	0	0	0	4781217
515bt	Leclercia_adecarboxylata_strain_16008513_chromosome_complete_genome	genome	-	NZ_CP036199.1	t_pro_pnda_pndb	unknown	tblastn	0	4708026	4707874	152	0	0	0	4815267
496bt	Lelliottia_amnigena_strain_ZB04_complete_genome	genome	+	NZ_CP015774.2	t_pro_pnda_pndb	unknown	tblastn	0	769308	769460	152	0	0	0	4616122
519bt	Escherichia_albertii_DNA_complete_genome_strain_EC06_170	genome	-	NZ_AP014857.1	t_pro_pnda_pndb	unknown	tblastn	0	2009145	2008993	152	0	0	0	4657167
720bt	Salmonella_enterica_strain_DA34827_chromosome_complete_genome	genome	-	NZ_CP029593.1	t_pro_pnda_pndb	unknown	tblastn	0	4442986	4442834	152	0	0	0	4933577
358bt	Escherichia_coli_HUSEC2011_plasmid_pHUSEC2011_1_complete_sequence	genome	+	NC_022742.1	t_pro_pnda_pndb	unknown	tblastn	0	43440	43592	152	0	0	0	88546
1277bt	Escherichia_coli_O104_H4_strain_LB226692_plasmid_unnamed1	chromosome	+	NZ_CP024993.1	t_pro_pnda_pndb	unknown	tblastn	0	2341	2492	151	0	0	0	106929
386bt	Escherichia_coli_strain_L725_plasmid_punnamed1_complete_sequence	genome	+	NZ_CP036203.1	t_pro_pnda_pndb	unknown	tblastn	0	13861	14013	152	0	0	0	93880
307bt	Escherichia_albertii_strain_2014C_4356_plasmid_unnamed3_complete_sequence	genome	-	NZ_CP024285.1	t_pro_pnda_pndb	unknown	tblastn	0	11691	11539	152	0	0	0	127606
385bt	Escherichia_coli_SE11_plasmid_pSE11_1_DNA_complete_sequence	genome	+	NC_011419.1	t_pro_pnda_pndb	unknown	tblastn	0	56712	56864	152	0	0	0	100021
440bt	Escherichia_coli_O169_H41_strain_2014EL_1345_2_plasmid_unnamed3	genome	-	NZ_CP024226.1	t_pro_pnda_pndb	unknown	tblastn	0	75631	75479	152	0	0	0	85864
464bt	Salmonella_enterica_subsp_enterica_serovar_Anatum_strain_CFSAN076215_plasmid_pCFSAN076215_complete_s	genome	+	NZ_CP033339.1	t_pro_pnda_pndb	unknown	tblastn	0	3130	3288	158	0	0	0	104123
382bt	Salmonella_enterica_subsp_enterica_serovar_Weltevreden_genome_assembly_99_3134_plasmid__2	genome	+	NZ_LN890525.1	t_pro_pnda_pndb	unknown	tblastn	0	12030	12182	152	0	0	0	84987
389bt	Salmonella_sp_SSDFZ54_plasmid_pTB502_complete_sequence	genome	+	NZ_CP034821.1	t_pro_pnda_pndb	unknown	tblastn	0	83608	83760	152	0	0	0	146389
383bt	Escherichia_coli_strain_ST2747_complete_genome	genome	+	NZ_CP007394.1	t_pro_pnda_pndb	unknown	tblastn	0	5005936	5006088	152	0	0	0	5090442
381bt	Escherichia_coli_O114_H49_strain_90_9280_plasmid_unnamed1	genome	-	NZ_CP024241.1	t_pro_pnda_pndb	unknown	tblastn	0	94217	94065	152	0	0	0	104674
1278bt	Escherichia_coli_strain_CHL5009T_plasmid_pCHL5009T_94k_complete_sequence	chromosome	+	NZ_CP032938.1	t_pro_pnda_pndb	unknown	tblastn	0	73571	73723	152	0	0	0	93429
384bt	Escherichia_coli_strain_AR_451_plasmid_unnamed2	genome	+	NZ_CP030340.1	t_pro_pnda_pndb	unknown	tblastn	0	7637	7789	152	0	0	0	34927
610bt	Salmonella_enterica_subsp_enterica_serovar_Anatum_str_USDA_ARS_USMARC_1727_plasmid_pSAN1_1727_comple	genome	+	NZ_CP014622.1	t_pro_pnda_pndb	unknown	tblastn	0	49420	49581	161	0	0	0	97041
388bt	Salmonella_enterica_strain_SA20075157_plasmid_pSA20075157_1_complete_sequence	genome	-	NZ_CP030218.1	t_pro_pnda_pndb	unknown	tblastn	0	88943	88791	152	0	0	0	97234
494bt	Salmonella_enterica_subsp_enterica_serovar_Gaminara_str_SA20063285_plasmid_pIncI1_1_complete_sequenc	genome	-	NZ_CP030289.1	t_pro_pnda_pndb	unknown	tblastn	0	11653	11498	155	0	0	0	117908
486bt	Escherichia_coli_E2855_plasmid_pE2855_1_DNA_complete_genome	genome	+	NZ_AP018797.1	t_pro_pnda_pndb	unknown	tblastn	0	78510	78662	152	0	0	0	125200
492bt	Escherichia_coli_strain_2014C_3307_plasmid_unnamed2	genome	-	NZ_CP027370.1	t_pro_pnda_pndb	unknown	tblastn	0	160632	160480	152	0	0	0	176149
484bt	Escherichia_coli_O43_str_RM10042_plasmid_pRM10042_1_complete_sequence	genome	-	NZ_CP028120.1	t_pro_pnda_pndb	unknown	tblastn	0	34562	34410	152	0	0	0	86617
493bt	Escherichia_coli_O43_str_RM10042_plasmid_pRM10042_2_complete_sequence	genome	-	NZ_CP028121.1	t_pro_pnda_pndb	unknown	tblastn	0	17034	16882	152	0	0	0	109466
475bt	Escherichia_coli_O104_H21_str_CFSAN002236_plasmid_pO104_H21_complete_sequence	genome	-	NZ_CP023542.1	t_pro_pnda_pndb	unknown	tblastn	0	33466	33314	152	0	0	0	161452
1294bt	Escherichia_coli_strain_2014C_3741_plasmid_unnamed2	chromosome	-	NZ_CP027330.1	t_pro_pnda_pndb	unknown	tblastn	0	28397	28245	152	0	0	0	102897
458bt	Escherichia_coli_strain_AR_0085_plasmid_unnamed1_complete_sequence	genome	+	NZ_CP029742.1	t_pro_pnda_pndb	unknown	tblastn	0	29672	29824	152	0	0	0	139740
451bt	Escherichia_coli_NCCP15648_plasmid_p15648_2_complete_sequence	genome	+	NZ_CP009052.1	t_pro_pnda_pndb	unknown	tblastn	0	40261	40413	152	0	0	0	83860
457bt	Escherichia_coli_O27_H7_strain_B4103_1_plasmid_unnamed2	genome	-	NZ_CP024247.1	t_pro_pnda_pndb	unknown	tblastn	0	36569	36417	152	0	0	0	68864
1299bt	Escherichia_coli_strain_2016C_3936C1_plasmid_unnamed2_sequence	chromosome	+	NZ_CP018772.1	t_pro_pnda_pndb	unknown	tblastn	0	11675	11827	152	0	0	0	55104
470bt	Escherichia_coli_strain_2013C_3033_plasmid_unnamed_complete_sequence	genome	+	NZ_CP027324.1	t_pro_pnda_pndb	unknown	tblastn	0	60928	61080	152	0	0	0	127667
610bt	Salmonella_enterica_subsp_enterica_serovar_Anatum_str_USDA_ARS_USMARC_1727_plasmid_pSAN1_1727_comple	genome	+	NZ_CP014622.1	t_pro_pnda_pndb	unknown	tblastn	0	47611	47763	152	0	0	0	97041
691bt	Serratia_marcescens_SM39_DNA_complete_genome	genome	-	NZ_AP013063.1	t_pro_pnda_pndb	unknown	tblastn	0	3678370	3678218	152	0	0	0	5225577
1374bt	Serratia_marcescens_strain_AS1_genome	chromosome	+	NZ_CP010584.1	t_pro_pnda_pndb	unknown	tblastn	0	1377059	1377211	152	0	0	0	5506053
692bt	Serratia_marcescens_WW4_complete_genome	genome	-	NC_020211.1	t_pro_pnda_pndb	unknown	tblastn	0	4413191	4413039	152	0	0	0	5241455
703bt	Serratia_marcescens_strain_CAV1492_complete_genome	genome	+	NZ_CP011642.1	t_pro_pnda_pndb	unknown	tblastn	0	3438199	3438351	152	0	0	0	5477084
699bt	Serratia_marcescens_strain_UMH5_chromosome_complete_genome	genome	-	NZ_CP018917.1	t_pro_pnda_pndb	unknown	tblastn	0	3758365	3758213	152	0	0	0	5357156
680bt	Serratia_sp_FDAARGOS_506_chromosome_complete_genome	genome	-	NZ_CP033831.1	t_pro_pnda_pndb	unknown	tblastn	0	708028	707876	152	0	0	0	4818792
1304bt	Serratia_marcescens_strain_S2I7_genome	chromosome	-	NZ_CP021984.1	t_pro_pnda_pndb	unknown	tblastn	0	4413191	4413039	152	0	0	0	5241555
1305bt	Serratia_marcescens_strain_S2I7_genome	chromosome	-	NZ_CP021984.1	t_pro_pnda_pndb	unknown	tblastn	0	4413824	4413672	152	0	0	0	5241555
627bt	Serratia_marcescens_strain_UMH10_chromosome_complete_genome	genome	-	NZ_CP018928.1	t_pro_pnda_pndb	unknown	tblastn	0	3604916	3604764	152	0	0	0	5221713
694bt	Serratia_marcescens_WW4_complete_genome	genome	-	NC_020211.1	t_pro_pnda_pndb	unknown	tblastn	0	4419593	4419441	152	0	0	0	5241455
1305bt	Serratia_marcescens_strain_S2I7_genome	chromosome	-	NZ_CP021984.1	t_pro_pnda_pndb	unknown	tblastn	0	4419593	4419441	152	0	0	0	5241555
682bt	Serratia_marcescens_strain_332_chromosome_complete_genome	genome	-	NZ_CP021164.1	t_pro_pnda_pndb	unknown	tblastn	0	4233161	4233009	152	0	0	0	5059456
703bt	Serratia_marcescens_strain_CAV1492_complete_genome	genome	+	NZ_CP011642.1	t_pro_pnda_pndb	unknown	tblastn	0	3423345	3423497	152	0	0	0	5477084
694bt	Serratia_marcescens_WW4_complete_genome	genome	-	NC_020211.1	t_pro_pnda_pndb	unknown	tblastn	0	4413824	4413672	152	0	0	0	5241455
1345bt	Serratia_marcescens_strain_EL1_chromosome	chromosome	-	NZ_CP027796.1	t_pro_pnda_pndb	unknown	tblastn	0	2327219	2327067	152	0	0	0	5201791
1344bt	Serratia_marcescens_strain_EL1_chromosome	chromosome	-	NZ_CP027796.1	t_pro_pnda_pndb	unknown	tblastn	0	2321449	2321297	152	0	0	0	5201791
627bt	Serratia_marcescens_strain_UMH10_chromosome_complete_genome	genome	-	NZ_CP018928.1	t_pro_pnda_pndb	unknown	tblastn	0	3589540	3589388	152	0	0	0	5221713
1372bt	Serratia_sp_JKS000199_genome_assembly_chromosome_I	chromosome	-	NZ_LT907843.1	t_pro_pnda_pndb	unknown	tblastn	0	3571168	3571016	152	0	0	0	5124953
682bt	Serratia_marcescens_strain_332_chromosome_complete_genome	genome	-	NZ_CP021164.1	t_pro_pnda_pndb	unknown	tblastn	0	4246480	4246328	152	0	0	0	5059456
1310bt	Serratia_marcescens_strain_12TM_chromosome_whole_genome_shotgun_sequence	chromosome	-	NZ_CM008894.1	t_pro_pnda_pndb	unknown	tblastn	0	2473645	2473493	152	0	0	0	5276151
733bt	Serratia_plymuthica_AS9_complete_genome	genome	-	NC_015567.1	t_pro_pnda_pndb	unknown	tblastn	0	4472415	4472263	152	0	0	0	5442880
1312bt	Serratia_plymuthica_RVH1_chromosome_whole_genome_shotgun_sequence	chromosome	-	NZ_ARWD01000001.1	t_pro_pnda_pndb	unknown	tblastn	0	4529191	4529039	152	0	0	0	5514320
1310bt	Serratia_marcescens_strain_12TM_chromosome_whole_genome_shotgun_sequence	chromosome	-	NZ_CM008894.1	t_pro_pnda_pndb	unknown	tblastn	0	4396800	4396648	152	0	0	0	5276151
1373bt	Serratia_sp_JKS000199_genome_assembly_chromosome_I	chromosome	-	NZ_LT907843.1	t_pro_pnda_pndb	unknown	tblastn	0	196068	195916	152	0	0	0	5124953
1345bt	Serratia_marcescens_strain_EL1_chromosome	chromosome	-	NZ_CP027796.1	t_pro_pnda_pndb	unknown	tblastn	0	4102817	4102665	152	0	0	0	5201791
1374bt	Serratia_marcescens_strain_AS1_genome	chromosome	+	NZ_CP010584.1	t_pro_pnda_pndb	unknown	tblastn	0	4986787	4986939	152	0	0	0	5506053
629bt	Serratia_marcescens_strain_UMH10_chromosome_complete_genome	genome	-	NZ_CP018928.1	t_pro_pnda_pndb	unknown	tblastn	0	231651	231499	152	0	0	0	5221713
587bt	Photorhabdus_asymbiotica_ATCC43949_complete_genome	genome	-	NC_012962.1	t_pro_pnda_pndb	unknown	tblastn	0	2142277	2142125	152	0	0	0	5064808
