18096bat	Enterobacteriaceae_bacterium_strain_FGI_57_complete_genome	genome	+	NC_020063.1	at_nt_ldr_rdl	unknown	blastn	0	1964823	1964891	68	0	0	0	4762179
18095bat	Enterobacteriaceae_bacterium_strain_FGI_57_complete_genome	genome	+	NC_020063.1	at_nt_ldr_rdl	unknown	blastn	0	1965912	1965980	68	0	0	0	4762179
14661bat	Escherichia_coli_55989_chromosome_complete_genome	genome	+	NC_011748.1	at_nt_ldr_rdl	unknown	blastn	0	4066745	4066812	67	0	0	0	5154862
14591bat	Escherichia_coli_strain_2013C_3264_chromosome_complete_genome	genome	+	NZ_CP027544.1	at_nt_ldr_rdl	unknown	blastn	0	2751956	2752022	66	0	0	0	5486407
14393bat	Escherichia_coli_IAI1_chromosome_complete_genome	genome	+	NC_011741.1	at_nt_ldr_rdl	unknown	blastn	0	3765623	3765690	67	0	0	0	4700560
11314bat	Escherichia_coli_O169_H41_strain_2014EL_1345_2_chromosome_complete_genome	genome	+	NZ_CP024223.1	at_nt_ldr_rdl	unknown	blastn	0	2015863	2015930	67	0	0	0	4943397
13173bat	Escherichia_coli_strain_SMN013SH2_chromosome_complete_genome	genome	-	NZ_CP023673.1	at_nt_ldr_rdl	unknown	blastn	0	215563	215496	67	0	0	0	5143533
18475bat	Escherichia_albertii_DNA_complete_genome_strain_CB9786	genome	+	NZ_AP014856.1	at_nt_ldr_rdl	unknown	blastn	0	3641253	3641320	67	0	0	0	4598983
18472bat	Escherichia_albertii_strain_2014C_4015_chromosome_complete_genome	genome	+	NZ_CP034166.1	at_nt_ldr_rdl	unknown	blastn	0	2290739	2290806	67	0	0	0	4623903
10009bat	Escherichia_albertii_strain_06_3542_chromosome_complete_genome	genome	-	NZ_CP034162.1	at_nt_ldr_rdl	unknown	blastn	0	3784894	3784826	68	0	0	0	4709095
24634bat	Escherichia_coli_strain_2013C_4282_chromosome_complete_genome	genome	-	NZ_CP027579.1	at_nt_ldr_rdl	unknown	blastn	0	3798800	3798733	67	0	0	0	5030044
10236bat	Escherichia_coli_0127_H6_E2348_69_complete_genome_strain_E2348_69	genome	+	NC_011601.1	at_nt_ldr_rdl	unknown	blastn	0	3946265	3946332	67	0	0	0	4965553
13338bat	Escherichia_coli_strain_FORC_082_chromosome_complete_genome	genome	-	NZ_CP026641.1	at_nt_ldr_rdl	unknown	blastn	0	201850	201784	66	0	0	0	4728307
12819bat	Escherichia_coli_strain_2014C_3338_chromosome_complete_genome	genome	-	NZ_CP027452.1	at_nt_ldr_rdl	unknown	blastn	0	2278030	2277964	66	0	0	0	4799014
10495bat	Escherichia_coli_O157_H16_strain_Santai_complete_genome	genome	+	NZ_CP007592.1	at_nt_ldr_rdl	unknown	blastn	0	4239277	4239344	67	0	0	0	5104557
11880bat	Escherichia_coli_536_complete_genome	genome	+	NC_008253.1	at_nt_ldr_rdl	unknown	blastn	0	3814515	3814582	67	0	0	0	4938920
11197bat	Escherichia_coli_BH100L_substr_MG2017_complete_genome	genome	+	NZ_CP025716.1	at_nt_ldr_rdl	unknown	blastn	0	3931151	3931218	67	0	0	0	5033214
17650bat	Escherichia_coli_JJ1886_complete_genome	genome	+	NC_022648.1	at_nt_ldr_rdl	unknown	blastn	0	4036638	4036705	67	0	0	0	5129938
17451bat	Escherichia_coli_strain_S65EC_chromosome_complete_genome	genome	+	NZ_CP036245.1	at_nt_ldr_rdl	unknown	blastn	0	3985728	3985794	66	0	0	0	5187769
10740bat	Escherichia_coli_IAI39_chromosome_complete_genome	genome	+	NC_011750.1	at_nt_ldr_rdl	unknown	blastn	0	4214312	4214379	67	0	0	0	5132068
13911bat	Escherichia_coli_'BL21_Gold(DE3)pLysS_AG'_complete_genome	genome	-	NC_012947.1	at_nt_ldr_rdl	unknown	blastn	0	211548	211481	67	0	0	0	4570938
11739bat	Escherichia_coli_DNA_complete_genome_strain_MRY15_117	genome	+	NZ_AP017617.1	at_nt_ldr_rdl	unknown	blastn	0	3975914	3975981	67	0	0	0	5117319
12035bat	Escherichia_coli_O178_H19_strain_2012C_4431_chromosome_complete_genome	genome	-	NZ_CP024289.1	at_nt_ldr_rdl	unknown	blastn	0	4141567	4141500	67	0	0	0	5074559
14688bat	Escherichia_coli_strain_05_3629_chromosome_complete_genome	genome	-	NZ_CP027373.1	at_nt_ldr_rdl	unknown	blastn	0	2287339	2287272	67	0	0	0	4904151
10844bat	Escherichia_coli_strain_WB61_chromosome_complete_genome	genome	+	NZ_CP020025.1	at_nt_ldr_rdl	unknown	blastn	0	4422754	4422821	67	0	0	0	4687045
11068bat	Escherichia_coli_strain_203740_chromosome_complete_genome	genome	+	NZ_CP025913.1	at_nt_ldr_rdl	unknown	blastn	0	982766	982833	67	0	0	0	4922099
10611bat	Escherichia_coli_strain_ST2747_complete_genome	genome	+	NZ_CP007394.1	at_nt_ldr_rdl	unknown	blastn	0	4528324	4528391	67	0	0	0	5090442
11178bat	Escherichia_coli_strain_C10_complete_genome	genome	+	NZ_CP010132.1	at_nt_ldr_rdl	unknown	blastn	0	625247	625314	67	0	0	0	5021692
10761bat	Escherichia_albertii_KF1_complete_genome	genome	-	NZ_CP007025.1	at_nt_ldr_rdl	unknown	blastn	0	2568298	2568231	67	0	0	0	4701875
10756bat	Escherichia_coli_strain_NCTC11133_genome_assembly_chromosome_1	genome	+	NZ_LR134340.1	at_nt_ldr_rdl	unknown	blastn	0	4196218	4196285	67	0	0	0	4450344
15983bat	Escherichia_coli_042_complete_genome	genome	+	NC_017626.1	at_nt_ldr_rdl	unknown	blastn	0	4079699	4079766	67	0	0	0	5241977
10235bat	Escherichia_coli_0127_H6_E2348_69_complete_genome_strain_E2348_69	genome	+	NC_011601.1	at_nt_ldr_rdl	unknown	blastn	0	3946748	3946815	67	0	0	0	4965553
10260bat	Escherichia_coli_strain_PAR_complete_genome	genome	+	NZ_CP012379.1	at_nt_ldr_rdl	unknown	blastn	0	3845858	3845926	68	0	0	0	4859743
23756bat	Escherichia_coli_strain_NCTC10444_genome_assembly_chromosome_1	genome	-	NZ_LR134092.1	at_nt_ldr_rdl	unknown	blastn	0	227091	227024	67	0	0	0	5295029
10010bat	Escherichia_coli_O157_H16_strain_Santai_complete_genome	genome	+	NZ_CP007592.1	at_nt_ldr_rdl	unknown	blastn	0	4238794	4238861	67	0	0	0	5104557
10598bat	Escherichia_coli_042_complete_genome	genome	+	NC_017626.1	at_nt_ldr_rdl	unknown	blastn	0	4080182	4080249	67	0	0	0	5241977
13600bat	Escherichia_coli_strain_88_3001_chromosome_complete_genome	genome	-	NZ_CP027363.1	at_nt_ldr_rdl	unknown	blastn	0	1992704	1992638	66	0	0	0	5195753
14064bat	Shigella_flexneri_strain_89_141_chromosome_complete_genome	genome	+	NZ_CP026803.1	at_nt_ldr_rdl	unknown	blastn	0	4241980	4242046	66	0	0	0	4481548
2638bat	Escherichia_coli_strain_104_chromosome_complete_genome	genome	-	NZ_CP029164.1	at_nt_ldr_rdl	unknown	blastn	0	1087739	1087672	67	0	0	0	4971313
14745bat	Escherichia_coli_042_complete_genome	genome	+	NC_017626.1	at_nt_ldr_rdl	unknown	blastn	0	4080665	4080732	67	0	0	0	5241977
11829bat	Shigella_boydii_strain_54_1621_chromosome_complete_genome	genome	-	NZ_CP026810.1	at_nt_ldr_rdl	unknown	blastn	0	4338931	4338865	66	0	0	0	4531304
12511bat	Escherichia_coli_strain_ABWA45_chromosome_complete_genome	genome	-	NZ_CP022154.1	at_nt_ldr_rdl	unknown	blastn	0	195950	195883	67	0	0	0	5094639
13016bat	Escherichia_coli_strain_Es_ST2350_SE1_NDM_03_2018_chromosome_complete_genome	genome	+	NZ_CP031321.1	at_nt_ldr_rdl	unknown	blastn	0	1705763	1705831	68	0	0	0	4733230
16780bat	Escherichia_coli_strain_510016_chromosome_complete_genome	genome	-	NZ_CP025851.1	at_nt_ldr_rdl	unknown	blastn	0	2104342	2104275	67	0	0	0	4885058
14280bat	Escherichia_coli_P12b_complete_genome	genome	+	NC_017663.1	at_nt_ldr_rdl	unknown	blastn	0	4001376	4001443	67	0	0	0	4935294
11837bat	Escherichia_coli_strain_2014C_3075_chromosome_complete_genome	genome	+	NZ_CP027447.1	at_nt_ldr_rdl	unknown	blastn	0	3242834	3242901	67	0	0	0	5168620
11558bat	Shigella_sonnei_strain_AUSMDU00008333_genome_assembly_chromosome_1	genome	-	NZ_LR213458.1	at_nt_ldr_rdl	unknown	blastn	0	229924	229856	68	0	0	0	4722057
12980bat	Shigella_sonnei_strain_FDAARGOS_524_chromosome_complete_genome	genome	+	NZ_CP034067.1	at_nt_ldr_rdl	unknown	blastn	0	1822809	1822876	67	0	0	0	4828074
11068bat	Escherichia_coli_strain_HKUOPY1_chromosome_complete_genome	genome	-	NZ_CP019961.1	at_nt_ldr_rdl	unknown	blastn	0	1979278	1979211	67	0	0	0	4774500
16378bat	Escherichia_coli_strain_2012C_4221_chromosome_complete_genome	genome	-	NZ_CP027437.1	at_nt_ldr_rdl	unknown	blastn	0	3271598	3271531	67	0	0	0	5012557
12783bat	Escherichia_coli_strain_E41_1_chromosome_complete_genome	genome	-	NZ_CP028483.1	at_nt_ldr_rdl	unknown	blastn	0	184729	184662	67	0	0	0	5022609
2655bat	Escherichia_albertii_strain_2013C_4143_chromosome_complete_genome	genome	+	NZ_CP030787.2	at_nt_ldr_rdl	unknown	blastn	0	4395530	4395597	67	0	0	0	4659709
12966bat	Shigella_boydii_strain_ATCC_49812_chromosome_complete_genome	genome	+	NZ_CP026836.1	at_nt_ldr_rdl	unknown	blastn	0	3527563	3527630	67	0	0	0	5106737
60473bt	Citrobacter_amalonaticus_Y19_complete_genome	genome	-	NZ_CP011132.1	t_nt_ldr_rdl	unknown	blastn	0	4161716	4161609	107	0	0	0	5584358
60474bt	Citrobacter_rodentium_ICC168_complete_genome	genome	+	NC_013716.1	t_nt_ldr_rdl	unknown	blastn	0	4505939	4506046	107	0	0	0	5346659
60410bt	Citrobacter_braakii_strain_FDAARGOS_253_chromosome_complete_genome	genome	+	NZ_CP020448.2	t_nt_ldr_rdl	unknown	blastn	0	3764306	3764413	107	0	0	0	5244290
60414bt	Citrobacter_braakii_strain_FDAARGOS_290_chromosome_complete_genome	genome	-	NZ_CP022049.2	t_nt_ldr_rdl	unknown	blastn	0	2499713	2499606	107	0	0	0	4834774
60412bt	Citrobacter_sp_LY_1_chromosome_complete_genome	genome	-	NZ_CP037864.1	t_nt_ldr_rdl	unknown	blastn	0	5000893	5000786	107	0	0	0	5211009
60418bt	Citrobacter_werkmanii_strain_BF_6_chromosome_complete_genome	genome	+	NZ_CP019986.1	t_nt_ldr_rdl	unknown	blastn	0	3961637	3961744	107	0	0	0	4929789
60419bt	Citrobacter_portucalensis_strain_P10159_complete_genome	genome	-	NZ_CP012554.1	t_nt_ldr_rdl	unknown	blastn	0	2583618	2583511	107	0	0	0	5080321
60415bt	Escherichia_coli_strain_NCTC11104_genome_assembly_chromosome_1	genome	+	NZ_LR134214.1	t_nt_ldr_rdl	unknown	blastn	0	199484	199591	107	0	0	0	4694654
60420bt	Citrobacter_freundii_complex_sp_CFNIH9_chromosome_complete_genome	genome	+	NZ_CP026238.1	t_nt_ldr_rdl	unknown	blastn	0	299297	299404	107	0	0	0	5016446
60421bt	Citrobacter_freundii_CFNIH1_complete_genome	genome	-	NZ_CP007557.1	t_nt_ldr_rdl	unknown	blastn	0	1083108	1083001	107	0	0	0	5099034
60416bt	Citrobacter_sp_CRE_46_strain_AR_0157_chromosome_complete_genome	genome	+	NZ_CP029727.1	t_nt_ldr_rdl	unknown	blastn	0	1103520	1103627	107	0	0	0	5262516
60424bt	Citrobacter_pasteurii_strain_UMH17_chromosome_complete_genome	genome	-	NZ_CP024676.1	t_nt_ldr_rdl	unknown	blastn	0	3693601	3693494	107	0	0	0	4654874
60447bt	Escherichia_albertii_DNA_complete_genome_strain_EC06_170	genome	-	NZ_AP014857.1	t_nt_ldr_rdl	unknown	blastn	0	3662895	3662788	107	0	0	0	4657167
60437bt	Escherichia_albertii_strain_05_3106_chromosome_complete_genome	genome	+	NZ_CP030778.2	t_nt_ldr_rdl	unknown	blastn	0	3084962	3085069	107	0	0	0	4719735
60432bt	Escherichia_albertii_KF1_complete_genome	genome	+	NZ_CP007025.1	t_nt_ldr_rdl	unknown	blastn	0	2568348	2568455	107	0	0	0	4701875
60435bt	Escherichia_albertii_strain_07_3866_chromosome_complete_genome	genome	-	NZ_CP030781.1	t_nt_ldr_rdl	unknown	blastn	0	3656770	3656663	107	0	0	0	4940006
60429bt	Escherichia_coli_strain_NCTC11133_genome_assembly_chromosome_1	genome	-	NZ_LR134340.1	t_nt_ldr_rdl	unknown	blastn	0	4195689	4195582	107	0	0	0	4450344
60429bt	Escherichia_coli_strain_NCTC11133_genome_assembly_chromosome_1	genome	-	NZ_LR134340.1	t_nt_ldr_rdl	unknown	blastn	0	4196169	4196062	107	0	0	0	4450344
107640bt	Escherichia_coli_strain_05_3629_chromosome_complete_genome	genome	+	NZ_CP027373.1	t_nt_ldr_rdl	unknown	blastn	0	2286905	2287012	107	0	0	0	4904151
266019bt	Escherichia_coli_strain_BR29_DEC_chromosome	chromosome	-	NZ_CP035339.1	t_nt_ldr_rdl	unknown	blastn	0	3950506	3950399	107	0	0	0	4807613
102126bt	Escherichia_coli_'BL21_Gold(DE3)pLysS_AG'_complete_genome	genome	+	NC_012947.1	t_nt_ldr_rdl	unknown	blastn	0	210631	210738	107	0	0	0	4570938
107729bt	Escherichia_coli_C_complete_genome	genome	-	NZ_CP020543.1	t_nt_ldr_rdl	unknown	blastn	0	326172	326065	107	0	0	0	4617024
107481bt	Escherichia_coli_strain_AR_0017_chromosome_complete_genome	genome	-	NZ_CP024886.1	t_nt_ldr_rdl	unknown	blastn	0	3183322	3183215	107	0	0	0	5036925
102140bt	Escherichia_coli_042_complete_genome	genome	-	NC_017626.1	t_nt_ldr_rdl	unknown	blastn	0	4079167	4079060	107	0	0	0	5241977
107199bt	Escherichia_coli_strain_WB61_chromosome_complete_genome	genome	-	NZ_CP020025.1	t_nt_ldr_rdl	unknown	blastn	0	4422705	4422598	107	0	0	0	4687045
104356bt	Escherichia_coli_IAI39_chromosome_complete_genome	genome	-	NC_011750.1	t_nt_ldr_rdl	unknown	blastn	0	4214263	4214156	107	0	0	0	5132068
266027bt	Escherichia_coli_strain_2016C_3936C1_chromosome_complete_genome	chromosome	+	NZ_CP018770.2	t_nt_ldr_rdl	unknown	blastn	0	5008055	5008162	107	0	0	0	5060620
102141bt	Escherichia_coli_042_complete_genome	genome	-	NC_017626.1	t_nt_ldr_rdl	unknown	blastn	0	4079650	4079543	107	0	0	0	5241977
103531bt	Escherichia_coli_strain_1428_chromosome_complete_genome	genome	+	NZ_CP023366.1	t_nt_ldr_rdl	unknown	blastn	0	269137	269244	107	0	0	0	4986712
102881bt	Escherichia_coli_55989_chromosome_complete_genome	genome	-	NC_011748.1	t_nt_ldr_rdl	unknown	blastn	0	4065248	4065141	107	0	0	0	5154862
101485bt	Escherichia_coli_SLK172_complete_genome	genome	+	NZ_CP017631.1	t_nt_ldr_rdl	unknown	blastn	0	191853	191960	107	0	0	0	5283836
100727bt	Escherichia_coli_strain_ST2747_complete_genome	genome	-	NZ_CP007394.1	t_nt_ldr_rdl	unknown	blastn	0	4527792	4527685	107	0	0	0	5090442
102128bt	Escherichia_coli_'BL21_Gold(DE3)pLysS_AG'_complete_genome	genome	+	NC_012947.1	t_nt_ldr_rdl	unknown	blastn	0	211114	211221	107	0	0	0	4570938
101445bt	Shigella_boydii_strain_54_1621_chromosome_complete_genome	genome	+	NZ_CP026810.1	t_nt_ldr_rdl	unknown	blastn	0	4338980	4339087	107	0	0	0	4531304
103347bt	Escherichia_coli_strain_AS19_RrmA_chromosome_complete_genome	genome	+	NZ_CP027430.1	t_nt_ldr_rdl	unknown	blastn	0	2490986	2491093	107	0	0	0	4607960
102127bt	Escherichia_coli_'BL21_Gold(DE3)pLysS_AG'_complete_genome	genome	+	NC_012947.1	t_nt_ldr_rdl	unknown	blastn	0	211597	211704	107	0	0	0	4570938
102676bt	Escherichia_coli_strain_214_4_chromosome_complete_genome	genome	+	NZ_CP025840.1	t_nt_ldr_rdl	unknown	blastn	0	1952445	1952552	107	0	0	0	5138709
108243bt	Escherichia_coli_strain_H1_complete_genome	genome	-	NZ_CP010160.1	t_nt_ldr_rdl	unknown	blastn	0	2189963	2189856	107	0	0	0	4818512
102879bt	Escherichia_coli_55989_chromosome_complete_genome	genome	-	NC_011748.1	t_nt_ldr_rdl	unknown	blastn	0	4065731	4065624	107	0	0	0	5154862
101444bt	Shigella_boydii_strain_54_1621_chromosome_complete_genome	genome	+	NZ_CP026810.1	t_nt_ldr_rdl	unknown	blastn	0	4339462	4339568	106	0	0	0	4531304
265933bt	Escherichia_coli_strain_BR03_DEC_chromosome	chromosome	+	NZ_CP035321.1	t_nt_ldr_rdl	unknown	blastn	0	1325723	1325830	107	0	0	0	5038603
102910bt	Shigella_flexneri_strain_SFL1520_chromosome_complete_genome	genome	-	NZ_CP032513.1	t_nt_ldr_rdl	unknown	blastn	0	3543197	3543090	107	0	0	0	4575536
103487bt	Escherichia_coli_strain_2014C_3011_chromosome_complete_genome	genome	+	NZ_CP027591.1	t_nt_ldr_rdl	unknown	blastn	0	64406	64513	107	0	0	0	5168350
265901bt	Escherichia_coli_strain_BR07_DEC_chromosome	chromosome	+	NZ_CP035322.1	t_nt_ldr_rdl	unknown	blastn	0	966310	966417	107	0	0	0	5052397
102882bt	Escherichia_coli_55989_chromosome_complete_genome	genome	-	NC_011748.1	t_nt_ldr_rdl	unknown	blastn	0	4066696	4066590	106	0	0	0	5154862
101258bt	Escherichia_coli_ACN001_complete_genome	genome	-	NZ_CP007442.1	t_nt_ldr_rdl	unknown	blastn	0	3876997	3876890	107	0	0	0	4936576
102133bt	Escherichia_coli_APEC_O2_211_chromosome_complete_genome	genome	+	NZ_CP006834.2	t_nt_ldr_rdl	unknown	blastn	0	185540	185647	107	0	0	0	5114241
104357bt	Escherichia_coli_IAI39_chromosome_complete_genome	genome	-	NC_011750.1	t_nt_ldr_rdl	unknown	blastn	0	4213296	4213189	107	0	0	0	5132068
111452bt	Escherichia_coli_O7_K1_str_CE10_complete_genome	genome	-	NC_017646.1	t_nt_ldr_rdl	unknown	blastn	0	4159713	4159607	106	0	0	0	5313531
107149bt	Escherichia_coli_ABU_83972_complete_genome	genome	-	NC_017631.1	t_nt_ldr_rdl	unknown	blastn	0	4043677	4043570	107	0	0	0	5131397
103547bt	Escherichia_coli_strain_103_chromosome_complete_genome	genome	+	NZ_CP020495.1	t_nt_ldr_rdl	unknown	blastn	0	215702	215809	107	0	0	0	5162123
104933bt	Escherichia_coli_strain_266917_2_chromosome_complete_genome	genome	-	NZ_CP026723.1	t_nt_ldr_rdl	unknown	blastn	0	2798445	2798338	107	0	0	0	5492922
107147bt	Escherichia_coli_APEC_IMT5155_complete_genome	genome	-	NZ_CP005930.1	t_nt_ldr_rdl	unknown	blastn	0	1836243	1836136	107	0	0	0	4929051
265990bt	Escherichia_coli_strain_BR43_DEC_chromosome	chromosome	+	NZ_CP035377.1	t_nt_ldr_rdl	unknown	blastn	0	531825	531932	107	0	0	0	5122458
102088bt	Escherichia_coli_0127_H6_E2348_69_complete_genome_strain_E2348_69	genome	-	NC_011601.1	t_nt_ldr_rdl	unknown	blastn	0	3946699	3946592	107	0	0	0	4965553
104023bt	Escherichia_coli_strain_CV839_15_chromosome_complete_genome	genome	+	NZ_CP024978.1	t_nt_ldr_rdl	unknown	blastn	0	2513678	2513785	107	0	0	0	4917635
102086bt	Escherichia_coli_O157_H16_strain_Santai_complete_genome	genome	-	NZ_CP007592.1	t_nt_ldr_rdl	unknown	blastn	0	4238262	4238155	107	0	0	0	5104557
103867bt	Escherichia_coli_strain_L725_chromosome_complete_genome	genome	+	NZ_CP036202.1	t_nt_ldr_rdl	unknown	blastn	0	1707281	1707388	107	0	0	0	4834354
41730bt	Escherichia_coli_O145_H28_str_RM12581_complete_genome	genome	-	NZ_CP007136.1	t_nt_ldr_rdl	unknown	blastn	0	4413814	4413707	107	0	0	0	5585611
102142bt	Escherichia_coli_042_complete_genome	genome	-	NC_017626.1	t_nt_ldr_rdl	unknown	blastn	0	4080616	4080509	107	0	0	0	5241977
103580bt	Escherichia_coli_strain_2012C_4502_chromosome_complete_genome	genome	-	NZ_CP027440.1	t_nt_ldr_rdl	unknown	blastn	0	2709137	2709030	107	0	0	0	4892666
100653bt	Escherichia_coli_O103_H2_str_12009_DNA_complete_genome	genome	-	NC_013353.1	t_nt_ldr_rdl	unknown	blastn	0	4367833	4367726	107	0	0	0	5449314
101421bt	Shigella_dysenteriae_strain_ATCC_12039_chromosome_complete_genome	genome	+	NZ_CP026831.1	t_nt_ldr_rdl	unknown	blastn	0	4356115	4356222	107	0	0	0	4880735
104251bt	Escherichia_coli_strain_14EC033_chromosome_complete_genome	genome	-	NZ_CP024147.1	t_nt_ldr_rdl	unknown	blastn	0	4495934	4495827	107	0	0	0	4639454
102906bt	Shigella_sonnei_strain_866_chromosome_complete_genome	genome	+	NZ_CP022672.1	t_nt_ldr_rdl	unknown	blastn	0	4812999	4813106	107	0	0	0	4849628
107096bt	Escherichia_coli_O178_H19_strain_2012C_4431_chromosome_complete_genome	genome	+	NZ_CP024289.1	t_nt_ldr_rdl	unknown	blastn	0	4142099	4142206	107	0	0	0	5074559
102909bt	Shigella_sonnei_strain_866_chromosome_complete_genome	genome	+	NZ_CP022672.1	t_nt_ldr_rdl	unknown	blastn	0	4812033	4812140	107	0	0	0	4849628
102005bt	Escherichia_coli_strain_104_chromosome_complete_genome	genome	+	NZ_CP029164.1	t_nt_ldr_rdl	unknown	blastn	0	1087305	1087412	107	0	0	0	4971313
265855bt	Escherichia_fergusonii_ECD227_chromosome_whole_genome_shotgun_sequence	chromosome	-	NZ_CM001142.1	t_nt_ldr_rdl	unknown	blastn	0	3602078	3601971	107	0	0	0	4509864
102135bt	Escherichia_coli_APEC_O1_complete_genome	genome	-	NC_008563.1	t_nt_ldr_rdl	unknown	blastn	0	3999982	3999875	107	0	0	0	5082025
1417bt	Escherichia_coli_strain_89_3506_isolate_89_3506_chromosome	chromosome	-	NZ_CP027520.1	t_nt_ldr_rdl	unknown	blastn	0	1923809	1923702	107	0	0	0	5178486
103544bt	Escherichia_coli_strain_1190_chromosome_complete_genome	genome	+	NZ_CP023386.1	t_nt_ldr_rdl	unknown	blastn	0	256680	256787	107	0	0	0	4900891
102381bt	Escherichia_coli_strain_NCTC10444_genome_assembly_chromosome_1	genome	+	NZ_LR134092.1	t_nt_ldr_rdl	unknown	blastn	0	227140	227247	107	0	0	0	5295029
60466bt	Escherichia_coli_O157_H7_strain_TR01_chromosome_complete_genome	genome	-	NZ_CP033605.1	t_nt_ldr_rdl	unknown	blastn	0	4542955	4542848	107	0	0	0	5569804
102143bt	Escherichia_coli_042_complete_genome	genome	-	NC_017626.1	t_nt_ldr_rdl	unknown	blastn	0	4080133	4080026	107	0	0	0	5241977
102796bt	Escherichia_coli_SE15_DNA_complete_genome	genome	-	NC_013654.1	t_nt_ldr_rdl	unknown	blastn	0	3655146	3655039	107	0	0	0	4717338
103193bt	Escherichia_coli_strain_FDAARGOS_144_chromosome_complete_genome	genome	-	NZ_CP014111.1	t_nt_ldr_rdl	unknown	blastn	0	3102394	3102287	107	0	0	0	4829687
121468bt	Citrobacter_braakii_strain_FDAARGOS_253_chromosome_complete_genome	genome	+	NZ_CP020448.2	t_pro_ldr_rdl	unknown	tblastn	0	3764306	3764410	104	0	0	0	5244290
121467bt	Citrobacter_freundii_strain_FDAARGOS_61_chromosome_complete_genome	genome	+	NZ_CP026045.1	t_pro_ldr_rdl	unknown	tblastn	0	1344789	1344893	104	0	0	0	5258481
121465bt	Citrobacter_braakii_strain_FDAARGOS_290_chromosome_complete_genome	genome	-	NZ_CP022049.2	t_pro_ldr_rdl	unknown	tblastn	0	2499713	2499609	104	0	0	0	4834774
121470bt	Citrobacter_sp_LY_1_chromosome_complete_genome	genome	-	NZ_CP037864.1	t_pro_ldr_rdl	unknown	tblastn	0	5000893	5000789	104	0	0	0	5211009
140153bt	Citrobacter_werkmanii_strain_BF_6_chromosome_complete_genome	genome	+	NZ_CP019986.1	t_pro_ldr_rdl	unknown	tblastn	0	3961637	3961741	104	0	0	0	4929789
121463bt	Citrobacter_freundii_complex_sp_CFNIH9_chromosome_complete_genome	genome	+	NZ_CP026238.1	t_pro_ldr_rdl	unknown	tblastn	0	299297	299401	104	0	0	0	5016446
121461bt	Escherichia_coli_strain_NCTC11104_genome_assembly_chromosome_1	genome	+	NZ_LR134214.1	t_pro_ldr_rdl	unknown	tblastn	0	199484	199588	104	0	0	0	4694654
121462bt	Citrobacter_portucalensis_strain_P10159_complete_genome	genome	-	NZ_CP012554.1	t_pro_ldr_rdl	unknown	tblastn	0	2583618	2583514	104	0	0	0	5080321
121469bt	Citrobacter_youngae_strain_L6_chromosome_complete_genome	genome	+	NZ_CP021963.1	t_pro_ldr_rdl	unknown	tblastn	0	202378	202482	104	0	0	0	4945156
131165bt	Citrobacter_freundii_CFNIH1_complete_genome	genome	-	NZ_CP007557.1	t_pro_ldr_rdl	unknown	tblastn	0	1083108	1083004	104	0	0	0	5099034
131166bt	Citrobacter_werkmanii_strain_UMH18_chromosome_complete_genome	genome	-	NZ_CP024675.1	t_pro_ldr_rdl	unknown	tblastn	0	4050917	4050813	104	0	0	0	5062051
121471bt	Citrobacter_sp_CRE_46_strain_AR_0157_chromosome_complete_genome	genome	+	NZ_CP029727.1	t_pro_ldr_rdl	unknown	tblastn	0	1103520	1103624	104	0	0	0	5262516
140143bt	Citrobacter_freundii_complex_sp_CFNIH4_chromosome_complete_genome	genome	-	NZ_CP026231.1	t_pro_ldr_rdl	unknown	tblastn	0	4151862	4151758	104	0	0	0	5079781
140141bt	Citrobacter_freundii_strain_18_1_chromosome_complete_genome	genome	+	NZ_CP022273.1	t_pro_ldr_rdl	unknown	tblastn	0	3392487	3392591	104	0	0	0	5215381
250541bt	Citrobacter_freundii_strain_NCTC9750_genome_assembly_chromosome_1	genome	+	NZ_LR134118.1	t_pro_ldr_rdl	unknown	tblastn	0	202517	202621	104	0	0	0	4960737
250540bt	Citrobacter_pasteurii_strain_UMH17_chromosome_complete_genome	genome	-	NZ_CP024676.1	t_pro_ldr_rdl	unknown	tblastn	0	3693601	3693497	104	0	0	0	4654874
125870bt	Escherichia_albertii_DNA_complete_genome_strain_CB9786	genome	-	NZ_AP014856.1	t_pro_ldr_rdl	unknown	tblastn	0	3641202	3641098	104	0	0	0	4598983
125869bt	Escherichia_albertii_DNA_complete_genome_strain_NIAH_Bird_3	genome	-	NZ_AP014855.1	t_pro_ldr_rdl	unknown	tblastn	0	3576082	3575978	104	0	0	0	4560575
121486bt	Escherichia_albertii_DNA_complete_genome_strain_EC06_170	genome	-	NZ_AP014857.1	t_pro_ldr_rdl	unknown	tblastn	0	3662895	3662791	104	0	0	0	4657167
138526bt	Escherichia_albertii_strain_07_3866_chromosome_complete_genome	genome	-	NZ_CP030781.1	t_pro_ldr_rdl	unknown	tblastn	0	3656770	3656666	104	0	0	0	4940006
121485bt	Escherichia_albertii_KF1_complete_genome	genome	+	NZ_CP007025.1	t_pro_ldr_rdl	unknown	tblastn	0	2568348	2568452	104	0	0	0	4701875
121483bt	Escherichia_albertii_strain_05_3106_chromosome_complete_genome	genome	+	NZ_CP030778.2	t_pro_ldr_rdl	unknown	tblastn	0	3084962	3085066	104	0	0	0	4719735
121993bt	Escherichia_albertii_strain_2014C_4015_chromosome_complete_genome	genome	-	NZ_CP034166.1	t_pro_ldr_rdl	unknown	tblastn	0	2290690	2290586	104	0	0	0	4623903
138534bt	Escherichia_albertii_strain_2013C_4143_chromosome_complete_genome	genome	-	NZ_CP030787.2	t_pro_ldr_rdl	unknown	tblastn	0	4395481	4395377	104	0	0	0	4659709
138523bt	Escherichia_coli_strain_NCTC11133_genome_assembly_chromosome_1	genome	-	NZ_LR134340.1	t_pro_ldr_rdl	unknown	tblastn	0	4195689	4195585	104	0	0	0	4450344
138524bt	Escherichia_coli_strain_NCTC11133_genome_assembly_chromosome_1	genome	-	NZ_LR134340.1	t_pro_ldr_rdl	unknown	tblastn	0	4196169	4196065	104	0	0	0	4450344
100054bt	Escherichia_coli_strain_05_3629_chromosome_complete_genome	genome	+	NZ_CP027373.1	t_pro_ldr_rdl	unknown	tblastn	0	2286905	2287009	104	0	0	0	4904151
42116bt	Escherichia_coli_strain_BR29_DEC_chromosome	chromosome	-	NZ_CP035339.1	t_pro_ldr_rdl	unknown	tblastn	0	3950506	3950402	104	0	0	0	4807613
101138bt	Escherichia_coli_'BL21_Gold(DE3)pLysS_AG'_complete_genome	genome	+	NC_012947.1	t_pro_ldr_rdl	unknown	tblastn	0	210631	210735	104	0	0	0	4570938
111241bt	Escherichia_coli_C_complete_genome	genome	-	NZ_CP020543.1	t_pro_ldr_rdl	unknown	tblastn	0	326172	326068	104	0	0	0	4617024
102660bt	Escherichia_coli_strain_AR_0017_chromosome_complete_genome	genome	-	NZ_CP024886.1	t_pro_ldr_rdl	unknown	tblastn	0	3183322	3183218	104	0	0	0	5036925
101260bt	Escherichia_coli_042_complete_genome	genome	-	NC_017626.1	t_pro_ldr_rdl	unknown	tblastn	0	4079167	4079063	104	0	0	0	5241977
138969bt	Escherichia_coli_strain_WB61_chromosome_complete_genome	genome	-	NZ_CP020025.1	t_pro_ldr_rdl	unknown	tblastn	0	4422705	4422601	104	0	0	0	4687045
138916bt	Escherichia_coli_IAI39_chromosome_complete_genome	genome	-	NC_011750.1	t_pro_ldr_rdl	unknown	tblastn	0	4214263	4214159	104	0	0	0	5132068
159178bt	Escherichia_coli_strain_2016C_3936C1_chromosome_complete_genome	chromosome	+	NZ_CP018770.2	t_pro_ldr_rdl	unknown	tblastn	0	5008055	5008159	104	0	0	0	5060620
140061bt	Escherichia_coli_042_complete_genome	genome	-	NC_017626.1	t_pro_ldr_rdl	unknown	tblastn	0	4079650	4079546	104	0	0	0	5241977
101247bt	Escherichia_coli_strain_1428_chromosome_complete_genome	genome	+	NZ_CP023366.1	t_pro_ldr_rdl	unknown	tblastn	0	269137	269241	104	0	0	0	4986712
139396bt	Escherichia_coli_55989_chromosome_complete_genome	genome	-	NC_011748.1	t_pro_ldr_rdl	unknown	tblastn	0	4065248	4065144	104	0	0	0	5154862
111247bt	Escherichia_coli_SLK172_complete_genome	genome	+	NZ_CP017631.1	t_pro_ldr_rdl	unknown	tblastn	0	191853	191957	104	0	0	0	5283836
102599bt	Escherichia_coli_O157_H7_strain_TR01_chromosome_complete_genome	genome	-	NZ_CP033605.1	t_pro_ldr_rdl	unknown	tblastn	0	4542955	4542851	104	0	0	0	5569804
138756bt	Escherichia_coli_APEC_O1_complete_genome	genome	-	NC_008563.1	t_pro_ldr_rdl	unknown	tblastn	0	3999982	3999878	104	0	0	0	5082025
42057bt	Escherichia_coli_strain_89_3506_isolate_89_3506_chromosome	chromosome	-	NZ_CP027520.1	t_pro_ldr_rdl	unknown	tblastn	0	1923809	1923705	104	0	0	0	5178486
100062bt	Escherichia_coli_strain_1190_chromosome_complete_genome	genome	+	NZ_CP023386.1	t_pro_ldr_rdl	unknown	tblastn	0	256680	256784	104	0	0	0	4900891
140063bt	Escherichia_coli_042_complete_genome	genome	-	NC_017626.1	t_pro_ldr_rdl	unknown	tblastn	0	4080133	4080029	104	0	0	0	5241977
101137bt	Escherichia_coli_'BL21_Gold(DE3)pLysS_AG'_complete_genome	genome	+	NC_012947.1	t_pro_ldr_rdl	unknown	tblastn	0	211114	211218	104	0	0	0	4570938
102416bt	Shigella_boydii_strain_54_1621_chromosome_complete_genome	genome	+	NZ_CP026810.1	t_pro_ldr_rdl	unknown	tblastn	0	4338980	4339084	104	0	0	0	4531304
100898bt	Escherichia_coli_strain_AS19_RrmA_chromosome_complete_genome	genome	+	NZ_CP027430.1	t_pro_ldr_rdl	unknown	tblastn	0	2490986	2491090	104	0	0	0	4607960
101139bt	Escherichia_coli_'BL21_Gold(DE3)pLysS_AG'_complete_genome	genome	+	NC_012947.1	t_pro_ldr_rdl	unknown	tblastn	0	211597	211701	104	0	0	0	4570938
149473bt	Escherichia_coli_55989_chromosome_complete_genome	genome	-	NC_011748.1	t_pro_ldr_rdl	unknown	tblastn	0	4066696	4066593	103	0	0	0	5154862
147331bt	Escherichia_coli_ACN001_complete_genome	genome	-	NZ_CP007442.1	t_pro_ldr_rdl	unknown	tblastn	0	3876997	3876893	104	0	0	0	4936576
100357bt	Escherichia_coli_strain_214_4_chromosome_complete_genome	genome	+	NZ_CP025840.1	t_pro_ldr_rdl	unknown	tblastn	0	1952445	1952549	104	0	0	0	5138709
111216bt	Escherichia_coli_strain_H1_complete_genome	genome	-	NZ_CP010160.1	t_pro_ldr_rdl	unknown	tblastn	0	2189963	2189859	104	0	0	0	4818512
139394bt	Escherichia_coli_55989_chromosome_complete_genome	genome	-	NC_011748.1	t_pro_ldr_rdl	unknown	tblastn	0	4065731	4065627	104	0	0	0	5154862
159308bt	Escherichia_coli_strain_BR03_DEC_chromosome	chromosome	+	NZ_CP035321.1	t_pro_ldr_rdl	unknown	tblastn	0	1325723	1325827	104	0	0	0	5038603
154945bt	Shigella_flexneri_strain_SFL1520_chromosome_complete_genome	genome	-	NZ_CP032513.1	t_pro_ldr_rdl	unknown	tblastn	0	3543197	3543093	104	0	0	0	4575536
100885bt	Escherichia_coli_strain_2014C_3011_chromosome_complete_genome	genome	+	NZ_CP027591.1	t_pro_ldr_rdl	unknown	tblastn	0	64406	64510	104	0	0	0	5168350
259907bt	Shigella_boydii_strain_54_1621_chromosome_complete_genome	genome	+	NZ_CP026810.1	t_pro_ldr_rdl	unknown	tblastn	0	4339462	4339565	103	0	0	0	4531304
159382bt	Escherichia_coli_strain_BR07_DEC_chromosome	chromosome	+	NZ_CP035322.1	t_pro_ldr_rdl	unknown	tblastn	0	966310	966414	104	0	0	0	5052397
100895bt	Escherichia_coli_strain_CV839_15_chromosome_complete_genome	genome	+	NZ_CP024978.1	t_pro_ldr_rdl	unknown	tblastn	0	2513678	2513782	104	0	0	0	4917635
138915bt	Escherichia_coli_IAI39_chromosome_complete_genome	genome	-	NC_011750.1	t_pro_ldr_rdl	unknown	tblastn	0	4213296	4213192	104	0	0	0	5132068
101281bt	Escherichia_coli_O7_K1_str_CE10_complete_genome	genome	-	NC_017646.1	t_pro_ldr_rdl	unknown	tblastn	0	4159714	4159610	104	0	0	0	5313531
138856bt	Escherichia_coli_ABU_83972_complete_genome	genome	-	NC_017631.1	t_pro_ldr_rdl	unknown	tblastn	0	4043677	4043573	104	0	0	0	5131397
100936bt	Escherichia_coli_APEC_O2_211_chromosome_complete_genome	genome	+	NZ_CP006834.2	t_pro_ldr_rdl	unknown	tblastn	0	185540	185644	104	0	0	0	5114241
138801bt	Escherichia_coli_APEC_IMT5155_complete_genome	genome	-	NZ_CP005930.1	t_pro_ldr_rdl	unknown	tblastn	0	1836243	1836139	104	0	0	0	4929051
159216bt	Escherichia_coli_strain_BR43_DEC_chromosome	chromosome	+	NZ_CP035377.1	t_pro_ldr_rdl	unknown	tblastn	0	531825	531929	104	0	0	0	5122458
139696bt	Escherichia_coli_0127_H6_E2348_69_complete_genome_strain_E2348_69	genome	-	NC_011601.1	t_pro_ldr_rdl	unknown	tblastn	0	3946699	3946595	104	0	0	0	4965553
100968bt	Escherichia_coli_strain_103_chromosome_complete_genome	genome	+	NZ_CP020495.1	t_pro_ldr_rdl	unknown	tblastn	0	215702	215806	104	0	0	0	5162123
138946bt	Escherichia_coli_strain_266917_2_chromosome_complete_genome	genome	-	NZ_CP026723.1	t_pro_ldr_rdl	unknown	tblastn	0	2798445	2798341	104	0	0	0	5492922
140060bt	Escherichia_coli_042_complete_genome	genome	-	NC_017626.1	t_pro_ldr_rdl	unknown	tblastn	0	4080616	4080512	104	0	0	0	5241977
138839bt	Escherichia_coli_strain_2012C_4502_chromosome_complete_genome	genome	-	NZ_CP027440.1	t_pro_ldr_rdl	unknown	tblastn	0	2709137	2709033	104	0	0	0	4892666
139793bt	Escherichia_coli_O103_H2_str_12009_DNA_complete_genome	genome	-	NC_013353.1	t_pro_ldr_rdl	unknown	tblastn	0	4367833	4367729	104	0	0	0	5449314
100924bt	Shigella_dysenteriae_strain_ATCC_12039_chromosome_complete_genome	genome	+	NZ_CP026831.1	t_pro_ldr_rdl	unknown	tblastn	0	4356115	4356219	104	0	0	0	4880735
100406bt	Escherichia_coli_O178_H19_strain_2012C_4431_chromosome_complete_genome	genome	+	NZ_CP024289.1	t_pro_ldr_rdl	unknown	tblastn	0	4142099	4142203	104	0	0	0	5074559
100150bt	Escherichia_coli_strain_NCTC10444_genome_assembly_chromosome_1	genome	+	NZ_LR134092.1	t_pro_ldr_rdl	unknown	tblastn	0	227140	227244	104	0	0	0	5295029
150374bt	Escherichia_coli_strain_14EC033_chromosome_complete_genome	genome	-	NZ_CP024147.1	t_pro_ldr_rdl	unknown	tblastn	0	4495934	4495830	104	0	0	0	4639454
101099bt	Shigella_sonnei_strain_866_chromosome_complete_genome	genome	+	NZ_CP022672.1	t_pro_ldr_rdl	unknown	tblastn	0	4812999	4813103	104	0	0	0	4849628
101098bt	Shigella_sonnei_strain_866_chromosome_complete_genome	genome	+	NZ_CP022672.1	t_pro_ldr_rdl	unknown	tblastn	0	4812033	4812137	104	0	0	0	4849628
139768bt	Escherichia_coli_O157_H16_strain_Santai_complete_genome	genome	-	NZ_CP007592.1	t_pro_ldr_rdl	unknown	tblastn	0	4238262	4238158	104	0	0	0	5104557
100077bt	Escherichia_coli_strain_L725_chromosome_complete_genome	genome	+	NZ_CP036202.1	t_pro_ldr_rdl	unknown	tblastn	0	1707281	1707385	104	0	0	0	4834354
138408bt	Escherichia_coli_O145_H28_str_RM12581_complete_genome	genome	-	NZ_CP007136.1	t_pro_ldr_rdl	unknown	tblastn	0	4413814	4413710	104	0	0	0	5585611
100914bt	Escherichia_coli_strain_104_chromosome_complete_genome	genome	+	NZ_CP029164.1	t_pro_ldr_rdl	unknown	tblastn	0	1087305	1087409	104	0	0	0	4971313
42336bt	Escherichia_fergusonii_ECD227_chromosome_whole_genome_shotgun_sequence	chromosome	-	NZ_CM001142.1	t_pro_ldr_rdl	unknown	tblastn	0	3602078	3601974	104	0	0	0	4509864
101283bt	Escherichia_coli_strain_ST2747_complete_genome	genome	-	NZ_CP007394.1	t_pro_ldr_rdl	unknown	tblastn	0	4527792	4527688	104	0	0	0	5090442
150253bt	Escherichia_coli_SE15_DNA_complete_genome	genome	-	NC_013654.1	t_pro_ldr_rdl	unknown	tblastn	0	3655146	3655042	104	0	0	0	4717338
149301bt	Escherichia_coli_strain_FDAARGOS_144_chromosome_complete_genome	genome	-	NZ_CP014111.1	t_pro_ldr_rdl	unknown	tblastn	0	3102394	3102290	104	0	0	0	4829687
252702bt	Salmonella_enterica_subsp_arizonae_serovar_62_z36__str_RKS2983_complete_genome	genome	+	NZ_CP006693.1	t_pro_ldr_rdl	unknown	tblastn	0	3890889	3890993	104	0	0	0	4574846
252699bt	Salmonella_enterica_subsp_arizonae_serovar_62_z4_z23___complete_genome	genome	+	NC_010067.1	t_pro_ldr_rdl	unknown	tblastn	0	3940185	3940289	104	0	0	0	4600800
58964bt	Salmonella_enterica_strain_201001922_chromosome	chromosome	-	NZ_CP028357.1	t_pro_ldr_rdl	unknown	tblastn	0	4655860	4655756	104	0	0	0	4858671
254217bt	Salmonella_enterica_strain_CFSAN045763_chromosome_complete_genome	genome	+	NZ_CP029038.1	t_pro_ldr_rdl	unknown	tblastn	0	233290	233394	104	0	0	0	4766139
252701bt	Salmonella_enterica_subsp_enterica_strain_SA20100345_chromosome_complete_genome	genome	+	NZ_CP022504.1	t_pro_ldr_rdl	unknown	tblastn	0	2610486	2610590	104	0	0	0	4586333
254271bt	Salmonella_enterica_strain_CFSAN045764_chromosome_complete_genome	genome	+	NZ_CP029039.1	t_pro_ldr_rdl	unknown	tblastn	0	221001	221105	104	0	0	0	4694399
254151bt	Salmonella_enterica_strain_NCTC10436_genome_assembly_chromosome_1	genome	+	NZ_LS483428.1	t_pro_ldr_rdl	unknown	tblastn	0	226689	226793	104	0	0	0	4787620
254033bt	Salmonella_enterica_strain_SA20100201_chromosome_complete_genome	genome	+	NZ_CP030180.1	t_pro_ldr_rdl	unknown	tblastn	0	211105	211209	104	0	0	0	5195044
252697bt	Salmonella_enterica_strain_SA20055162_chromosome_complete_genome	genome	+	NZ_CP030238.1	t_pro_ldr_rdl	unknown	tblastn	0	203070	203174	104	0	0	0	4640729
252666bt	Salmonella_enterica_strain_SA20080453_chromosome_complete_genome	genome	+	NZ_CP030194.1	t_pro_ldr_rdl	unknown	tblastn	0	198664	198768	104	0	0	0	4651373
254329bt	Salmonella_enterica_subsp_salamae_strain_NCTC9930_genome_assembly_chromosome_1	genome	+	NZ_LS483456.1	t_pro_ldr_rdl	unknown	tblastn	0	234980	235084	104	0	0	0	5118272
254029bt	Salmonella_enterica_subsp_salamae_serovar_55_k_z39_str_1315K_chromosome_complete_genome	genome	+	NZ_CP022139.1	t_pro_ldr_rdl	unknown	tblastn	0	211529	211633	104	0	0	0	4859044
136414bt	Enterobacter_lignolyticus_SCF1_complete_genome	genome	-	NC_014618.1	t_pro_ldr_rdl	unknown	tblastn	0	187828	187724	104	0	0	0	4814049
136415bt	[Enterobacter]_lignolyticus_strain_G5_chromosome_complete_genome	genome	+	NZ_CP012871.1	t_pro_ldr_rdl	unknown	tblastn	0	4423880	4423984	104	0	0	0	4702949
113775bt	Enterobacter_aerogenes_EA1509E_complete_genome	genome	+	NC_020181.1	t_pro_ldr_rdl	unknown	tblastn	0	4172757	4172861	104	0	0	0	5419609
113797bt	Klebsiella_aerogenes_strain_AR_0007_chromosome_complete_genome	genome	-	NZ_CP024883.1	t_pro_ldr_rdl	unknown	tblastn	0	1102986	1102882	104	0	0	0	5118619
113793bt	Enterobacter_aerogenes_KCTC_2190_chromosome_complete_genome	genome	-	NC_015663.1	t_pro_ldr_rdl	unknown	tblastn	0	1235418	1235314	104	0	0	0	5280350
113788bt	Klebsiella_aerogenes_strain_CAV1320_chromosome_complete_genome	genome	+	NZ_CP011574.1	t_pro_ldr_rdl	unknown	tblastn	0	3538054	3538158	104	0	0	0	5124987
113798bt	Klebsiella_aerogenes_strain_AR_0161_chromosome_complete_genome	genome	+	NZ_CP028951.1	t_pro_ldr_rdl	unknown	tblastn	0	1281269	1281373	104	0	0	0	5086051
113795bt	Klebsiella_aerogenes_strain_FDAARGOS_363_chromosome_complete_genome	genome	-	NZ_CP023963.1	t_pro_ldr_rdl	unknown	tblastn	0	5104453	5104349	104	0	0	0	5245455
113774bt	Enterobacter_aerogenes_EA1509E_complete_genome	genome	+	NC_020181.1	t_pro_ldr_rdl	unknown	tblastn	0	4173237	4173341	104	0	0	0	5419609
113714bt	Klebsiella_michiganensis_E718_complete_sequence	genome	-	NC_018106.1	t_pro_ldr_rdl	unknown	tblastn	0	5787308	5787204	104	0	0	0	6097032
113728bt	Klebsiella_oxytoca_strain_CAV1374_complete_genome	genome	+	NZ_CP011636.1	t_pro_ldr_rdl	unknown	tblastn	0	685482	685586	104	0	0	0	6257473
113715bt	Klebsiella_michiganensis_E718_complete_sequence	genome	-	NC_018106.1	t_pro_ldr_rdl	unknown	tblastn	0	5787784	5787680	104	0	0	0	6097032
113713bt	Klebsiella_michiganensis_E718_complete_sequence	genome	-	NC_018106.1	t_pro_ldr_rdl	unknown	tblastn	0	5786830	5786726	104	0	0	0	6097032
113720bt	Klebsiella_oxytoca_strain_AR_0028_chromosome_complete_genome	genome	+	NZ_CP026715.1	t_pro_ldr_rdl	unknown	tblastn	0	5129192	5129296	104	0	0	0	5883411
113750bt	Klebsiella_michiganensis_strain_M82255_chromosome_complete_genome	genome	-	NZ_CP035214.1	t_pro_ldr_rdl	unknown	tblastn	0	2652795	2652691	104	0	0	0	5914592
113749bt	Klebsiella_michiganensis_strain_M82255_chromosome_complete_genome	genome	-	NZ_CP035214.1	t_pro_ldr_rdl	unknown	tblastn	0	2653272	2653168	104	0	0	0	5914592
113754bt	Klebsiella_oxytoca_DNA_complete_genome_strain_JKo3	genome	-	NZ_AP014951.1	t_pro_ldr_rdl	unknown	tblastn	0	5601508	5601404	104	0	0	0	5944658
113753bt	Klebsiella_sp_FDAARGOS_511_chromosome_complete_genome	genome	+	NZ_CP033824.1	t_pro_ldr_rdl	unknown	tblastn	0	3202805	3202909	104	0	0	0	6089457
113752bt	Klebsiella_sp_M5al_chromosome_complete_genome	genome	-	NZ_CP020657.1	t_pro_ldr_rdl	unknown	tblastn	0	5560633	5560529	104	0	0	0	5800138
113751bt	Klebsiella_sp_M5al_chromosome_complete_genome	genome	-	NZ_CP020657.1	t_pro_ldr_rdl	unknown	tblastn	0	5561110	5561006	104	0	0	0	5800138
113762bt	Klebsiella_oxytoca_strain_AR380_chromosome_complete_genome	genome	+	NZ_CP029128.1	t_pro_ldr_rdl	unknown	tblastn	0	3387952	3388056	104	0	0	0	5925399
113760bt	Klebsiella_oxytoca_strain_CAV1015_chromosome_complete_genome	genome	-	NZ_CP017928.1	t_pro_ldr_rdl	unknown	tblastn	0	4245280	4245176	104	0	0	0	6155924
122766bt	Klebsiella_oxytoca_strain_NCTC11356_genome_assembly_chromosome_1	genome	+	NZ_LR133932.1	t_pro_ldr_rdl	unknown	tblastn	0	245404	245508	104	0	0	0	5856891
113761bt	Klebsiella_oxytoca_strain_AR380_chromosome_complete_genome	genome	+	NZ_CP029128.1	t_pro_ldr_rdl	unknown	tblastn	0	3388429	3388533	104	0	0	0	5925399
113770bt	Klebsiella_oxytoca_strain_NCTC13727_genome_assembly_chromosome_1	genome	+	NZ_LR134333.1	t_pro_ldr_rdl	unknown	tblastn	0	567951	568055	104	0	0	0	5857964
113769bt	Klebsiella_oxytoca_strain_FDAARGOS_335_chromosome_complete_genome	genome	-	NZ_CP027426.1	t_pro_ldr_rdl	unknown	tblastn	0	1000264	1000160	104	0	0	0	5853942
113745bt	Klebsiella_sp_WCHKl090001_chromosome_complete_genome	genome	+	NZ_CP036175.1	t_pro_ldr_rdl	unknown	tblastn	0	297580	297684	104	0	0	0	6183608
252163bt	Citrobacter_pasteurii_strain_UMH17_chromosome_complete_genome	genome	+	NZ_CP024676.1	t_pro_ldr_rdl	unknown	tblastn	0	396840	396944	104	0	0	0	4654874
252164bt	Citrobacter_sp_FDAARGOS_156_strain_FDAARGOS_155_chromosome_complete_genome	genome	+	NZ_CP014030.2	t_pro_ldr_rdl	unknown	tblastn	0	1459066	1459170	104	0	0	0	4727498
58556bt	Salmonella_enterica_strain_201001922_chromosome	chromosome	+	NZ_CP028357.1	t_pro_ldr_rdl	unknown	tblastn	0	943056	943160	104	0	0	0	4858671
58558bt	Salmonella_enterica_strain_SA20041606_chromosome	chromosome	-	NZ_CP030236.1	t_pro_ldr_rdl	unknown	tblastn	0	1206493	1206389	104	0	0	0	4524637
255169bt	Salmonella_enterica_strain_ATCC_8400_chromosome_complete_genome	genome	-	NZ_CP034233.1	t_pro_ldr_rdl	unknown	tblastn	0	2757616	2757512	104	0	0	0	4818442
252188bt	Salmonella_enterica_subsp_enterica_serovar_Ouakam_str_SA20034636_chromosome_complete_genome	genome	-	NZ_CP022116.1	t_pro_ldr_rdl	unknown	tblastn	0	3530125	3530021	104	0	0	0	4874915
252374bt	Salmonella_enterica_subsp_enterica_serovar_Waycross_strain_RSE24_chromosome_complete_genome	genome	-	NZ_CP034707.1	t_pro_ldr_rdl	unknown	tblastn	0	3377660	3377556	104	0	0	0	4650096
252237bt	Salmonella_enterica_strain_ATCC_8387_chromosome_complete_genome	genome	-	NZ_CP034232.1	t_pro_ldr_rdl	unknown	tblastn	0	3464593	3464489	104	0	0	0	4759051
252404bt	Salmonella_enterica_strain_CFSAN051295_chromosome_complete_genome	genome	-	NZ_CP029041.1	t_pro_ldr_rdl	unknown	tblastn	0	3547629	3547525	104	0	0	0	4914635
255669bt	Salmonella_enterica_subsp_enterica_serovar_Havana_strain_NCTC6086_genome_assembly_chromosome_1	genome	-	NZ_LR134187.1	t_pro_ldr_rdl	unknown	tblastn	0	1649171	1649067	104	0	0	0	4708696
252406bt	Salmonella_enterica_subsp_enterica_serovar_Kentucky_str_SA20030505_chromosome_complete_genome	genome	+	NZ_CP022500.1	t_pro_ldr_rdl	unknown	tblastn	0	4323148	4323252	104	0	0	0	4782363
197391bt	Enterobacteriaceae_bacterium_strain_FGI_57_complete_genome	genome	-	NC_020063.1	t_pro_ldr_rdl	unknown	tblastn	0	1964776	1964672	104	0	0	0	4762179
197390bt	Enterobacteriaceae_bacterium_strain_FGI_57_complete_genome	genome	-	NC_020063.1	t_pro_ldr_rdl	unknown	tblastn	0	1965865	1965761	104	0	0	0	4762179
117469bt	Escherichia_coli_'BL21_Gold(DE3)pLysS_AG'_complete_genome	genome	+	NC_012947.1	t_pro_ldr_rdl	unknown	tblastn	0	2523894	2523998	104	0	0	0	4570938
157059bt	Escherichia_coli_ECC_1470_complete_genome	genome	-	NZ_CP010344.1	t_pro_ldr_rdl	unknown	tblastn	0	1323538	1323434	104	0	0	0	4803751
113996bt	Escherichia_coli_O128_H27_strain_90_9281_chromosome_complete_genome	genome	+	NZ_CP024243.1	t_pro_ldr_rdl	unknown	tblastn	0	4974192	4974296	104	0	0	0	4978613
140113bt	Escherichia_coli_strain_14EC047_chromosome_complete_genome	genome	-	NZ_CP024155.1	t_pro_ldr_rdl	unknown	tblastn	0	2150407	2150303	104	0	0	0	5060393
156476bt	Escherichia_coli_strain_AR_0085_chromosome_complete_genome	genome	-	NZ_CP029741.1	t_pro_ldr_rdl	unknown	tblastn	0	4603590	4603486	104	0	0	0	5213052
139629bt	Escherichia_coli_O114_H49_strain_90_9280_chromosome_complete_genome	genome	-	NZ_CP024240.1	t_pro_ldr_rdl	unknown	tblastn	0	252593	252489	104	0	0	0	4966338
113896bt	Escherichia_coli_strain_2014C_3011_chromosome_complete_genome	genome	+	NZ_CP027591.1	t_pro_ldr_rdl	unknown	tblastn	0	2751689	2751793	104	0	0	0	5168350
162919bt	Shigella_flexneri_5a_str_M90T_chromosome_whole_genome_shotgun_sequence	chromosome	-	NZ_CM001474.1	t_pro_ldr_rdl	unknown	tblastn	0	1282599	1282495	104	0	0	0	4580866
139647bt	Escherichia_coli_B7A_complete_genome	genome	-	NZ_CP005998.1	t_pro_ldr_rdl	unknown	tblastn	0	408481	408377	104	0	0	0	4944397
156802bt	Escherichia_coli_strain_S30_complete_genome	genome	-	NZ_CP010231.1	t_pro_ldr_rdl	unknown	tblastn	0	566422	566318	104	0	0	0	4664102
116193bt	Escherichia_coli_strain_BE2_5_chromosome_complete_genome	genome	+	NZ_CP032986.1	t_pro_ldr_rdl	unknown	tblastn	0	2627260	2627364	104	0	0	0	4677021
114970bt	Escherichia_coli_strain_S1_complete_genome	genome	+	NZ_CP010226.1	t_pro_ldr_rdl	unknown	tblastn	0	2224016	2224120	104	0	0	0	4702107
117470bt	Escherichia_coli_'BL21_Gold(DE3)pLysS_AG'_complete_genome	genome	+	NC_012947.1	t_pro_ldr_rdl	unknown	tblastn	0	2524429	2524533	104	0	0	0	4570938
117415bt	Escherichia_coli_strain_NCTC10973_genome_assembly_chromosome_1	genome	+	NZ_LR134216.1	t_pro_ldr_rdl	unknown	tblastn	0	2616229	2616333	104	0	0	0	4647667
114330bt	Escherichia_coli_strain_DSM_103246_chromosome_complete_genome	genome	+	NZ_CP019944.1	t_pro_ldr_rdl	unknown	tblastn	0	2929322	2929426	104	0	0	0	5445834
117137bt	Escherichia_coli_ETEC_H10407_complete_genome	genome	-	NC_017633.1	t_pro_ldr_rdl	unknown	tblastn	0	1408913	1408809	104	0	0	0	5153435
117341bt	Escherichia_coli_strain_D2_complete_genome	genome	+	NZ_CP010137.1	t_pro_ldr_rdl	unknown	tblastn	0	2849841	2849945	104	0	0	0	4765647
118777bt	Escherichia_coli_0127_H6_E2348_69_complete_genome_strain_E2348_69	genome	-	NC_011601.1	t_pro_ldr_rdl	unknown	tblastn	0	1378301	1378197	104	0	0	0	4965553
114751bt	Escherichia_coli_strain_ACN002_complete_genome	genome	+	NZ_CP007491.1	t_pro_ldr_rdl	unknown	tblastn	0	1872341	1872445	104	0	0	0	4879931
114483bt	Escherichia_coli_strain_NCTC11023_genome_assembly_chromosome_1	genome	+	NZ_LS483297.1	t_pro_ldr_rdl	unknown	tblastn	0	2692471	2692575	104	0	0	0	4705041
159477bt	Escherichia_coli_M12_chromosome	chromosome	+	NZ_CP023644.1	t_pro_ldr_rdl	unknown	tblastn	0	1358293	1358397	104	0	0	0	4984145
42062bt	Escherichia_coli_strain_89_3506_isolate_89_3506_chromosome	chromosome	-	NZ_CP027520.1	t_pro_ldr_rdl	unknown	tblastn	0	4413382	4413278	104	0	0	0	5178486
116274bt	Escherichia_coli_strain_1428_chromosome_complete_genome	genome	+	NZ_CP023366.1	t_pro_ldr_rdl	unknown	tblastn	0	2804839	2804943	104	0	0	0	4986712
116287bt	Shigella_dysenteriae_strain_ATCC_12039_chromosome_complete_genome	genome	-	NZ_CP026831.1	t_pro_ldr_rdl	unknown	tblastn	0	1802360	1802256	104	0	0	0	4880735
116250bt	Escherichia_coli_O7_K1_str_CE10_complete_genome	genome	-	NC_017646.1	t_pro_ldr_rdl	unknown	tblastn	0	1409890	1409786	104	0	0	0	5313531
116863bt	Escherichia_coli_strain_1190_chromosome_complete_genome	genome	+	NZ_CP023386.1	t_pro_ldr_rdl	unknown	tblastn	0	2753732	2753836	104	0	0	0	4900891
116383bt	Escherichia_coli_strain_144_chromosome_complete_genome	genome	+	NZ_CP023364.1	t_pro_ldr_rdl	unknown	tblastn	0	2917266	2917370	104	0	0	0	5134443
120203bt	Escherichia_coli_strain_2014C_3075_chromosome_complete_genome	genome	-	NZ_CP027447.1	t_pro_ldr_rdl	unknown	tblastn	0	515642	515538	104	0	0	0	5168620
116261bt	Escherichia_coli_IAI39_chromosome_complete_genome	genome	-	NC_011750.1	t_pro_ldr_rdl	unknown	tblastn	0	1620830	1620726	104	0	0	0	5132068
118768bt	Escherichia_coli_O145_H28_str_RM12581_complete_genome	genome	-	NZ_CP007136.1	t_pro_ldr_rdl	unknown	tblastn	0	1549817	1549713	104	0	0	0	5585611
116719bt	Escherichia_coli_strain_ME8067_chromosome_complete_genome	genome	-	NZ_CP028703.1	t_pro_ldr_rdl	unknown	tblastn	0	2127884	2127780	104	0	0	0	4614635
137758bt	Escherichia_coli_O145_H28_str_RM12761_complete_genome	genome	-	NZ_CP007133.1	t_pro_ldr_rdl	unknown	tblastn	0	1528616	1528512	104	0	0	0	5402281
116262bt	Escherichia_coli_APEC_O2_211_chromosome_complete_genome	genome	-	NZ_CP006834.2	t_pro_ldr_rdl	unknown	tblastn	0	2341389	2341285	104	0	0	0	5114241
116878bt	Escherichia_coli_JJ1886_complete_genome	genome	-	NC_022648.1	t_pro_ldr_rdl	unknown	tblastn	0	1387535	1387431	104	0	0	0	5129938
116284bt	Escherichia_coli_042_complete_genome	genome	-	NC_017626.1	t_pro_ldr_rdl	unknown	tblastn	0	1354602	1354498	104	0	0	0	5241977
113978bt	Escherichia_coli_strain_NCTC11129_genome_assembly_chromosome_1	genome	+	NZ_LR134222.1	t_pro_ldr_rdl	unknown	tblastn	0	2717853	2717957	104	0	0	0	5008027
113900bt	Escherichia_coli_55989_chromosome_complete_genome	genome	-	NC_011748.1	t_pro_ldr_rdl	unknown	tblastn	0	1365109	1365005	104	0	0	0	5154862
156171bt	Escherichia_coli_strain_H15_complete_genome	genome	-	NZ_CP010178.1	t_pro_ldr_rdl	unknown	tblastn	0	1019982	1019878	104	0	0	0	4741552
114379bt	Escherichia_coli_O104_H4_str_2009EL_2050_complete_genome	genome	+	NC_018650.1	t_pro_ldr_rdl	unknown	tblastn	0	2974654	2974758	104	0	0	0	5253138
114623bt	Shigella_boydii_strain_59_248_chromosome_complete_genome	genome	+	NZ_CP026766.1	t_pro_ldr_rdl	unknown	tblastn	0	508558	508662	104	0	0	0	4678058
114641bt	Shigella_dysenteriae_strain_ATCC_9752_chromosome_complete_genome	genome	+	NZ_CP026839.1	t_pro_ldr_rdl	unknown	tblastn	0	2551719	2551823	104	0	0	0	4273636
156186bt	Escherichia_coli_strain_Es_ST2350_SE1_NDM_03_2018_chromosome_complete_genome	genome	-	NZ_CP031321.1	t_pro_ldr_rdl	unknown	tblastn	0	3978989	3978885	104	0	0	0	4733230
117471bt	Escherichia_coli_'BL21_Gold(DE3)pLysS_AG'_complete_genome	genome	+	NC_012947.1	t_pro_ldr_rdl	unknown	tblastn	0	2524964	2525068	104	0	0	0	4570938
117450bt	Escherichia_coli_strain_D72_chromosome_complete_genome	genome	+	NZ_CP035312.1	t_pro_ldr_rdl	unknown	tblastn	0	2599969	2600073	104	0	0	0	4593539
256169bt	Escherichia_coli_strain_2015C_4136CT1_chromosome_complete_genome	genome	-	NZ_CP027550.1	t_pro_ldr_rdl	unknown	tblastn	0	748188	748084	104	0	0	0	4836918
147277bt	Escherichia_coli_536_complete_genome	genome	-	NC_008253.1	t_pro_ldr_rdl	unknown	tblastn	0	1292312	1292208	104	0	0	0	4938920
156652bt	Escherichia_coli_strain_D5_complete_genome	genome	-	NZ_CP010145.1	t_pro_ldr_rdl	unknown	tblastn	0	556382	556278	104	0	0	0	4817460
114066bt	Escherichia_coli_strain_C2_complete_genome	genome	+	NZ_CP010117.1	t_pro_ldr_rdl	unknown	tblastn	0	1490407	1490511	104	0	0	0	4809836
114134bt	Escherichia_coli_strain_S40_complete_genome	genome	+	NZ_CP010235.1	t_pro_ldr_rdl	unknown	tblastn	0	2878287	2878391	104	0	0	0	5399183
114633bt	Shigella_dysenteriae_strain_CFSAN010956_chromosome_complete_genome	genome	+	NZ_CP026827.1	t_pro_ldr_rdl	unknown	tblastn	0	1766445	1766549	104	0	0	0	4558619
114664bt	Shigella_dysenteriae_Sd197_chromosome_complete_genome	genome	-	NC_007606.1	t_pro_ldr_rdl	unknown	tblastn	0	1171365	1171261	104	0	0	0	4369232
159010bt	Escherichia_coli_E2855_DNA_complete_genome	genome	-	NZ_AP018796.1	t_pro_ldr_rdl	unknown	tblastn	0	1543808	1543704	104	0	0	0	5470440
113811bt	Escherichia_coli_strain_CFSAN029787_complete_genome	genome	+	NZ_CP011416.1	t_pro_ldr_rdl	unknown	tblastn	0	4869674	4869778	104	0	0	0	4947515
114895bt	Escherichia_coli_strain_AMA1167_chromosome_complete_genome	genome	+	NZ_CP024801.1	t_pro_ldr_rdl	unknown	tblastn	0	2640806	2640910	104	0	0	0	4767526
114407bt	Escherichia_coli_strain_14EC007_chromosome_complete_genome	genome	+	NZ_CP024131.1	t_pro_ldr_rdl	unknown	tblastn	0	2797008	2797112	104	0	0	0	5084741
122037bt	Escherichia_coli_strain_CFSAN018748_chromosome_complete_genome	genome	+	NZ_CP028192.1	t_pro_ldr_rdl	unknown	tblastn	0	3325322	3325426	104	0	0	0	5071057
146545bt	Escherichia_coli_strain_08_00022_complete_genome	genome	-	NZ_CP013662.1	t_pro_ldr_rdl	unknown	tblastn	0	1441699	1441595	104	0	0	0	5213998
114987bt	Escherichia_coli_strain_NCTC9041_genome_assembly_chromosome_1	genome	+	NZ_LR134296.1	t_pro_ldr_rdl	unknown	tblastn	0	2618207	2618311	104	0	0	0	4693367
114024bt	Escherichia_coli_strain_CREC_544_chromosome_complete_genome	genome	+	NZ_CP024826.1	t_pro_ldr_rdl	unknown	tblastn	0	2786192	2786296	104	0	0	0	4903571
116285bt	Escherichia_coli_042_complete_genome	genome	-	NC_017626.1	t_pro_ldr_rdl	unknown	tblastn	0	1355137	1355033	104	0	0	0	5241977
118815bt	Escherichia_coli_strain_746_chromosome_complete_genome	genome	+	NZ_CP023353.1	t_pro_ldr_rdl	unknown	tblastn	0	2965856	2965960	104	0	0	0	5089615
116245bt	Escherichia_coli_strain_2013C_4282_chromosome_complete_genome	genome	+	NZ_CP027579.1	t_pro_ldr_rdl	unknown	tblastn	0	1354213	1354317	104	0	0	0	5030044
122036bt	Escherichia_coli_strain_CFSAN018748_chromosome_complete_genome	genome	+	NZ_CP028192.1	t_pro_ldr_rdl	unknown	tblastn	0	3325857	3325961	104	0	0	0	5071057
145592bt	Shigella_boydii_strain_59_2708_chromosome_complete_genome	genome	+	NZ_CP026846.1	t_pro_ldr_rdl	unknown	tblastn	0	2973597	2973701	104	0	0	0	4856857
138840bt	Escherichia_coli_strain_2012C_4502_chromosome_complete_genome	genome	-	NZ_CP027440.1	t_pro_ldr_rdl	unknown	tblastn	0	201053	200949	104	0	0	0	4892666
140518bt	Escherichia_coli_ABU_83972_complete_genome	genome	-	NC_017631.1	t_pro_ldr_rdl	unknown	tblastn	0	1470207	1470103	104	0	0	0	5131397
159220bt	Escherichia_coli_strain_Mt1B1_chromosome	chromosome	+	NZ_CP028714.1	t_pro_ldr_rdl	unknown	tblastn	0	3623874	3623978	104	0	0	0	5115630
121478bt	Escherichia_coli_strain_NCTC11133_genome_assembly_chromosome_1	genome	+	NZ_LR134340.1	t_pro_ldr_rdl	unknown	tblastn	0	2472199	2472303	104	0	0	0	4450344
114649bt	Escherichia_coli_strain_NCTC8196_genome_assembly_chromosome_1	genome	+	NZ_LR134270.1	t_pro_ldr_rdl	unknown	tblastn	0	2724870	2724974	104	0	0	0	4857140
197392bt	Enterobacteriaceae_bacterium_strain_FGI_57_complete_genome	genome	+	NC_020063.1	t_pro_ldr_rdl	unknown	tblastn	0	206263	206367	104	0	0	0	4762179
255668bt	Kluyvera_intermedia_strain_NCTC12125_genome_assembly_chromosome_1	genome	-	NZ_LR134138.1	t_pro_ldr_rdl	unknown	tblastn	0	1090860	1090756	104	0	0	0	4739056
