1596bat	Escherichia_albertii_DNA_complete_genome_strain_EC06_170	genome	+	NZ_AP014857.1	at_nt_syme_symr	unknown	blastn	0	4598048	4598124	76	0	0	0	4657167
1346bat	Escherichia_coli_strain_BR10_DEC_chromosome	chromosome	-	NZ_CP035360.1	at_nt_syme_symr	unknown	blastn	0	333264	333188	76	0	0	0	5058724
1621bat	Escherichia_albertii_strain_07_3866_chromosome_complete_genome	genome	+	NZ_CP030781.1	at_nt_syme_symr	unknown	blastn	0	4613713	4613789	76	0	0	0	4940006
1638bat	Escherichia_coli_strain_D6_complete_genome	genome	-	NZ_CP010148.1	at_nt_syme_symr	unknown	blastn	0	1407954	1407878	76	0	0	0	4711358
1639bat	Escherichia_coli_strain_144_chromosome_complete_genome	genome	-	NZ_CP023364.1	at_nt_syme_symr	unknown	blastn	0	4383593	4383517	76	0	0	0	5134443
1614bat	Escherichia_coli_strain_214_4_chromosome_complete_genome	genome	-	NZ_CP025840.1	at_nt_syme_symr	unknown	blastn	0	1105312	1105236	76	0	0	0	5138709
1577bat	Escherichia_albertii_strain_06_3542_chromosome_complete_genome	genome	-	NZ_CP034162.1	at_nt_syme_symr	unknown	blastn	0	2929891	2929815	76	0	0	0	4709095
1345bat	Escherichia_coli_strain_BR29_DEC_chromosome	chromosome	+	NZ_CP035339.1	at_nt_syme_symr	unknown	blastn	0	33425	33501	76	0	0	0	4807613
1566bat	Escherichia_coli_536_complete_genome	genome	+	NC_008253.1	at_nt_syme_symr	unknown	blastn	0	4874467	4874543	76	0	0	0	4938920
1597bat	Escherichia_albertii_strain_ChinaSP140150_chromosome_complete_genome	genome	-	NZ_CP025676.1	at_nt_syme_symr	unknown	blastn	0	4077328	4077251	77	0	0	0	4881553
1594bat	Escherichia_coli_O157_H16_strain_Santai_complete_genome	genome	+	NZ_CP007592.1	at_nt_syme_symr	unknown	blastn	0	189033	189109	76	0	0	0	5104557
1574bat	Escherichia_coli_strain_C5_complete_genome	genome	-	NZ_CP010122.1	at_nt_syme_symr	unknown	blastn	0	1041995	1041919	76	0	0	0	5333488
1569bat	Escherichia_albertii_strain_1551_2_chromosome_complete_genome	genome	+	NZ_CP025317.1	at_nt_syme_symr	unknown	blastn	0	4671083	4671159	76	0	0	0	4730877
1473bat	Escherichia_coli_1303_complete_genome	genome	+	NZ_CP009166.1	at_nt_syme_symr	unknown	blastn	0	4827376	4827452	76	0	0	0	4948797
1333bat	Escherichia_coli_ED1a_chromosome_complete_genome	chromosome	+	NC_011745.1	at_nt_syme_symr	unknown	blastn	0	5142929	5143005	76	0	0	0	5209548
1468bat	Escherichia_coli_O6_H16_strain_2011EL_1370_2_chromosome_complete_genome	genome	-	NZ_CP022912.1	at_nt_syme_symr	unknown	blastn	0	4135935	4135859	76	0	0	0	4785142
1434bat	Escherichia_albertii_strain_2014C_4015_chromosome_complete_genome	genome	+	NZ_CP034166.1	at_nt_syme_symr	unknown	blastn	0	3162274	3162350	76	0	0	0	4623903
1432bat	Escherichia_coli_BW25113_complete_genome	genome	+	NZ_CP009273.1	at_nt_syme_symr	unknown	blastn	0	4569652	4569728	76	0	0	0	4631469
1625bat	Pantoea_agglomerans_strain_CFSAN047153_chromosome_complete_genome	genome	-	NZ_CP034469.1	at_nt_syme_symr	unknown	blastn	0	578266	578189	77	0	0	0	4047712
1640bat	Raoultella_terrigena_strain_NCTC13098_genome_assembly_chromosome_1	genome	-	NZ_LR131271.1	at_nt_syme_symr	unknown	blastn	0	5467677	5467601	76	0	0	0	6073951
466bt	Salmonella_bongori_NCTC_12419_culture_collection_SGSC_SARC11_complete_genome	genome	-	NC_015761.1	t_nt_syme_symr	unknown	blastn	0	4391275	4390933	342	0	0	0	4460105
467bt	Salmonella_bongori_serovar_48_z41__str_RKS3044_complete_genome	genome	-	NZ_CP006692.1	t_nt_syme_symr	unknown	blastn	0	4318574	4318232	342	0	0	0	4394500
468bt	Salmonella_bongori_N268_08_complete_genome	genome	-	NC_021870.1	t_nt_syme_symr	unknown	blastn	0	4615411	4615069	342	0	0	0	4683551
470bt	Salmonella_enterica_strain_FORC_038_complete_genome	genome	+	NZ_CP015574.1	t_nt_syme_symr	unknown	blastn	0	4219470	4219812	342	0	0	0	4938076
471bt	Salmonella_enterica_subsp_enterica_serovar_Pomona_str_ATCC_10729_chromosome_complete_genome	genome	+	NZ_CP019186.1	t_nt_syme_symr	unknown	blastn	0	3792806	3793148	342	0	0	0	4482117
463bt	Salmonella_enterica_subsp_enterica_serovar_Djakarta_str_S_1087_chromosome_complete_genome	genome	-	NZ_CP019409.1	t_nt_syme_symr	unknown	blastn	0	4593162	4592820	342	0	0	0	4668861
464bt	Phytobacter_ursingii_strain_CAV1151_chromosome_complete_genome	genome	+	NZ_CP011602.1	t_nt_syme_symr	unknown	blastn	0	3946290	3946623	333	0	0	0	5529134
462bt	Citrobacter_freundii_strain_UMH16_chromosome_complete_genome	genome	-	NZ_CP024677.1	t_nt_syme_symr	unknown	blastn	0	5128728	5128386	342	0	0	0	5195086
459bt	Salmonella_enterica_subsp_houtenae_serovar_Houten_strain_NCTC10401_genome_assembly_chromosome_1	genome	+	NZ_LS483478.1	t_nt_syme_symr	unknown	blastn	0	3897582	3897924	342	0	0	0	4624613
1249bt	Salmonella_enterica_subsp_houtenae_str_ATCC_BAA_1581_chromosome_whole_genome_shotgun_sequence	chromosome	-	NZ_CM001471.1	t_nt_syme_symr	unknown	blastn	0	4601156	4600814	342	0	0	0	4672567
454bt	Salmonella_enterica_strain_SA20055162_chromosome_complete_genome	genome	+	NZ_CP030238.1	t_nt_syme_symr	unknown	blastn	0	3879286	3879628	342	0	0	0	4640729
446bt	Salmonella_enterica_subsp_diarizonae_strain_11_01853_chromosome_complete_genome	genome	-	NZ_CP011289.1	t_nt_syme_symr	unknown	blastn	0	881656	881314	342	0	0	0	4779348
447bt	Salmonella_enterica_subsp_diarizonae_strain_NCTC10381_genome_assembly_chromosome_1	genome	+	NZ_LS483474.1	t_nt_syme_symr	unknown	blastn	0	4302225	4302567	342	0	0	0	5219421
441bt	Salmonella_enterica_strain_SA20100201_chromosome_complete_genome	genome	+	NZ_CP030180.1	t_nt_syme_symr	unknown	blastn	0	4413823	4414165	342	0	0	0	5195044
461bt	Salmonella_enterica_subsp_diarizonae_serovar_65_c_z_str_SA20044251_chromosome_complete_genome	genome	+	NZ_CP022135.1	t_nt_syme_symr	unknown	blastn	0	4156995	4157337	342	0	0	0	4913978
453bt	Salmonella_enterica_subsp_salamae_serovar_42_r__strain_RSE09_chromosome_complete_genome	genome	+	NZ_CP034717.1	t_nt_syme_symr	unknown	blastn	0	4113297	4113639	342	0	0	0	4860626
457bt	Salmonella_enterica_subsp_salamae_strain_NCTC9930_genome_assembly_chromosome_1	genome	+	NZ_LS483456.1	t_nt_syme_symr	unknown	blastn	0	4373551	4373893	342	0	0	0	5118272
460bt	Salmonella_enterica_subsp_salamae_strain_NCTC8273_genome_assembly_chromosome_1	genome	+	NZ_LR134154.1	t_nt_syme_symr	unknown	blastn	0	4148506	4148848	342	0	0	0	4952084
455bt	Salmonella_enterica_subsp_enterica_strain_SA20011914_chromosome_complete_genome	genome	+	NZ_CP029992.1	t_nt_syme_symr	unknown	blastn	0	1338831	1339173	342	0	0	0	4807680
449bt	Salmonella_enterica_subsp_enterica_strain_SA20053897_chromosome_complete_genome	genome	+	NZ_CP029995.1	t_nt_syme_symr	unknown	blastn	0	4141819	4142161	342	0	0	0	4920300
450bt	Salmonella_enterica_subsp_salamae_serovar_Greenside_strain_NCTC9936_genome_assembly_chromosome_1	genome	+	NZ_LS483475.1	t_nt_syme_symr	unknown	blastn	0	4019214	4019556	342	0	0	0	4732250
458bt	Salmonella_enterica_subsp_salamae_serovar_55_k_z39_str_1315K_chromosome_complete_genome	genome	+	NZ_CP022139.1	t_nt_syme_symr	unknown	blastn	0	4066203	4066545	342	0	0	0	4859044
456bt	Salmonella_enterica_subsp_enterica_serovar_Napoli_strain_LC0541_17_chromosome_complete_genome	genome	+	NZ_CP030838.1	t_nt_syme_symr	unknown	blastn	0	3985729	3986071	342	0	0	0	4679033
437bt	Enterobacteriaceae_bacterium_strain_FGI_57_complete_genome	genome	+	NC_020063.1	t_nt_syme_symr	unknown	blastn	0	4114007	4114348	341	0	0	0	4762179
436bt	Escherichia_coli_strain_BE2_5_chromosome_complete_genome	genome	+	NZ_CP032986.1	t_nt_syme_symr	unknown	blastn	0	3992694	3993035	341	0	0	0	4677021
294bt	Escherichia_coli_strain_504237_chromosome_complete_genome	genome	-	NZ_CP025862.1	t_nt_syme_symr	unknown	blastn	0	272766	272425	341	0	0	0	5022230
384bt	Escherichia_marmotae_strain_HT073016_chromosome_complete_genome	genome	+	NZ_CP025979.1	t_nt_syme_symr	unknown	blastn	0	2584982	2585323	341	0	0	0	4671322
180bt	Escherichia_albertii_DNA_complete_genome_strain_EC06_170	genome	-	NZ_AP014857.1	t_nt_syme_symr	unknown	blastn	0	4598053	4597712	341	0	0	0	4657167
185bt	Escherichia_albertii_strain_2013C_4143_chromosome_complete_genome	genome	-	NZ_CP030787.2	t_nt_syme_symr	unknown	blastn	0	626665	626324	341	0	0	0	4659709
178bt	Escherichia_coli_536_complete_genome	genome	-	NC_008253.1	t_nt_syme_symr	unknown	blastn	0	4874472	4874131	341	0	0	0	4938920
184bt	Escherichia_coli_strain_MS8345_chromosome_complete_genome	genome	-	NZ_CP025401.1	t_nt_syme_symr	unknown	blastn	0	5115483	5115142	341	0	0	0	5220976
277bt	Escherichia_coli_55989_chromosome_complete_genome	genome	-	NC_011748.1	t_nt_syme_symr	unknown	blastn	0	5093212	5092871	341	0	0	0	5154862
298bt	Escherichia_coli_O157_H7_strain_JEONG_1266_complete_genome	genome	+	NZ_CP014314.1	t_nt_syme_symr	unknown	blastn	0	3981522	3981861	339	0	0	0	5478683
1235bt	Escherichia_coli_strain_BR10_DEC_chromosome	chromosome	+	NZ_CP035360.1	t_nt_syme_symr	unknown	blastn	0	333259	333600	341	0	0	0	5058724
288bt	Escherichia_coli_strain_S1_complete_genome	genome	+	NZ_CP010226.1	t_nt_syme_symr	unknown	blastn	0	3518611	3518952	341	0	0	0	4702107
1228bt	Escherichia_fergusonii_ECD227_chromosome_whole_genome_shotgun_sequence	chromosome	+	NZ_CM001142.1	t_nt_syme_symr	unknown	blastn	0	3158220	3158561	341	0	0	0	4509864
138bt	Escherichia_albertii_KF1_complete_genome	genome	+	NZ_CP007025.1	t_nt_syme_symr	unknown	blastn	0	1592764	1593105	341	0	0	0	4701875
139bt	Escherichia_albertii_strain_07_3866_chromosome_complete_genome	genome	-	NZ_CP030781.1	t_nt_syme_symr	unknown	blastn	0	4613718	4613377	341	0	0	0	4940006
136bt	Escherichia_coli_APEC_IMT5155_complete_genome	genome	-	NZ_CP005930.1	t_nt_syme_symr	unknown	blastn	0	2850368	2850027	341	0	0	0	4929051
82bt	Escherichia_coli_strain_2012C_4221_chromosome_complete_genome	genome	+	NZ_CP027437.1	t_nt_syme_symr	unknown	blastn	0	2375688	2376029	341	0	0	0	5012557
160bt	Escherichia_coli_strain_214_4_chromosome_complete_genome	genome	+	NZ_CP025840.1	t_nt_syme_symr	unknown	blastn	0	1105307	1105648	341	0	0	0	5138709
317bt	Escherichia_coli_strain_C5_complete_genome	genome	+	NZ_CP010122.1	t_nt_syme_symr	unknown	blastn	0	1041990	1042332	342	0	0	0	5333488
242bt	Escherichia_coli_O169_H41_strain_2014EL_1345_2_chromosome_complete_genome	genome	-	NZ_CP024223.1	t_nt_syme_symr	unknown	blastn	0	3004791	3004450	341	0	0	0	4943397
84bt	Escherichia_albertii_strain_1551_2_chromosome_complete_genome	genome	-	NZ_CP025317.1	t_nt_syme_symr	unknown	blastn	0	4671088	4670747	341	0	0	0	4730877
83bt	Escherichia_albertii_strain_2014C_4356_chromosome_complete_genome	genome	+	NZ_CP024282.1	t_nt_syme_symr	unknown	blastn	0	735173	735514	341	0	0	0	4852165
90bt	Escherichia_coli_O6_H16_strain_2011EL_1370_2_chromosome_complete_genome	genome	+	NZ_CP022912.1	t_nt_syme_symr	unknown	blastn	0	4135930	4136271	341	0	0	0	4785142
1220bt	Escherichia_coli_strain_89_3506_isolate_89_3506_chromosome	chromosome	-	NZ_CP027520.1	t_nt_syme_symr	unknown	blastn	0	2928882	2928541	341	0	0	0	5178486
102bt	Escherichia_coli_strain_2013C_4282_chromosome_complete_genome	genome	+	NZ_CP027579.1	t_nt_syme_symr	unknown	blastn	0	2854094	2854435	341	0	0	0	5030044
305bt	Escherichia_coli_0127_H6_E2348_69_complete_genome_strain_E2348_69	genome	-	NC_011601.1	t_nt_syme_symr	unknown	blastn	0	4906008	4905666	342	0	0	0	4965553
434bt	Escherichia_coli_strain_2015C_4136CT1_chromosome_complete_genome	genome	-	NZ_CP027550.1	t_nt_syme_symr	unknown	blastn	0	4225158	4224827	331	0	0	0	4836918
285bt	Escherichia_coli_strain_PAR_complete_genome	genome	-	NZ_CP012379.1	t_nt_syme_symr	unknown	blastn	0	4750720	4750378	342	0	0	0	4859743
107bt	Escherichia_coli_strain_1105_chromosome_complete_genome	genome	+	NZ_CP023388.1	t_nt_syme_symr	unknown	blastn	0	4258335	4258676	341	0	0	0	5059652
1233bt	Escherichia_coli_strain_Mt1B1_chromosome	chromosome	+	NZ_CP028714.1	t_nt_syme_symr	unknown	blastn	0	5086612	5086954	342	0	0	0	5115630
273bt	Escherichia_coli_IAI39_chromosome_complete_genome	genome	-	NC_011750.1	t_nt_syme_symr	unknown	blastn	0	5018700	5018359	341	0	0	0	5132068
287bt	Escherichia_coli_strain_L73_chromosome_complete_genome	genome	+	NZ_CP033378.1	t_nt_syme_symr	unknown	blastn	0	4153599	4153941	342	0	0	0	4849006
299bt	Escherichia_coli_strain_NCTC10444_genome_assembly_chromosome_1	genome	+	NZ_LR134092.1	t_nt_syme_symr	unknown	blastn	0	4492624	4492966	342	0	0	0	5295029
278bt	Escherichia_albertii_strain_ChinaSP140150_chromosome_complete_genome	genome	+	NZ_CP025676.1	t_nt_syme_symr	unknown	blastn	0	4077323	4077664	341	0	0	0	4881553
186bt	Escherichia_albertii_strain_06_3542_chromosome_complete_genome	genome	+	NZ_CP034162.1	t_nt_syme_symr	unknown	blastn	0	2929886	2930227	341	0	0	0	4709095
279bt	Escherichia_albertii_strain_2012EL_1823B_chromosome_complete_genome	genome	-	NZ_CP030783.2	t_nt_syme_symr	unknown	blastn	0	26669	26328	341	0	0	0	4809821
179bt	Escherichia_coli_1303_complete_genome	genome	-	NZ_CP009166.1	t_nt_syme_symr	unknown	blastn	0	4827381	4827040	341	0	0	0	4948797
303bt	Escherichia_coli_strain_266917_2_chromosome_complete_genome	genome	-	NZ_CP026723.1	t_nt_syme_symr	unknown	blastn	0	3719728	3719386	342	0	0	0	5492922
302bt	Escherichia_coli_strain_95_3322_chromosome_complete_genome	genome	-	NZ_CP027461.1	t_nt_syme_symr	unknown	blastn	0	63811	63469	342	0	0	0	5095223
316bt	Escherichia_coli_strain_D6_complete_genome	genome	+	NZ_CP010148.1	t_nt_syme_symr	unknown	blastn	0	1407949	1408291	342	0	0	0	4711358
304bt	Escherichia_coli_strain_2014C_3075_chromosome_complete_genome	genome	-	NZ_CP027447.1	t_nt_syme_symr	unknown	blastn	0	4230146	4229804	342	0	0	0	5168620
137bt	Escherichia_coli_strain_HKUOPY1_chromosome_complete_genome	genome	+	NZ_CP019961.1	t_nt_syme_symr	unknown	blastn	0	1094760	1095101	341	0	0	0	4774500
182bt	Escherichia_fergusonii_ATCC_35469_chromosome_complete_genome	genome	+	NC_011740.1	t_nt_syme_symr	unknown	blastn	0	3159783	3160124	341	0	0	0	4588711
348bt	Escherichia_coli_APEC_O2_211_chromosome_complete_genome	genome	-	NZ_CP006834.2	t_nt_syme_symr	unknown	blastn	0	894851	894509	342	0	0	0	5114241
332bt	Shigella_dysenteriae_strain_ATCC_12039_chromosome_complete_genome	genome	-	NZ_CP026831.1	t_nt_syme_symr	unknown	blastn	0	343665	343323	342	0	0	0	4880735
337bt	Escherichia_coli_DNA_complete_genome_strain_MRY15_117	genome	-	NZ_AP017617.1	t_nt_syme_symr	unknown	blastn	0	5056233	5055891	342	0	0	0	5117319
413bt	Escherichia_coli_strain_AR_0077_chromosome_complete_genome	genome	-	NZ_CP026755.1	t_nt_syme_symr	unknown	blastn	0	4684001	4683659	342	0	0	0	4987160
340bt	Escherichia_coli_strain_Es_ST80_L1_NDM_10_2017_chromosome_complete_genome	genome	+	NZ_CP031215.1	t_nt_syme_symr	unknown	blastn	0	2765421	2765763	342	0	0	0	5214712
275bt	Escherichia_coli_ATCC_8739_complete_genome	genome	+	NC_010468.1	t_nt_syme_symr	unknown	blastn	0	4072325	4072666	341	0	0	0	4746218
333bt	Escherichia_coli_strain_S51_complete_genome	genome	+	NZ_CP015995.1	t_nt_syme_symr	unknown	blastn	0	4169098	4169440	342	0	0	0	4994918
1243bt	Escherichia_coli_strain_BR29_DEC_chromosome	chromosome	-	NZ_CP035339.1	t_nt_syme_symr	unknown	blastn	0	33430	33088	342	0	0	0	4807613
331bt	Escherichia_coli_strain_746_chromosome_complete_genome	genome	+	NZ_CP023353.1	t_nt_syme_symr	unknown	blastn	0	4331082	4331424	342	0	0	0	5089615
230bt	Escherichia_coli_strain_144_chromosome_complete_genome	genome	+	NZ_CP023364.1	t_nt_syme_symr	unknown	blastn	0	4383588	4383929	341	0	0	0	5134443
380bt	Escherichia_coli_strain_CFSAN018748_chromosome_complete_genome	genome	+	NZ_CP028192.1	t_nt_syme_symr	unknown	blastn	0	4761921	4762262	341	0	0	0	5071057
283bt	Escherichia_coli_strain_2012C_4502_chromosome_complete_genome	genome	-	NZ_CP027440.1	t_nt_syme_symr	unknown	blastn	0	3683026	3682685	341	0	0	0	4892666
238bt	Escherichia_coli_P12b_complete_genome	genome	-	NC_017663.1	t_nt_syme_symr	unknown	blastn	0	4873529	4873188	341	0	0	0	4935294
315bt	Escherichia_coli_O157_H16_strain_Santai_complete_genome	genome	-	NZ_CP007592.1	t_nt_syme_symr	unknown	blastn	0	189038	188697	341	0	0	0	5104557
237bt	Escherichia_coli_SMS_3_5_complete_genome	genome	-	NC_010498.1	t_nt_syme_symr	unknown	blastn	0	5007620	5007279	341	0	0	0	5068389
281bt	Escherichia_coli_strain_510016_chromosome_complete_genome	genome	+	NZ_CP025851.1	t_nt_syme_symr	unknown	blastn	0	3211005	3211346	341	0	0	0	4885058
209bt	Escherichia_coli_strain_DSM_103246_chromosome_complete_genome	genome	+	NZ_CP019944.1	t_nt_syme_symr	unknown	blastn	0	4571742	4572083	341	0	0	0	5445834
328bt	Escherichia_coli_O157_H7_strain_TR01_chromosome_complete_genome	genome	-	NZ_CP033605.1	t_nt_syme_symr	unknown	blastn	0	5508842	5508501	341	0	0	0	5569804
215bt	Escherichia_coli_strain_504239_chromosome_complete_genome	genome	-	NZ_CP025859.1	t_nt_syme_symr	unknown	blastn	0	3605478	3605137	341	0	0	0	4979815
280bt	Escherichia_coli_strain_NCTC9112_genome_assembly_chromosome_1	genome	+	NZ_LR134079.1	t_nt_syme_symr	unknown	blastn	0	4641465	4641806	341	0	0	0	5468700
313bt	Escherichia_coli_strain_EC974_chromosome_complete_genome	genome	-	NZ_CP021840.1	t_nt_syme_symr	unknown	blastn	0	2203079	2202738	341	0	0	0	5167701
1224bt	Escherichia_coli_strain_2016C_3936C1_chromosome_complete_genome	chromosome	+	NZ_CP018770.2	t_nt_syme_symr	unknown	blastn	0	4078005	4078346	341	0	0	0	5060620
236bt	Escherichia_coli_strain_06_00048_chromosome_complete_genome	genome	-	NZ_CP015229.1	t_nt_syme_symr	unknown	blastn	0	5370817	5370476	341	0	0	0	5498453
181bt	Escherichia_albertii_strain_05_3106_chromosome_complete_genome	genome	+	NZ_CP030778.2	t_nt_syme_symr	unknown	blastn	0	2236619	2236960	341	0	0	0	4719735
104bt	Escherichia_coli_'BL21_Gold(DE3)pLysS_AG'_complete_genome	genome	+	NC_012947.1	t_nt_syme_symr	unknown	blastn	0	3856323	3856664	341	0	0	0	4570938
106bt	Escherichia_coli_strain_NCTC9085_genome_assembly_chromosome_1	genome	+	NZ_LR134078.1	t_nt_syme_symr	unknown	blastn	0	4158069	4158410	341	0	0	0	4969367
108bt	Escherichia_coli_B_str_REL606_complete_genome	genome	-	NC_012967.1	t_nt_syme_symr	unknown	blastn	0	4557785	4557444	341	0	0	0	4629812
80bt	Escherichia_coli_BW25113_complete_genome	genome	-	NZ_CP009273.1	t_nt_syme_symr	unknown	blastn	0	4569657	4569316	341	0	0	0	4631469
81bt	Escherichia_coli_strain_NCTC11023_genome_assembly_chromosome_1	genome	+	NZ_LS483297.1	t_nt_syme_symr	unknown	blastn	0	4033308	4033649	341	0	0	0	4705041
427bt	Escherichia_coli_ATCC_25922_complete_genome	genome	-	NZ_CP009072.1	t_nt_syme_symr	unknown	blastn	0	2613657	2613315	342	0	0	0	5130767
431bt	Escherichia_coli_strain_Ecol_732_complete_genome	genome	+	NZ_CP015138.1	t_nt_syme_symr	unknown	blastn	0	1070576	1070918	342	0	0	0	5009900
430bt	Escherichia_coli_strain_ML35_chromosome_complete_genome	genome	+	NZ_CP025747.1	t_nt_syme_symr	unknown	blastn	0	4193677	4194019	342	0	0	0	4918774
311bt	Shigella_boydii_strain_59_2708_chromosome_complete_genome	genome	-	NZ_CP026846.1	t_nt_syme_symr	unknown	blastn	0	868817	868476	341	0	0	0	4856857
1236bt	Shigella_boydii_strain_NCTC_9734_chromosome	chromosome	-	NZ_CP026875.1	t_nt_syme_symr	unknown	blastn	0	1407351	1407011	340	0	0	0	5164076
433bt	Escherichia_coli_DSM_30083_=_JCM_1649_=_ATCC_11775_chromosome_complete_genome	genome	+	NZ_CP033092.2	t_nt_syme_symr	unknown	blastn	0	4073460	4073802	342	0	0	0	4903501
307bt	Escherichia_albertii_strain_2014C_4015_chromosome_complete_genome	genome	-	NZ_CP034166.1	t_nt_syme_symr	unknown	blastn	0	3162279	3161938	341	0	0	0	4623903
1227bt	Escherichia_coli_ED1a_chromosome_complete_genome	chromosome	-	NC_011745.1	t_nt_syme_symr	unknown	blastn	0	5142934	5142593	341	0	0	0	5209548
379bt	Shigella_boydii_strain_54_1621_chromosome_complete_genome	genome	+	NZ_CP026810.1	t_nt_syme_symr	unknown	blastn	0	3591942	3592283	341	0	0	0	4531304
1251bt	Escherichia_coli_UMNF18_chromosome_whole_genome_shotgun_sequence	chromosome	-	NZ_AGTD01000001.1	t_nt_syme_symr	unknown	blastn	0	5167029	5166687	342	0	0	0	5239207
439bt	Kosakonia_cowanii_strain_FBS_223_chromosome_complete_genome	genome	-	NZ_CP035129.1	t_nt_syme_symr	unknown	blastn	0	4094408	4094067	341	0	0	0	4685999
438bt	Kosakonia_sp_CCTCC_M2018092_chromosome_complete_genome	genome	-	NZ_CP034225.1	t_nt_syme_symr	unknown	blastn	0	4147754	4147413	341	0	0	0	4789478
1248bt	Kosakonia_cowanii_strain_Esp_Z_genome	chromosome	+	NZ_CP022690.1	t_nt_syme_symr	unknown	blastn	0	2889940	2890281	341	0	0	0	5077975
525bt	Citrobacter_freundii_strain_B9_C2_chromosome	chromosome	+	NZ_CP027849.1	t_pro_syme_symr	unknown	tblastn	0	2217526	2217886	360	0	0	0	5028563
526bt	Citrobacter_freundii_strain_BD_genome	chromosome	+	NZ_CP018810.1	t_pro_syme_symr	unknown	tblastn	0	1422765	1423125	360	0	0	0	5098116
527bt	Raoultella_ornithinolytica_strain_18_sequence	chromosome	+	NZ_CP012555.1	t_pro_syme_symr	unknown	tblastn	0	3364039	3364368	329	0	0	0	5419815
534bt	Raoultella_ornithinolytica_strain_FDAARGOS_431_chromosome_complete_genome	chromosome	+	NZ_CP023888.1	t_pro_syme_symr	unknown	tblastn	0	4706832	4707161	329	0	0	0	5633990
533bt	Raoultella_planticola_strain_FDAARGOS_429_chromosome_complete_genome	chromosome	+	NZ_CP023874.1	t_pro_syme_symr	unknown	tblastn	0	4880982	4881311	329	0	0	0	5616089
1088bt	Enterobacteriaceae_bacterium_strain_FGI_57_complete_genome	genome	+	NC_020063.1	t_pro_syme_symr	unknown	tblastn	0	4114007	4114345	338	0	0	0	4762179
1080bt	Escherichia_coli_strain_BE2_5_chromosome_complete_genome	genome	+	NZ_CP032986.1	t_pro_syme_symr	unknown	tblastn	0	3992694	3993032	338	0	0	0	4677021
882bt	Escherichia_coli_strain_103605_chromosome_complete_genome	genome	+	NZ_CP025920.1	t_pro_syme_symr	unknown	tblastn	0	1628816	1629154	338	0	0	0	5118381
968bt	Escherichia_marmotae_strain_HT073016_chromosome_complete_genome	genome	+	NZ_CP025979.1	t_pro_syme_symr	unknown	tblastn	0	2584982	2585320	338	0	0	0	4671322
886bt	Escherichia_albertii_DNA_complete_genome_strain_EC06_170	genome	-	NZ_AP014857.1	t_pro_syme_symr	unknown	tblastn	0	4598053	4597715	338	0	0	0	4657167
883bt	Escherichia_albertii_strain_2013C_4143_chromosome_complete_genome	genome	-	NZ_CP030787.2	t_pro_syme_symr	unknown	tblastn	0	626665	626327	338	0	0	0	4659709
861bt	Escherichia_coli_536_complete_genome	genome	-	NC_008253.1	t_pro_syme_symr	unknown	tblastn	0	4874472	4874134	338	0	0	0	4938920
970bt	Escherichia_coli_strain_MS8345_chromosome_complete_genome	genome	-	NZ_CP025401.1	t_pro_syme_symr	unknown	tblastn	0	5115483	5115145	338	0	0	0	5220976
896bt	Escherichia_coli_55989_chromosome_complete_genome	genome	-	NC_011748.1	t_pro_syme_symr	unknown	tblastn	0	5093212	5092874	338	0	0	0	5154862
1152bt	Escherichia_coli_O157_H7_strain_JEONG_1266_complete_genome	genome	+	NZ_CP014314.1	t_pro_syme_symr	unknown	tblastn	0	3981522	3981858	336	0	0	0	5478683
501bt	Escherichia_coli_strain_BR10_DEC_chromosome	chromosome	+	NZ_CP035360.1	t_pro_syme_symr	unknown	tblastn	0	333259	333597	338	0	0	0	5058724
1005bt	Escherichia_coli_strain_S1_complete_genome	genome	+	NZ_CP010226.1	t_pro_syme_symr	unknown	tblastn	0	3518611	3518949	338	0	0	0	4702107
497bt	Escherichia_fergusonii_ECD227_chromosome_whole_genome_shotgun_sequence	chromosome	+	NZ_CM001142.1	t_pro_syme_symr	unknown	tblastn	0	3158220	3158558	338	0	0	0	4509864
779bt	Escherichia_albertii_KF1_complete_genome	genome	+	NZ_CP007025.1	t_pro_syme_symr	unknown	tblastn	0	1592764	1593102	338	0	0	0	4701875
964bt	Escherichia_albertii_strain_07_3866_chromosome_complete_genome	genome	-	NZ_CP030781.1	t_pro_syme_symr	unknown	tblastn	0	4613718	4613380	338	0	0	0	4940006
965bt	Escherichia_coli_IAI39_chromosome_complete_genome	genome	-	NC_011750.1	t_pro_syme_symr	unknown	tblastn	0	5018700	5018362	338	0	0	0	5132068
786bt	Escherichia_coli_APEC_IMT5155_complete_genome	genome	-	NZ_CP005930.1	t_pro_syme_symr	unknown	tblastn	0	2850368	2850030	338	0	0	0	4929051
791bt	Escherichia_coli_strain_2012C_4221_chromosome_complete_genome	genome	+	NZ_CP027437.1	t_pro_syme_symr	unknown	tblastn	0	2375688	2376026	338	0	0	0	5012557
818bt	Escherichia_albertii_strain_1551_2_chromosome_complete_genome	genome	-	NZ_CP025317.1	t_pro_syme_symr	unknown	tblastn	0	4671088	4670750	338	0	0	0	4730877
822bt	Escherichia_albertii_strain_2014C_4356_chromosome_complete_genome	genome	+	NZ_CP024282.1	t_pro_syme_symr	unknown	tblastn	0	735173	735511	338	0	0	0	4852165
821bt	Escherichia_coli_O6_H16_strain_2011EL_1370_2_chromosome_complete_genome	genome	+	NZ_CP022912.1	t_pro_syme_symr	unknown	tblastn	0	4135930	4136268	338	0	0	0	4785142
482bt	Escherichia_coli_strain_89_3506_isolate_89_3506_chromosome	chromosome	-	NZ_CP027520.1	t_pro_syme_symr	unknown	tblastn	0	2928882	2928544	338	0	0	0	5178486
873bt	Escherichia_coli_strain_2013C_4282_chromosome_complete_genome	genome	+	NZ_CP027579.1	t_pro_syme_symr	unknown	tblastn	0	2854094	2854432	338	0	0	0	5030044
783bt	Escherichia_coli_strain_1105_chromosome_complete_genome	genome	+	NZ_CP023388.1	t_pro_syme_symr	unknown	tblastn	0	4258335	4258673	338	0	0	0	5059652
780bt	Escherichia_coli_strain_NCTC11023_genome_assembly_chromosome_1	genome	+	NZ_LS483297.1	t_pro_syme_symr	unknown	tblastn	0	4033308	4033646	338	0	0	0	4705041
870bt	Escherichia_albertii_strain_06_3542_chromosome_complete_genome	genome	+	NZ_CP034162.1	t_pro_syme_symr	unknown	tblastn	0	2929886	2930224	338	0	0	0	4709095
978bt	Escherichia_albertii_strain_2012EL_1823B_chromosome_complete_genome	genome	-	NZ_CP030783.2	t_pro_syme_symr	unknown	tblastn	0	26669	26331	338	0	0	0	4809821
834bt	Escherichia_coli_1303_complete_genome	genome	-	NZ_CP009166.1	t_pro_syme_symr	unknown	tblastn	0	4827381	4827043	338	0	0	0	4948797
782bt	Escherichia_coli_strain_HKUOPY1_chromosome_complete_genome	genome	+	NZ_CP019961.1	t_pro_syme_symr	unknown	tblastn	0	1094760	1095098	338	0	0	0	4774500
784bt	Escherichia_fergusonii_ATCC_35469_chromosome_complete_genome	genome	+	NC_011740.1	t_pro_syme_symr	unknown	tblastn	0	3159783	3160121	338	0	0	0	4588711
815bt	Escherichia_coli_strain_144_chromosome_complete_genome	genome	+	NZ_CP023364.1	t_pro_syme_symr	unknown	tblastn	0	4383588	4383926	338	0	0	0	5134443
1045bt	Escherichia_coli_strain_CFSAN018748_chromosome_complete_genome	genome	+	NZ_CP028192.1	t_pro_syme_symr	unknown	tblastn	0	4761921	4762259	338	0	0	0	5071057
1007bt	Escherichia_coli_strain_2012C_4502_chromosome_complete_genome	genome	-	NZ_CP027440.1	t_pro_syme_symr	unknown	tblastn	0	3683026	3682688	338	0	0	0	4892666
825bt	Escherichia_coli_P12b_complete_genome	genome	-	NC_017663.1	t_pro_syme_symr	unknown	tblastn	0	4873529	4873191	338	0	0	0	4935294
884bt	Escherichia_coli_O157_H16_strain_Santai_complete_genome	genome	-	NZ_CP007592.1	t_pro_syme_symr	unknown	tblastn	0	189038	188700	338	0	0	0	5104557
1008bt	Escherichia_coli_ATCC_8739_complete_genome	genome	+	NC_010468.1	t_pro_syme_symr	unknown	tblastn	0	4072325	4072663	338	0	0	0	4746218
891bt	Escherichia_coli_strain_214_4_chromosome_complete_genome	genome	+	NZ_CP025840.1	t_pro_syme_symr	unknown	tblastn	0	1105307	1105645	338	0	0	0	5138709
972bt	Escherichia_coli_O169_H41_strain_2014EL_1345_2_chromosome_complete_genome	genome	-	NZ_CP024223.1	t_pro_syme_symr	unknown	tblastn	0	3004791	3004453	338	0	0	0	4943397
1069bt	Escherichia_coli_strain_C5_complete_genome	genome	+	NZ_CP010122.1	t_pro_syme_symr	unknown	tblastn	0	1041990	1042329	339	0	0	0	5333488
1049bt	Escherichia_coli_0127_H6_E2348_69_complete_genome_strain_E2348_69	genome	-	NC_011601.1	t_pro_syme_symr	unknown	tblastn	0	4906008	4905669	339	0	0	0	4965553
1042bt	Escherichia_coli_strain_PAR_complete_genome	genome	-	NZ_CP012379.1	t_pro_syme_symr	unknown	tblastn	0	4750720	4750381	339	0	0	0	4859743
1052bt	Escherichia_coli_strain_266917_2_chromosome_complete_genome	genome	-	NZ_CP026723.1	t_pro_syme_symr	unknown	tblastn	0	3719728	3719389	339	0	0	0	5492922
1050bt	Escherichia_coli_strain_D8_complete_genome	genome	+	NZ_CP010151.1	t_pro_syme_symr	unknown	tblastn	0	3267251	3267590	339	0	0	0	5130646
1044bt	Escherichia_coli_strain_95_3322_chromosome_complete_genome	genome	-	NZ_CP027461.1	t_pro_syme_symr	unknown	tblastn	0	63811	63472	339	0	0	0	5095223
1082bt	Escherichia_coli_strain_D6_complete_genome	genome	+	NZ_CP010148.1	t_pro_syme_symr	unknown	tblastn	0	1407949	1408288	339	0	0	0	4711358
1071bt	Escherichia_coli_strain_2014C_3075_chromosome_complete_genome	genome	-	NZ_CP027447.1	t_pro_syme_symr	unknown	tblastn	0	4230146	4229807	339	0	0	0	5168620
1059bt	Escherichia_coli_DNA_complete_genome_strain_MRY15_117	genome	-	NZ_AP017617.1	t_pro_syme_symr	unknown	tblastn	0	5056233	5055894	339	0	0	0	5117319
1073bt	Escherichia_coli_strain_AR_0077_chromosome_complete_genome	genome	-	NZ_CP026755.1	t_pro_syme_symr	unknown	tblastn	0	4684001	4683662	339	0	0	0	4987160
1078bt	Escherichia_coli_APEC_O2_211_chromosome_complete_genome	genome	-	NZ_CP006834.2	t_pro_syme_symr	unknown	tblastn	0	894851	894512	339	0	0	0	5114241
1063bt	Escherichia_coli_strain_Es_ST80_L1_NDM_10_2017_chromosome_complete_genome	genome	+	NZ_CP031215.1	t_pro_syme_symr	unknown	tblastn	0	2765421	2765760	339	0	0	0	5214712
1070bt	Shigella_dysenteriae_strain_ATCC_12039_chromosome_complete_genome	genome	-	NZ_CP026831.1	t_pro_syme_symr	unknown	tblastn	0	343665	343326	339	0	0	0	4880735
503bt	Escherichia_coli_strain_BR29_DEC_chromosome	chromosome	-	NZ_CP035339.1	t_pro_syme_symr	unknown	tblastn	0	33430	33091	339	0	0	0	4807613
1083bt	Escherichia_coli_strain_S51_complete_genome	genome	+	NZ_CP015995.1	t_pro_syme_symr	unknown	tblastn	0	4169098	4169437	339	0	0	0	4994918
1065bt	Escherichia_coli_strain_746_chromosome_complete_genome	genome	+	NZ_CP023353.1	t_pro_syme_symr	unknown	tblastn	0	4331082	4331421	339	0	0	0	5089615
1043bt	Escherichia_coli_strain_L73_chromosome_complete_genome	genome	+	NZ_CP033378.1	t_pro_syme_symr	unknown	tblastn	0	4153599	4153938	339	0	0	0	4849006
1046bt	Escherichia_coli_strain_NCTC10444_genome_assembly_chromosome_1	genome	+	NZ_LR134092.1	t_pro_syme_symr	unknown	tblastn	0	4492624	4492963	339	0	0	0	5295029
502bt	Escherichia_coli_strain_Mt1B1_chromosome	chromosome	+	NZ_CP028714.1	t_pro_syme_symr	unknown	tblastn	0	5086612	5086951	339	0	0	0	5115630
889bt	Escherichia_coli_SMS_3_5_complete_genome	genome	-	NC_010498.1	t_pro_syme_symr	unknown	tblastn	0	5007620	5007282	338	0	0	0	5068389
1072bt	Escherichia_coli_strain_M160133_chromosome_complete_genome	genome	+	NZ_CP022164.1	t_pro_syme_symr	unknown	tblastn	0	4203354	4203693	339	0	0	0	4957100
892bt	Escherichia_coli_strain_510016_chromosome_complete_genome	genome	+	NZ_CP025851.1	t_pro_syme_symr	unknown	tblastn	0	3211005	3211343	338	0	0	0	4885058
824bt	Escherichia_coli_strain_DSM_103246_chromosome_complete_genome	genome	+	NZ_CP019944.1	t_pro_syme_symr	unknown	tblastn	0	4571742	4572080	338	0	0	0	5445834
1003bt	Escherichia_coli_O157_H7_strain_TR01_chromosome_complete_genome	genome	-	NZ_CP033605.1	t_pro_syme_symr	unknown	tblastn	0	5508842	5508504	338	0	0	0	5569804
857bt	Escherichia_coli_strain_504239_chromosome_complete_genome	genome	-	NZ_CP025859.1	t_pro_syme_symr	unknown	tblastn	0	3605478	3605140	338	0	0	0	4979815
1134bt	Escherichia_coli_strain_NCTC9112_genome_assembly_chromosome_1	genome	+	NZ_LR134079.1	t_pro_syme_symr	unknown	tblastn	0	4641465	4641803	338	0	0	0	5468700
871bt	Escherichia_coli_strain_EC1515_chromosome_complete_genome	genome	+	NZ_CP021844.1	t_pro_syme_symr	unknown	tblastn	0	4401974	4402312	338	0	0	0	5167363
485bt	Escherichia_coli_strain_2016C_3936C1_chromosome_complete_genome	chromosome	+	NZ_CP018770.2	t_pro_syme_symr	unknown	tblastn	0	4078005	4078343	338	0	0	0	5060620
974bt	Shigella_boydii_strain_59_2708_chromosome_complete_genome	genome	-	NZ_CP026846.1	t_pro_syme_symr	unknown	tblastn	0	868817	868479	338	0	0	0	4856857
519bt	Shigella_boydii_strain_NCTC_9734_chromosome	chromosome	-	NZ_CP026875.1	t_pro_syme_symr	unknown	tblastn	0	1407351	1407014	337	0	0	0	5164076
888bt	Escherichia_albertii_strain_05_3106_chromosome_complete_genome	genome	+	NZ_CP030778.2	t_pro_syme_symr	unknown	tblastn	0	2236619	2236957	338	0	0	0	4719735
781bt	Escherichia_albertii_strain_ChinaSP140150_chromosome_complete_genome	genome	+	NZ_CP025676.1	t_pro_syme_symr	unknown	tblastn	0	4077323	4077661	338	0	0	0	4881553
885bt	Escherichia_coli_strain_06_00048_chromosome_complete_genome	genome	-	NZ_CP015229.1	t_pro_syme_symr	unknown	tblastn	0	5370817	5370479	338	0	0	0	5498453
984bt	Escherichia_coli_'BL21_Gold(DE3)pLysS_AG'_complete_genome	genome	+	NC_012947.1	t_pro_syme_symr	unknown	tblastn	0	3856323	3856661	338	0	0	0	4570938
1009bt	Escherichia_coli_strain_NCTC9085_genome_assembly_chromosome_1	genome	+	NZ_LR134078.1	t_pro_syme_symr	unknown	tblastn	0	4158069	4158407	338	0	0	0	4969367
1041bt	Escherichia_coli_B_str_REL606_complete_genome	genome	-	NC_012967.1	t_pro_syme_symr	unknown	tblastn	0	4557785	4557447	338	0	0	0	4629812
729bt	Escherichia_coli_BW25113_complete_genome	genome	-	NZ_CP009273.1	t_pro_syme_symr	unknown	tblastn	0	4569657	4569319	338	0	0	0	4631469
1118bt	Escherichia_coli_ATCC_25922_complete_genome	genome	-	NZ_CP009072.1	t_pro_syme_symr	unknown	tblastn	0	2613657	2613318	339	0	0	0	5130767
511bt	Escherichia_coli_strain_C4435_chromosome	chromosome	-	NZ_CP027851.1	t_pro_syme_symr	unknown	tblastn	0	5062766	5062427	339	0	0	0	5199428
1133bt	Escherichia_coli_strain_Ecol_732_complete_genome	genome	+	NZ_CP015138.1	t_pro_syme_symr	unknown	tblastn	0	1070576	1070915	339	0	0	0	5009900
1131bt	Escherichia_coli_strain_ML35_chromosome_complete_genome	genome	+	NZ_CP025747.1	t_pro_syme_symr	unknown	tblastn	0	4193677	4194016	339	0	0	0	4918774
1085bt	Escherichia_coli_DSM_30083_=_JCM_1649_=_ATCC_11775_chromosome_complete_genome	genome	+	NZ_CP033092.2	t_pro_syme_symr	unknown	tblastn	0	4073460	4073799	339	0	0	0	4903501
1004bt	Escherichia_albertii_strain_2014C_4015_chromosome_complete_genome	genome	-	NZ_CP034166.1	t_pro_syme_symr	unknown	tblastn	0	3162279	3161941	338	0	0	0	4623903
508bt	Escherichia_coli_ED1a_chromosome_complete_genome	chromosome	-	NC_011745.1	t_pro_syme_symr	unknown	tblastn	0	5142934	5142596	338	0	0	0	5209548
1015bt	Shigella_boydii_strain_54_1621_chromosome_complete_genome	genome	+	NZ_CP026810.1	t_pro_syme_symr	unknown	tblastn	0	3591942	3592280	338	0	0	0	4531304
1137bt	Kosakonia_cowanii_strain_FBS_223_chromosome_complete_genome	genome	-	NZ_CP035129.1	t_pro_syme_symr	unknown	tblastn	0	4094408	4094070	338	0	0	0	4685999
1135bt	Kosakonia_sp_CCTCC_M2018092_chromosome_complete_genome	genome	-	NZ_CP034225.1	t_pro_syme_symr	unknown	tblastn	0	4147754	4147416	338	0	0	0	4789478
510bt	Kosakonia_cowanii_strain_Esp_Z_genome	chromosome	+	NZ_CP022690.1	t_pro_syme_symr	unknown	tblastn	0	2889940	2890278	338	0	0	0	5077975
1145bt	Pantoea_agglomerans_strain_C410P1_chromosome_complete_genome	genome	+	NZ_CP016889.1	t_pro_syme_symr	unknown	tblastn	0	2131188	2131514	326	0	0	0	4182028
1140bt	Pantoea_agglomerans_strain_CFSAN047153_chromosome_complete_genome	genome	+	NZ_CP034469.1	t_pro_syme_symr	unknown	tblastn	0	578260	578586	326	0	0	0	4047712
1142bt	Pantoea_agglomerans_strain_L15_chromosome_complete_genome	genome	+	NZ_CP034148.1	t_pro_syme_symr	unknown	tblastn	0	545968	546294	326	0	0	0	4029228
1136bt	Pantoea_vagans_strain_FDAARGOS_160_chromosome_complete_genome	genome	+	NZ_CP014129.2	t_pro_syme_symr	unknown	tblastn	0	765547	765873	326	0	0	0	4050121
1150bt	Pantoea_vagans_strain_PV989_chromosome_complete_genome	genome	+	NZ_CP028349.1	t_pro_syme_symr	unknown	tblastn	0	1042867	1043193	326	0	0	0	4071006
1154bt	Pantoea_vagans_C9_1_complete_genome	genome	+	NC_014562.1	t_pro_syme_symr	unknown	tblastn	0	4003553	4003879	326	0	0	0	4024986
1159bt	Pantoea_vagans_strain_FBS135_chromosome_complete_genome	genome	-	NZ_CP020820.1	t_pro_syme_symr	unknown	tblastn	0	3505599	3505273	326	0	0	0	4023751
531bt	Salmonella_enterica_strain_201001922_chromosome	chromosome	+	NZ_CP028357.1	t_pro_syme_symr	unknown	tblastn	0	3142027	3142357	330	0	0	0	4858671
529bt	Salmonella_enterica_subsp_enterica_strain_2012K_0678_genome	chromosome	+	NZ_CP020718.1	t_pro_syme_symr	unknown	tblastn	0	1989624	1989954	330	0	0	0	4485606
524bt	Salmonella_enterica_subsp_enterica_serovar_Ouakam_strain_GNT_01_genome	chromosome	-	NZ_CP012038.1	t_pro_syme_symr	unknown	tblastn	0	3506496	3506166	330	0	0	0	5088451
523bt	Salmonella_enterica_subsp_enterica_strain_2014LSAL02547_chromosome	chromosome	+	NZ_CP029486.1	t_pro_syme_symr	unknown	tblastn	0	4524179	4524509	330	0	0	0	4884649
512bt	Salmonella_enterica_strain_SA20025921_chromosome_complete_genome	chromosome	+	NZ_CP030214.1	t_pro_syme_symr	unknown	tblastn	0	2341292	2341634	342	0	0	0	4882461
1156bt	Salmonella_enterica_strain_SA20104250_chromosome_complete_genome	genome	+	NZ_CP030190.1	t_pro_syme_symr	unknown	tblastn	0	4062533	4062875	342	0	0	0	4813547
1161bt	Salmonella_enterica_subsp_enterica_serovar_Typhi_isolate_E98_3139_sc_1927833_genome_assembly_chromos	genome	-	NZ_LT905143.1	t_pro_syme_symr	unknown	tblastn	0	1128229	1127887	342	0	0	0	4618754
517bt	Salmonella_enterica_subsp_enterica_serovar_Paratyphi_A_strain_CMCC50093_genome	chromosome	-	NZ_CP011967.1	t_pro_syme_symr	unknown	tblastn	0	4517778	4517436	342	0	0	0	4585229
1148bt	Salmonella_enterica_strain_SA20055162_chromosome_complete_genome	genome	-	NZ_CP030238.1	t_pro_syme_symr	unknown	tblastn	0	3947569	3947223	346	0	0	0	4640729
1153bt	Salmonella_enterica_strain_SA20080453_chromosome_complete_genome	genome	+	NZ_CP030194.1	t_pro_syme_symr	unknown	tblastn	0	3918275	3918614	339	0	0	0	4651373
1158bt	Salmonella_enterica_subsp_enterica_serovar_Napoli_strain_LC0541_17_chromosome_complete_genome	genome	+	NZ_CP030838.1	t_pro_syme_symr	unknown	tblastn	0	3985729	3986071	342	0	0	0	4679033
520bt	Salmonella_enterica_subsp_enterica_serovar_Braenderup_str_ATCC_BAA_664_chromosome_complete_genome	chromosome	-	NZ_CP034773.1	t_pro_syme_symr	unknown	tblastn	0	738483	738141	342	0	0	0	4704163
522bt	Salmonella_enterica_subsp_enterica_serovar_Choleraesuis_str_SCSA50_strain_A50_chromosome_whole_genom	chromosome	-	NZ_CM001062.1	t_pro_syme_symr	unknown	tblastn	0	4671503	4671161	342	0	0	0	4740379
516bt	Salmonella_enterica_subsp_enterica_serovar_Infantis_str_SARB27_chromosome_whole_genome_shotgun_seque	chromosome	-	NZ_CM001274.1	t_pro_syme_symr	unknown	tblastn	0	4798644	4798302	342	0	0	0	4878746
1149bt	Salmonella_enterica_strain_SA20055162_chromosome_complete_genome	genome	+	NZ_CP030238.1	t_pro_syme_symr	unknown	tblastn	0	3879286	3879625	339	0	0	0	4640729
515bt	Salmonella_enterica_subsp_houtenae_str_ATCC_BAA_1581_chromosome_whole_genome_shotgun_sequence	chromosome	-	NZ_CM001471.1	t_pro_syme_symr	unknown	tblastn	0	4601156	4600817	339	0	0	0	4672567
1160bt	Salmonella_enterica_subsp_houtenae_strain_NCTC7318_genome_assembly_chromosome_1	genome	+	NZ_LR134159.1	t_pro_syme_symr	unknown	tblastn	0	3963944	3964283	339	0	0	0	4867363
1157bt	Salmonella_enterica_subsp_salamae_serovar_Greenside_strain_NCTC9936_genome_assembly_chromosome_1	genome	+	NZ_LS483475.1	t_pro_syme_symr	unknown	tblastn	0	4019214	4019556	342	0	0	0	4732250
535bt	Klebsiella_pneumoniae_strain_FDAARGOS_442_chromosome_complete_genome	chromosome	+	NZ_CP023925.1	t_pro_syme_symr	unknown	tblastn	0	3134850	3135187	337	0	0	0	5329011
527bt	Raoultella_ornithinolytica_strain_18_sequence	chromosome	+	NZ_CP012555.1	t_pro_syme_symr	unknown	tblastn	0	3277922	3278252	330	0	0	0	5419815
1141bt	Pantoea_agglomerans_strain_CFSAN047153_chromosome_complete_genome	genome	-	NZ_CP034469.1	t_pro_syme_symr	unknown	tblastn	0	1074659	1074320	339	0	0	0	4047712
1143bt	Pantoea_agglomerans_strain_L15_chromosome_complete_genome	genome	-	NZ_CP034148.1	t_pro_syme_symr	unknown	tblastn	0	1056537	1056198	339	0	0	0	4029228
1146bt	Pantoea_agglomerans_strain_C410P1_chromosome_complete_genome	genome	-	NZ_CP016889.1	t_pro_syme_symr	unknown	tblastn	0	2649675	2649336	339	0	0	0	4182028
1155bt	Pantoea_vagans_C9_1_complete_genome	genome	-	NC_014562.1	t_pro_syme_symr	unknown	tblastn	0	479677	479338	339	0	0	0	4024986
1151bt	Pantoea_vagans_strain_PV989_chromosome_complete_genome	genome	-	NZ_CP028349.1	t_pro_syme_symr	unknown	tblastn	0	1542260	1541921	339	0	0	0	4071006
541bt	Pantoea_ananatis_strain_97_1_genome	chromosome	-	NZ_CP020943.1	t_pro_syme_symr	unknown	tblastn	0	1290991	1290645	346	0	0	0	4571392
542bt	Pantoea_ananatis_strain_SGAir0210_chromosome	chromosome	+	NZ_CP028033.1	t_pro_syme_symr	unknown	tblastn	0	3254751	3255097	346	0	0	0	4504657
549bt	Enterobacter_cloacae_strain_DG6_genome_assembly_chromosome_I	chromosome	-	NZ_LT840187.1	t_pro_syme_symr	unknown	tblastn	0	2150277	2149937	340	0	0	0	4773509
547bt	Enterobacter_hormaechei_subsp_xiangfangensis_strain_UM_CRE_14_chromosome	chromosome	-	NZ_CP023430.1	t_pro_syme_symr	unknown	tblastn	0	175515	175175	340	0	0	0	4924340
546bt	Enterobacter_cloacae_strain_NH52_chromosome_I_whole_genome_shotgun_sequence	chromosome	+	NZ_LT160614.1	t_pro_syme_symr	unknown	tblastn	0	1232391	1232731	340	0	0	0	5159348
538bt	Erwinia_pyrifoliae_DSM_12163_complete_genome_culture_collection_DSM_12163	chromosome	+	NC_017390.1	t_pro_syme_symr	unknown	tblastn	0	3856375	3856714	339	0	0	0	4026286
537bt	Erwinia_pyrifoliae_DSM_12163_complete_genome_culture_collection_DSM_12163	chromosome	-	NC_017390.1	t_pro_syme_symr	unknown	tblastn	0	3197485	3197146	339	0	0	0	4026286
1146bt	Pantoea_agglomerans_strain_C410P1_chromosome_complete_genome	genome	-	NZ_CP016889.1	t_pro_syme_symr	unknown	tblastn	0	3143129	3142790	339	0	0	0	4182028
540bt	Erwinia_pyrifoliae_DSM_12163_complete_genome_culture_collection_DSM_12163	chromosome	-	NC_017390.1	t_pro_syme_symr	unknown	tblastn	0	3469674	3469330	344	0	0	0	4026286
888bt	Escherichia_albertii_strain_05_3106_chromosome_complete_genome	genome	+	NZ_CP030778.2	t_pro_syme_symr	unknown	tblastn	0	610158	610502	344	0	0	0	4719735
522bt	Salmonella_enterica_subsp_enterica_serovar_Choleraesuis_str_SCSA50_strain_A50_chromosome_whole_genom	chromosome	-	NZ_CM001062.1	t_pro_syme_symr	unknown	tblastn	0	332505	332158	347	0	0	0	4740379
696bt	Salmonella_enterica_subsp_enterica_serovar_Dublin_genome_assembly_SC50_1_chromosome__I	chromosome	-	NZ_LK931502.1	t_pro_syme_symr	unknown	tblastn	0	46614	46267	347	0	0	0	4814038
698bt	Pectobacterium_parmentieri_strain_IFB5623_chromosome	chromosome	-	NZ_CP026986.1	t_pro_syme_symr	unknown	tblastn	0	390374	390030	344	0	0	0	5006798
1143bt	Pantoea_agglomerans_strain_L15_chromosome_complete_genome	genome	-	NZ_CP034148.1	t_pro_syme_symr	unknown	tblastn	0	2422399	2422053	346	0	0	0	4029228
544bt	Xenorhabdus_nematophila_ATCC_19061_chromosome_complete_genome	chromosome	+	NC_014228.1	t_pro_syme_symr	unknown	tblastn	0	2892062	2892406	344	0	0	0	4432590
544bt	Xenorhabdus_nematophila_ATCC_19061_chromosome_complete_genome	chromosome	+	NC_014228.1	t_pro_syme_symr	unknown	tblastn	0	2899211	2899555	344	0	0	0	4432590
545bt	Xenorhabdus_nematophila_ATCC_19061_chromosome_complete_genome	chromosome	+	NC_014228.1	t_pro_syme_symr	unknown	tblastn	0	1340224	1340568	344	0	0	0	4432590
548bt	Providencia_stuartii_strain_FDAARGOS_87_chromosome_complete_genome	chromosome	+	NZ_CP031508.1	t_pro_syme_symr	unknown	tblastn	0	4155015	4155359	344	0	0	0	4391784
510bt	Kosakonia_cowanii_strain_Esp_Z_genome	chromosome	+	NZ_CP022690.1	t_pro_syme_symr	unknown	tblastn	0	500186	500527	341	0	0	0	5077975
