2020bat	Escherichia_coli_'BL21_Gold(DE3)pLysS_AG'_complete_genome	genome	-	NC_012947.1	at_nt_ldr_rdl	unknown	blastn	0	211548	211483	65	0	0	0	4570938
1533bat	Escherichia_coli_strain_F5176C6_chromosome	chromosome	+	NZ_CP024667.1	at_nt_ldr_rdl	unknown	blastn	0	2517865	2517930	65	0	0	0	5069417
2025bat	Escherichia_coli_strain_WB61_chromosome_complete_genome	genome	+	NZ_CP020025.1	at_nt_ldr_rdl	unknown	blastn	0	4422754	4422819	65	0	0	0	4687045
1982bat	Escherichia_coli_O157_H16_strain_Santai_complete_genome	genome	+	NZ_CP007592.1	at_nt_ldr_rdl	unknown	blastn	0	4239277	4239342	65	0	0	0	5104557
1970bat	Escherichia_coli_strain_05_3629_chromosome_complete_genome	genome	-	NZ_CP027373.1	at_nt_ldr_rdl	unknown	blastn	0	2287339	2287274	65	0	0	0	4904151
2030bat	Escherichia_coli_DNA_complete_genome_strain_MRY15_117	genome	+	NZ_AP017617.1	at_nt_ldr_rdl	unknown	blastn	0	3975914	3975979	65	0	0	0	5117319
2036bat	Escherichia_coli_strain_203740_chromosome_complete_genome	genome	+	NZ_CP025913.1	at_nt_ldr_rdl	unknown	blastn	0	982766	982831	65	0	0	0	4922099
1849bat	Escherichia_coli_strain_C10_complete_genome	genome	+	NZ_CP010132.1	at_nt_ldr_rdl	unknown	blastn	0	625247	625312	65	0	0	0	5021692
2172bat	Escherichia_coli_0127_H6_E2348_69_complete_genome_strain_E2348_69	genome	+	NC_011601.1	at_nt_ldr_rdl	unknown	blastn	0	3946265	3946330	65	0	0	0	4965553
1754bat	Escherichia_coli_strain_FORC_082_chromosome_complete_genome	genome	-	NZ_CP026641.1	at_nt_ldr_rdl	unknown	blastn	0	201850	201786	64	0	0	0	4728307
2027bat	Escherichia_coli_strain_ST2747_complete_genome	genome	+	NZ_CP007394.1	at_nt_ldr_rdl	unknown	blastn	0	4528324	4528389	65	0	0	0	5090442
1910bat	Escherichia_coli_strain_88_3493_chromosome_complete_genome	genome	-	NZ_CP027457.1	at_nt_ldr_rdl	unknown	blastn	0	2133375	2133310	65	0	0	0	5001754
2180bat	Escherichia_coli_536_complete_genome	genome	+	NC_008253.1	at_nt_ldr_rdl	unknown	blastn	0	3814515	3814580	65	0	0	0	4938920
1534bat	Escherichia_coli_strain_BR14_DEC_chromosome	chromosome	-	NZ_CP035330.1	at_nt_ldr_rdl	unknown	blastn	0	731784	731719	65	0	0	0	5110451
1589bat	Escherichia_coli_FAP1_genome	chromosome	+	NZ_CP009578.1	at_nt_ldr_rdl	unknown	blastn	0	4340853	4340918	65	0	0	0	4874804
2139bat	Escherichia_coli_strain_PAR_complete_genome	genome	+	NZ_CP012379.1	at_nt_ldr_rdl	unknown	blastn	0	3845858	3845924	66	0	0	0	4859743
1892bat	Escherichia_coli_strain_AR_0061_complete_genome	genome	-	NZ_CP020058.1	at_nt_ldr_rdl	unknown	blastn	0	3173514	3173450	64	0	0	0	4595238
2172bat	Escherichia_coli_0127_H6_E2348_69_complete_genome_strain_E2348_69	genome	+	NC_011601.1	at_nt_ldr_rdl	unknown	blastn	0	3946748	3946813	65	0	0	0	4965553
2098bat	Escherichia_coli_P12b_complete_genome	genome	+	NC_017663.1	at_nt_ldr_rdl	unknown	blastn	0	4001376	4001441	65	0	0	0	4935294
2314bat	Shigella_boydii_strain_54_1621_chromosome_complete_genome	genome	-	NZ_CP026810.1	at_nt_ldr_rdl	unknown	blastn	0	4338931	4338867	64	0	0	0	4531304
2194bat	Shigella_sonnei_strain_AUSMDU00008333_genome_assembly_chromosome_1	genome	-	NZ_LR213458.1	at_nt_ldr_rdl	unknown	blastn	0	229924	229858	66	0	0	0	4722057
2190bat	Shigella_sonnei_strain_FDAARGOS_524_chromosome_complete_genome	genome	+	NZ_CP034067.1	at_nt_ldr_rdl	unknown	blastn	0	1822809	1822874	65	0	0	0	4828074
1966bat	Escherichia_coli_strain_103_chromosome_complete_genome	genome	-	NZ_CP020495.1	at_nt_ldr_rdl	unknown	blastn	0	215170	215105	65	0	0	0	5162123
2309bat	Shigella_boydii_strain_ATCC_49812_chromosome_complete_genome	genome	+	NZ_CP026836.1	at_nt_ldr_rdl	unknown	blastn	0	3527563	3527628	65	0	0	0	5106737
2763bt	Escherichia_coli_strain_05_3629_chromosome_complete_genome	genome	+	NZ_CP027373.1	t_nt_ldr_rdl	unknown	blastn	0	2286905	2287012	107	0	0	0	4904151
1288bt	Escherichia_coli_strain_BR29_DEC_chromosome	chromosome	-	NZ_CP035339.1	t_nt_ldr_rdl	unknown	blastn	0	3950506	3950399	107	0	0	0	4807613
2805bt	Escherichia_coli_'BL21_Gold(DE3)pLysS_AG'_complete_genome	genome	+	NC_012947.1	t_nt_ldr_rdl	unknown	blastn	0	210631	210738	107	0	0	0	4570938
2820bt	Shigella_flexneri_strain_SFL1520_chromosome_complete_genome	genome	-	NZ_CP032513.1	t_nt_ldr_rdl	unknown	blastn	0	3542714	3542607	107	0	0	0	4575536
1422bt	Escherichia_coli_strain_2016C_3936C1_chromosome_complete_genome	chromosome	+	NZ_CP018770.2	t_nt_ldr_rdl	unknown	blastn	0	5008055	5008162	107	0	0	0	5060620
1420bt	Escherichia_coli_strain_2016C_3936C1_chromosome_complete_genome	chromosome	+	NZ_CP018770.2	t_nt_ldr_rdl	unknown	blastn	0	5009021	5009128	107	0	0	0	5060620
1447bt	Escherichia_coli_M12_chromosome	chromosome	-	NZ_CP023644.1	t_nt_ldr_rdl	unknown	blastn	0	4502215	4502108	107	0	0	0	4984145
3107bt	Escherichia_coli_ACN001_complete_genome	genome	-	NZ_CP007442.1	t_nt_ldr_rdl	unknown	blastn	0	3876514	3876407	107	0	0	0	4936576
2850bt	Escherichia_coli_SLK172_complete_genome	genome	+	NZ_CP017631.1	t_nt_ldr_rdl	unknown	blastn	0	191853	191960	107	0	0	0	5283836
1412bt	Escherichia_coli_strain_CCUG_70745_chromosome	chromosome	-	NZ_CP023258.1	t_nt_ldr_rdl	unknown	blastn	0	4060560	4060453	107	0	0	0	5074278
1439bt	Escherichia_coli_strain_PPECC42_chromosome_PPECC42_whole_genome_shotgun_sequence	chromosome	-	NZ_CM003707.1	t_nt_ldr_rdl	unknown	blastn	0	3927202	3927095	107	0	0	0	5019692
2806bt	Escherichia_coli_'BL21_Gold(DE3)pLysS_AG'_complete_genome	genome	+	NC_012947.1	t_nt_ldr_rdl	unknown	blastn	0	211114	211221	107	0	0	0	4570938
3250bt	Shigella_boydii_strain_54_1621_chromosome_complete_genome	genome	+	NZ_CP026810.1	t_nt_ldr_rdl	unknown	blastn	0	4338980	4339087	107	0	0	0	4531304
2975bt	Escherichia_coli_strain_AS19_RrmA_chromosome_complete_genome	genome	+	NZ_CP027430.1	t_nt_ldr_rdl	unknown	blastn	0	2490986	2491093	107	0	0	0	4607960
2806bt	Escherichia_coli_'BL21_Gold(DE3)pLysS_AG'_complete_genome	genome	+	NC_012947.1	t_nt_ldr_rdl	unknown	blastn	0	211597	211704	107	0	0	0	4570938
3023bt	Escherichia_coli_strain_214_4_chromosome_complete_genome	genome	+	NZ_CP025840.1	t_nt_ldr_rdl	unknown	blastn	0	1952445	1952552	107	0	0	0	5138709
2887bt	Escherichia_coli_strain_H1_complete_genome	genome	-	NZ_CP010160.1	t_nt_ldr_rdl	unknown	blastn	0	2189963	2189856	107	0	0	0	4818512
3107bt	Escherichia_coli_ACN001_complete_genome	genome	-	NZ_CP007442.1	t_nt_ldr_rdl	unknown	blastn	0	3876997	3876890	107	0	0	0	4936576
1434bt	Escherichia_coli_O104_H4_strain_LB226692_chromosome	chromosome	+	NZ_CP024992.1	t_nt_ldr_rdl	unknown	blastn	0	1738371	1738477	106	0	0	0	5299262
1420bt	Escherichia_coli_strain_2016C_3936C1_chromosome_complete_genome	chromosome	+	NZ_CP018770.2	t_nt_ldr_rdl	unknown	blastn	0	5008538	5008645	107	0	0	0	5060620
1416bt	Escherichia_coli_strain_89_3506_isolate_89_3506_chromosome	chromosome	-	NZ_CP027520.1	t_nt_ldr_rdl	unknown	blastn	0	1924292	1924185	107	0	0	0	5178486
3483bt	Escherichia_coli_E2865_DNA_complete_genome	genome	-	NZ_AP018808.1	t_nt_ldr_rdl	unknown	blastn	0	4603573	4603466	107	0	0	0	5678205
3252bt	Shigella_boydii_strain_54_1621_chromosome_complete_genome	genome	+	NZ_CP026810.1	t_nt_ldr_rdl	unknown	blastn	0	4339462	4339568	106	0	0	0	4531304
1319bt	Escherichia_coli_strain_BR03_DEC_chromosome	chromosome	+	NZ_CP035321.1	t_nt_ldr_rdl	unknown	blastn	0	1325723	1325830	107	0	0	0	5038603
2817bt	Shigella_flexneri_strain_SFL1520_chromosome_complete_genome	genome	-	NZ_CP032513.1	t_nt_ldr_rdl	unknown	blastn	0	3543197	3543090	107	0	0	0	4575536
3297bt	Escherichia_coli_strain_SMN013SH2_chromosome_complete_genome	genome	+	NZ_CP023673.1	t_nt_ldr_rdl	unknown	blastn	0	217061	217168	107	0	0	0	5143533
1416bt	Escherichia_coli_strain_89_3506_isolate_89_3506_chromosome	chromosome	-	NZ_CP027520.1	t_nt_ldr_rdl	unknown	blastn	0	1924776	1924669	107	0	0	0	5178486
1310bt	Escherichia_coli_strain_BR07_DEC_chromosome	chromosome	+	NZ_CP035322.1	t_nt_ldr_rdl	unknown	blastn	0	966310	966417	107	0	0	0	5052397
3102bt	Escherichia_coli_JJ1886_complete_genome	genome	-	NC_022648.1	t_nt_ldr_rdl	unknown	blastn	0	4037072	4036965	107	0	0	0	5129938
1307bt	Escherichia_coli_strain_BR43_DEC_chromosome	chromosome	+	NZ_CP035377.1	t_nt_ldr_rdl	unknown	blastn	0	531825	531932	107	0	0	0	5122458
2864bt	Escherichia_coli_strain_PAR_complete_genome	genome	-	NZ_CP012379.1	t_nt_ldr_rdl	unknown	blastn	0	3845809	3845702	107	0	0	0	4859743
3096bt	Escherichia_coli_O157_H16_strain_Santai_complete_genome	genome	-	NZ_CP007592.1	t_nt_ldr_rdl	unknown	blastn	0	4238262	4238155	107	0	0	0	5104557
2605bt	Escherichia_coli_strain_L725_chromosome_complete_genome	genome	+	NZ_CP036202.1	t_nt_ldr_rdl	unknown	blastn	0	1707281	1707388	107	0	0	0	4834354
3038bt	Escherichia_coli_strain_2011C_4251_chromosome_complete_genome	genome	-	NZ_CP027388.1	t_nt_ldr_rdl	unknown	blastn	0	3679212	3679105	107	0	0	0	5440026
3135bt	Shigella_sonnei_strain_866_chromosome_complete_genome	genome	+	NZ_CP022672.1	t_nt_ldr_rdl	unknown	blastn	0	4812999	4813106	107	0	0	0	4849628
3137bt	Shigella_sonnei_strain_866_chromosome_complete_genome	genome	+	NZ_CP022672.1	t_nt_ldr_rdl	unknown	blastn	0	4812033	4812140	107	0	0	0	4849628
1429bt	Escherichia_coli_PMV_1_main_chromosome_complete_genome	chromosome	-	NC_022370.1	t_nt_ldr_rdl	unknown	blastn	0	3969151	3969044	107	0	0	0	4984940
1417bt	Escherichia_coli_strain_89_3506_isolate_89_3506_chromosome	chromosome	-	NZ_CP027520.1	t_nt_ldr_rdl	unknown	blastn	0	1923809	1923702	107	0	0	0	5178486
1447bt	Escherichia_coli_M12_chromosome	chromosome	-	NZ_CP023644.1	t_nt_ldr_rdl	unknown	blastn	0	4502698	4502591	107	0	0	0	4984145
3057bt	Escherichia_coli_SE15_DNA_complete_genome	genome	-	NC_013654.1	t_nt_ldr_rdl	unknown	blastn	0	3655146	3655039	107	0	0	0	4717338
2897bt	Escherichia_coli_strain_FDAARGOS_144_chromosome_complete_genome	genome	-	NZ_CP014111.1	t_nt_ldr_rdl	unknown	blastn	0	3102394	3102287	107	0	0	0	4829687
1448bt	Escherichia_fergusonii_ECD227_chromosome_whole_genome_shotgun_sequence	chromosome	-	NZ_CM001142.1	t_nt_ldr_rdl	unknown	blastn	0	3602078	3601971	107	0	0	0	4509864
160bt	Escherichia_coli_strain_05_3629_chromosome_complete_genome	genome	+	NZ_CP027373.1	t_pro_ldr_rdl	unknown	tblastn	0	2286905	2287009	104	0	0	0	4904151
3611bt	Escherichia_coli_strain_BR29_DEC_chromosome	chromosome	-	NZ_CP035339.1	t_pro_ldr_rdl	unknown	tblastn	0	3950506	3950402	104	0	0	0	4807613
384bt	Escherichia_coli_'BL21_Gold(DE3)pLysS_AG'_complete_genome	genome	+	NC_012947.1	t_pro_ldr_rdl	unknown	tblastn	0	210631	210735	104	0	0	0	4570938
557bt	Escherichia_coli_C_complete_genome	genome	-	NZ_CP020543.1	t_pro_ldr_rdl	unknown	tblastn	0	326172	326068	104	0	0	0	4617024
851bt	Escherichia_coli_IAI39_chromosome_complete_genome	genome	-	NC_011750.1	t_pro_ldr_rdl	unknown	tblastn	0	4214263	4214159	104	0	0	0	5132068
3669bt	Escherichia_coli_strain_2016C_3936C1_chromosome_complete_genome	chromosome	+	NZ_CP018770.2	t_pro_ldr_rdl	unknown	tblastn	0	5008055	5008159	104	0	0	0	5060620
853bt	Escherichia_coli_IAI39_chromosome_complete_genome	genome	-	NC_011750.1	t_pro_ldr_rdl	unknown	tblastn	0	4212812	4212708	104	0	0	0	5132068
1097bt	Escherichia_coli_55989_chromosome_complete_genome	genome	-	NC_011748.1	t_pro_ldr_rdl	unknown	tblastn	0	4065248	4065144	104	0	0	0	5154862
126bt	Escherichia_coli_SLK172_complete_genome	genome	+	NZ_CP017631.1	t_pro_ldr_rdl	unknown	tblastn	0	191853	191957	104	0	0	0	5283836
849bt	Escherichia_coli_strain_2014C_3075_chromosome_complete_genome	genome	-	NZ_CP027447.1	t_pro_ldr_rdl	unknown	tblastn	0	3243268	3243164	104	0	0	0	5168620
3774bt	Escherichia_coli_strain_CCUG_70745_chromosome	chromosome	-	NZ_CP023258.1	t_pro_ldr_rdl	unknown	tblastn	0	4060560	4060456	104	0	0	0	5074278
385bt	Escherichia_coli_'BL21_Gold(DE3)pLysS_AG'_complete_genome	genome	+	NC_012947.1	t_pro_ldr_rdl	unknown	tblastn	0	211114	211218	104	0	0	0	4570938
441bt	Shigella_boydii_strain_54_1621_chromosome_complete_genome	genome	+	NZ_CP026810.1	t_pro_ldr_rdl	unknown	tblastn	0	4338980	4339084	104	0	0	0	4531304
440bt	Escherichia_coli_strain_AS19_RrmA_chromosome_complete_genome	genome	+	NZ_CP027430.1	t_pro_ldr_rdl	unknown	tblastn	0	2490986	2491090	104	0	0	0	4607960
385bt	Escherichia_coli_'BL21_Gold(DE3)pLysS_AG'_complete_genome	genome	+	NC_012947.1	t_pro_ldr_rdl	unknown	tblastn	0	211597	211701	104	0	0	0	4570938
133bt	Escherichia_coli_strain_214_4_chromosome_complete_genome	genome	+	NZ_CP025840.1	t_pro_ldr_rdl	unknown	tblastn	0	1952445	1952549	104	0	0	0	5138709
3767bt	Escherichia_coli_strain_L103_2_chromosome_complete_genome	chromosome	+	NZ_CP034843.1	t_pro_ldr_rdl	unknown	tblastn	0	193355	193459	104	0	0	0	4773616
907bt	Escherichia_coli_ABU_83972_complete_genome	genome	-	NC_017631.1	t_pro_ldr_rdl	unknown	tblastn	0	4043677	4043573	104	0	0	0	5131397
1225bt	Escherichia_coli_E24377A_complete_genome	genome	-	NC_009801.1	t_pro_ldr_rdl	unknown	tblastn	0	4012916	4012812	104	0	0	0	4979619
809bt	Escherichia_coli_DNA_complete_genome_strain_MRY15_117	genome	-	NZ_AP017617.1	t_pro_ldr_rdl	unknown	tblastn	0	3975865	3975761	104	0	0	0	5117319
801bt	Escherichia_coli_APEC_IMT5155_complete_genome	genome	-	NZ_CP005930.1	t_pro_ldr_rdl	unknown	tblastn	0	1836243	1836139	104	0	0	0	4929051
3656bt	Escherichia_coli_strain_BR43_DEC_chromosome	chromosome	+	NZ_CP035377.1	t_pro_ldr_rdl	unknown	tblastn	0	531825	531929	104	0	0	0	5122458
869bt	Escherichia_coli_0127_H6_E2348_69_complete_genome_strain_E2348_69	genome	-	NC_011601.1	t_pro_ldr_rdl	unknown	tblastn	0	3946699	3946595	104	0	0	0	4965553
1095bt	Escherichia_coli_55989_chromosome_complete_genome	genome	-	NC_011748.1	t_pro_ldr_rdl	unknown	tblastn	0	4065731	4065627	104	0	0	0	5154862
3703bt	Escherichia_coli_strain_BR03_DEC_chromosome	chromosome	+	NZ_CP035321.1	t_pro_ldr_rdl	unknown	tblastn	0	1325723	1325827	104	0	0	0	5038603
435bt	Shigella_flexneri_strain_SFL1520_chromosome_complete_genome	genome	-	NZ_CP032513.1	t_pro_ldr_rdl	unknown	tblastn	0	3543197	3543093	104	0	0	0	4575536
809bt	Escherichia_coli_DNA_complete_genome_strain_MRY15_117	genome	-	NZ_AP017617.1	t_pro_ldr_rdl	unknown	tblastn	0	3976348	3976244	104	0	0	0	5117319
852bt	Escherichia_coli_IAI39_chromosome_complete_genome	genome	-	NC_011750.1	t_pro_ldr_rdl	unknown	tblastn	0	4213296	4213192	104	0	0	0	5132068
855bt	Escherichia_coli_strain_CFSAN018748_chromosome_complete_genome	genome	+	NZ_CP028192.1	t_pro_ldr_rdl	unknown	tblastn	0	658111	658215	104	0	0	0	5071057
3749bt	Escherichia_coli_strain_BR07_DEC_chromosome	chromosome	+	NZ_CP035322.1	t_pro_ldr_rdl	unknown	tblastn	0	966310	966414	104	0	0	0	5052397
1154bt	Escherichia_coli_O178_H19_strain_2012C_4431_chromosome_complete_genome	genome	+	NZ_CP024289.1	t_pro_ldr_rdl	unknown	tblastn	0	4142099	4142203	104	0	0	0	5074559
875bt	Escherichia_coli_O157_H16_strain_Santai_complete_genome	genome	-	NZ_CP007592.1	t_pro_ldr_rdl	unknown	tblastn	0	4238262	4238158	104	0	0	0	5104557
195bt	Escherichia_coli_strain_L725_chromosome_complete_genome	genome	+	NZ_CP036202.1	t_pro_ldr_rdl	unknown	tblastn	0	1707281	1707385	104	0	0	0	4834354
1096bt	Escherichia_coli_55989_chromosome_complete_genome	genome	-	NC_011748.1	t_pro_ldr_rdl	unknown	tblastn	0	4066696	4066593	103	0	0	0	5154862
769bt	Escherichia_coli_APEC_O1_complete_genome	genome	-	NC_008563.1	t_pro_ldr_rdl	unknown	tblastn	0	3999982	3999878	104	0	0	0	5082025
3759bt	Escherichia_coli_strain_89_3506_isolate_89_3506_chromosome	chromosome	-	NZ_CP027520.1	t_pro_ldr_rdl	unknown	tblastn	0	1923809	1923705	104	0	0	0	5178486
827bt	Escherichia_coli_strain_NCTC10444_genome_assembly_chromosome_1	genome	+	NZ_LR134092.1	t_pro_ldr_rdl	unknown	tblastn	0	227140	227244	104	0	0	0	5295029
3783bt	Escherichia_coli_M12_chromosome	chromosome	-	NZ_CP023644.1	t_pro_ldr_rdl	unknown	tblastn	0	4502698	4502594	104	0	0	0	4984145
752bt	Escherichia_coli_SE15_DNA_complete_genome	genome	-	NC_013654.1	t_pro_ldr_rdl	unknown	tblastn	0	3655146	3655042	104	0	0	0	4717338
717bt	Escherichia_coli_strain_FDAARGOS_144_chromosome_complete_genome	genome	-	NZ_CP014111.1	t_pro_ldr_rdl	unknown	tblastn	0	3102394	3102290	104	0	0	0	4829687
3784bt	Escherichia_fergusonii_ECD227_chromosome_whole_genome_shotgun_sequence	chromosome	-	NZ_CM001142.1	t_pro_ldr_rdl	unknown	tblastn	0	3602078	3601974	104	0	0	0	4509864
3785bt	Citrobacter_freundii_strain_BD_genome	chromosome	+	NZ_CP018810.1	t_pro_ldr_rdl	unknown	tblastn	0	2341818	2341922	104	0	0	0	5098116
