1059bat	Escherichia_coli_042_complete_genome	genome	-	NC_017626.1	at_nt_hok_sok_ena	unknown	blastn	0	17141	16989	152	0	0	0	5241977
1115bat	Escherichia_coli_strain_2009C_3554_chromosome_complete_genome	genome	+	NZ_CP034803.1	at_nt_hok_sok_ena	unknown	blastn	0	2307724	2307876	152	0	0	0	5496616
1133bat	Escherichia_coli_ACN001_complete_genome	genome	-	NZ_CP007442.1	at_nt_hok_sok_ena	unknown	blastn	0	15684	15532	152	0	0	0	4936576
1124bat	Escherichia_coli_O157_H16_strain_Santai_complete_genome	genome	-	NZ_CP007592.1	at_nt_hok_sok_ena	unknown	blastn	0	260717	260565	152	0	0	0	5104557
1113bat	Escherichia_coli_strain_2014C_3061_chromosome_complete_genome	genome	+	NZ_CP027548.1	at_nt_hok_sok_ena	unknown	blastn	0	3575095	3575247	152	0	0	0	5303935
1129bat	Escherichia_coli_B7A_complete_genome	genome	+	NZ_CP005998.1	at_nt_hok_sok_ena	unknown	blastn	0	2308984	2309136	152	0	0	0	4944397
1173bat	Escherichia_coli_strain_NCTC8196_genome_assembly_chromosome_1	genome	-	NZ_LR134270.1	at_nt_hok_sok_ena	unknown	blastn	0	802774	802622	152	0	0	0	4857140
1132bat	Escherichia_coli_APEC_IMT5155_complete_genome	genome	-	NZ_CP005930.1	at_nt_hok_sok_ena	unknown	blastn	0	2931753	2931601	152	0	0	0	4929051
1164bat	Escherichia_coli_strain_PA45B_chromosome_complete_genome	genome	-	NZ_CP021288.1	at_nt_hok_sok_ena	unknown	blastn	0	15756	15604	152	0	0	0	5074754
1222bat	Escherichia_coli_strain_CFSAN018748_chromosome_complete_genome	genome	+	NZ_CP028192.1	at_nt_hok_sok_ena	unknown	blastn	0	4671121	4671273	152	0	0	0	5071057
1238bat	Escherichia_coli_BH100L_substr_MG2017_complete_genome	genome	-	NZ_CP025716.1	at_nt_hok_sok_ena	unknown	blastn	0	25648	25496	152	0	0	0	5033214
727bat	Escherichia_coli_strain_BR14_DEC_chromosome	chromosome	-	NZ_CP035330.1	at_nt_hok_sok_ena	unknown	blastn	0	1556922	1556770	152	0	0	0	5110451
715bat	Escherichia_coli_FAP1_genome	chromosome	-	NZ_CP009578.1	at_nt_hok_sok_ena	unknown	blastn	0	544865	544713	152	0	0	0	4874804
724bat	Escherichia_coli_strain_CCUG_70745_chromosome	chromosome	-	NZ_CP023258.1	at_nt_hok_sok_ena	unknown	blastn	0	141949	141797	152	0	0	0	5074278
1114bat	Escherichia_coli_strain_2012C_4221_chromosome_complete_genome	genome	+	NZ_CP027437.1	at_nt_hok_sok_ena	unknown	blastn	0	2245540	2245692	152	0	0	0	5012557
717bat	Escherichia_coli_UMNF18_chromosome_whole_genome_shotgun_sequence	chromosome	-	NZ_AGTD01000001.1	at_nt_hok_sok_ena	unknown	blastn	0	17066	16914	152	0	0	0	5239207
1145bat	Escherichia_coli_VR50_complete_genome	genome	-	NZ_CP011134.1	at_nt_hok_sok_ena	unknown	blastn	0	15704	15552	152	0	0	0	5000386
731bat	Escherichia_coli_strain_2013C_3304_chromosome	chromosome	+	NZ_CP027593.1	at_nt_hok_sok_ena	unknown	blastn	0	5251330	5251482	152	0	0	0	5310050
718bat	Escherichia_coli_strain_UFU_EC98_chromosome	chromosome	+	NZ_CP024092.1	at_nt_hok_sok_ena	unknown	blastn	0	1594974	1595126	152	0	0	0	4849850
698bat	Shigella_boydii_strain_NCTC_9734_chromosome	chromosome	+	NZ_CP026875.1	at_nt_hok_sok_ena	unknown	blastn	0	5058181	5058332	151	0	0	0	5164076
1061bat	Shigella_dysenteriae_strain_69_3818_chromosome_complete_genome	genome	-	NZ_CP026777.1	at_nt_hok_sok_ena	unknown	blastn	0	2209159	2209007	152	0	0	0	4390268
690bat	Shigella_dysenteriae_strain_ATCC_9764_chromosome	chromosome	+	NZ_CP026872.1	at_nt_hok_sok_ena	unknown	blastn	0	2196374	2196525	151	0	0	0	4711198
857bat	Escherichia_coli_BW25113_complete_genome	genome	-	NZ_CP009273.1	at_nt_hok_sok_ena	unknown	blastn	0	17053	16901	152	0	0	0	4631469
980bat	Escherichia_coli_strain_2452_chromosome_complete_genome	genome	+	NZ_CP031833.1	at_nt_hok_sok_ena	unknown	blastn	0	3976707	3976859	152	0	0	0	4854459
677bat	Shigella_flexneri_5a_str_M90T_chromosome_whole_genome_shotgun_sequence	chromosome	-	NZ_CM001474.1	at_nt_hok_sok_ena	unknown	blastn	0	15815	15663	152	0	0	0	4580866
913bat	Escherichia_coli_strain_NCTC9064_genome_assembly_chromosome_1	genome	+	NZ_LR134315.1	at_nt_hok_sok_ena	unknown	blastn	0	3831825	3831977	152	0	0	0	4636685
1116bat	Escherichia_coli_strain_144_chromosome_complete_genome	genome	+	NZ_CP023364.1	at_nt_hok_sok_ena	unknown	blastn	0	4244591	4244743	152	0	0	0	5134443
1241bat	Escherichia_coli_strain_AR_0372_chromosome_complete_genome	genome	-	NZ_CP027134.1	at_nt_hok_sok_ena	unknown	blastn	0	799758	799606	152	0	0	0	5211570
1206bat	Escherichia_coli_strain_Ecol_316_chromosome_complete_genome	genome	-	NZ_CP018957.1	at_nt_hok_sok_ena	unknown	blastn	0	2135935	2135783	152	0	0	0	5056072
741bat	Escherichia_coli_strain_BR32_DEC_chromosome	chromosome	+	NZ_CP035350.1	at_nt_hok_sok_ena	unknown	blastn	0	4801633	4801785	152	0	0	0	4838618
291bt	Citrobacter_freundii_isolate_Citrobacter_freundii_str_U2785_genome_assembly_plasmid_2	genome	-	NZ_LS992184.1	t_nt_hok_sok_ena	unknown	blastn	0	128991	128833	158	0	0	0	185156
308bt	Shigella_flexneri_4c_strain_0702_plasmid_unnamed1_complete_sequence	genome	-	NZ_CP020340.1	t_nt_hok_sok_ena	unknown	blastn	0	7850	7693	157	0	0	0	73096
16bt	Escherichia_coli_strain_89_3506_isolate_89_3506_plasmid_unnamed1	chromosome	+	NZ_CP027521.1	t_nt_hok_sok_ena	unknown	blastn	0	156672	156831	159	0	0	0	160231
297bt	Escherichia_coli_strain_FMU073332_plasmid_pEcoFMU07332d_sequence	genome	-	NZ_CP017848.1	t_nt_hok_sok_ena	unknown	blastn	0	30318	30160	158	0	0	0	137665
305bt	Escherichia_coli_strain_14EC047_plasmid_p14EC047b_complete_sequence	genome	+	NZ_CP024157.1	t_nt_hok_sok_ena	unknown	blastn	0	85333	85491	158	0	0	0	88736
292bt	Escherichia_coli_strain_WCHEC005237_plasmid_pRmtB1_005237_complete_sequence	genome	-	NZ_CP026579.1	t_nt_hok_sok_ena	unknown	blastn	0	66773	66615	158	0	0	0	100229
307bt	Escherichia_coli_NCCP15648_plasmid_p15648_3_complete_sequence	genome	-	NZ_CP009053.1	t_nt_hok_sok_ena	unknown	blastn	0	21786	21628	158	0	0	0	78111
304bt	Escherichia_coli_strain_2015C_4136CT1_plasmid_unnamed_complete_sequence	genome	-	NZ_CP027551.1	t_nt_hok_sok_ena	unknown	blastn	0	160723	160565	158	0	0	0	162810
26bt	Escherichia_coli_isolate_Co6114_plasmid_pC06114_1_complete_sequence	chromosome	-	NZ_CP016035.1	t_nt_hok_sok_ena	unknown	blastn	0	40985	40827	158	0	0	0	129085
420bt	Escherichia_albertii_strain_2014C_4015_plasmid_p2014C_4015_3_complete_sequence	genome	+	NZ_CP034167.1	t_nt_hok_sok_ena	unknown	blastn	0	24452	24609	157	0	0	0	136645
23bt	Escherichia_coli_UMNF18_plasmid_pUMNF18_IncFV_whole_genome_shotgun_sequence	chromosome	+	NZ_AGTD01000004.1	t_nt_hok_sok_ena	unknown	blastn	0	66809	66967	158	0	0	0	103624
419bt	Escherichia_albertii_strain_2014C_4356_plasmid_unnamed5_complete_sequence	genome	+	NZ_CP024287.1	t_nt_hok_sok_ena	unknown	blastn	0	122363	122521	158	0	0	0	124142
32bt	Escherichia_coli_strain_S17_13_plasmid_p1713_1	chromosome	-	NZ_CP031766.1	t_nt_hok_sok_ena	unknown	blastn	0	55932	55774	158	0	0	0	141331
418bt	Escherichia_albertii_strain_ChinaSP140150_plasmid_pEA_2_complete_sequence	genome	+	NZ_CP025678.1	t_nt_hok_sok_ena	unknown	blastn	0	25299	25457	158	0	0	0	57110
384bt	Escherichia_coli_strain_746_plasmid_p62_complete_sequence	genome	+	NZ_CP023354.1	t_nt_hok_sok_ena	unknown	blastn	0	23479	23637	158	0	0	0	62312
370bt	Escherichia_coli_UMNK88_plasmid_pUMNK88_Hly_complete_sequence	genome	+	NC_017643.1	t_nt_hok_sok_ena	unknown	blastn	0	2300	2458	158	0	0	0	65549
368bt	Escherichia_coli_1303_plasmid_p1303_109_complete_sequence	genome	+	NZ_CP009167.1	t_nt_hok_sok_ena	unknown	blastn	0	65655	65813	158	0	0	0	108501
310bt	Escherichia_coli_strain_AR_0077_plasmid_tig00000042_pilon_complete_sequence	genome	-	NZ_CP026754.1	t_nt_hok_sok_ena	unknown	blastn	0	81051	80893	158	0	0	0	90045
410bt	Escherichia_coli_O157_H7_plasmid_pO157pv15279_pv15_279_DNA_complete_genome	genome	+	NZ_AP018489.1	t_nt_hok_sok_ena	unknown	blastn	0	46175	46333	158	0	0	0	94391
425bt	Escherichia_coli_O157_H7_strain_1130_plasmid_pO157_complete_sequence	genome	+	NZ_CP017435.1	t_nt_hok_sok_ena	unknown	blastn	0	71498	71656	158	0	0	0	92624
426bt	Escherichia_coli_strain_2011C_3911_plasmid_unnamed1_complete_sequence	genome	-	NZ_CP015239.1	t_nt_hok_sok_ena	unknown	blastn	0	96390	96231	159	0	0	0	125977
431bt	Enterobacter_hormaechei_subsp_hoffmannii_strain_AR_0365_plasmid_unnamed2_complete_sequence	genome	+	NZ_CP027145.1	t_nt_hok_sok_ena	unknown	blastn	0	82955	83113	158	0	0	0	101548
36bt	Klebsiella_pneumoniae_subsp_rhinoscleromatis_strain_SB3432_complete_genome	chromosome	-	NC_021232.1	t_nt_hok_sok_ena	unknown	blastn	0	4425923	4425765	158	0	0	0	5270770
430bt	Enterobacteriaceae_bacterium_ENNIH2_plasmid_pENT_812c_complete_sequence	genome	+	NZ_CP026189.1	t_nt_hok_sok_ena	unknown	blastn	0	34784	34942	158	0	0	0	171306
435bt	Enterobacter_sp_FY_07_complete_genome	genome	+	NZ_CP012487.1	t_nt_hok_sok_ena	unknown	blastn	0	384203	384361	158	0	0	0	5118646
433bt	Enterobacter_sp_R4_368_complete_genome	genome	-	NC_021500.1	t_nt_hok_sok_ena	unknown	blastn	0	2677121	2676963	158	0	0	0	5039027
434bt	Kosakonia_sacchari_SP1_chromosome_complete_genome	genome	+	NZ_CP007215.2	t_nt_hok_sok_ena	unknown	blastn	0	309997	310155	158	0	0	0	4902027
1539bt	Citrobacter_freundii_isolate_Citrobacter_freundii_str_U2785_genome_assembly_plasmid_2	genome	-	NZ_LS992184.1	t_pro_hok_sok_ena	unknown	tblastn	0	128991	128836	155	0	0	0	185156
1905bt	Shigella_flexneri_4c_strain_0702_plasmid_unnamed1_complete_sequence	genome	-	NZ_CP020340.1	t_pro_hok_sok_ena	unknown	tblastn	0	7850	7696	154	0	0	0	73096
1261bt	Escherichia_coli_strain_89_3506_isolate_89_3506_plasmid_unnamed1	chromosome	+	NZ_CP027521.1	t_pro_hok_sok_ena	unknown	tblastn	0	156672	156827	155	0	0	0	160231
1761bt	Escherichia_coli_strain_FMU073332_plasmid_pEcoFMU07332d_sequence	genome	-	NZ_CP017848.1	t_pro_hok_sok_ena	unknown	tblastn	0	30318	30163	155	0	0	0	137665
1882bt	Escherichia_coli_strain_14EC047_plasmid_p14EC047b_complete_sequence	genome	+	NZ_CP024157.1	t_pro_hok_sok_ena	unknown	tblastn	0	85333	85488	155	0	0	0	88736
1760bt	Escherichia_coli_strain_WCHEC005237_plasmid_pRmtB1_005237_complete_sequence	genome	-	NZ_CP026579.1	t_pro_hok_sok_ena	unknown	tblastn	0	66773	66618	155	0	0	0	100229
1281bt	Escherichia_coli_UMNF18_plasmid_pUMNF18_IncFV_whole_genome_shotgun_sequence	chromosome	+	NZ_AGTD01000004.1	t_pro_hok_sok_ena	unknown	tblastn	0	66809	66964	155	0	0	0	103624
1878bt	Escherichia_coli_NCCP15648_plasmid_p15648_3_complete_sequence	genome	-	NZ_CP009053.1	t_pro_hok_sok_ena	unknown	tblastn	0	21786	21631	155	0	0	0	78111
1759bt	Escherichia_coli_strain_2015C_4136CT1_plasmid_unnamed_complete_sequence	genome	-	NZ_CP027551.1	t_pro_hok_sok_ena	unknown	tblastn	0	160723	160568	155	0	0	0	162810
1246bt	Escherichia_coli_isolate_Co6114_plasmid_pC06114_1_complete_sequence	chromosome	-	NZ_CP016035.1	t_pro_hok_sok_ena	unknown	tblastn	0	40985	40830	155	0	0	0	129085
1906bt	Escherichia_coli_UMNK88_plasmid_pUMNK88_Hly_complete_sequence	genome	+	NC_017643.1	t_pro_hok_sok_ena	unknown	tblastn	0	2300	2455	155	0	0	0	65549
1889bt	Escherichia_albertii_strain_2014C_4356_plasmid_unnamed5_complete_sequence	genome	+	NZ_CP024287.1	t_pro_hok_sok_ena	unknown	tblastn	0	122363	122518	155	0	0	0	124142
1274bt	Escherichia_coli_strain_S17_13_plasmid_p1713_1	chromosome	-	NZ_CP031766.1	t_pro_hok_sok_ena	unknown	tblastn	0	55932	55777	155	0	0	0	141331
1888bt	Escherichia_albertii_strain_ChinaSP140150_plasmid_pEA_2_complete_sequence	genome	+	NZ_CP025678.1	t_pro_hok_sok_ena	unknown	tblastn	0	25299	25454	155	0	0	0	57110
1871bt	Escherichia_coli_strain_746_plasmid_p62_complete_sequence	genome	+	NZ_CP023354.1	t_pro_hok_sok_ena	unknown	tblastn	0	23479	23634	155	0	0	0	62312
1862bt	Escherichia_coli_1303_plasmid_p1303_109_complete_sequence	genome	+	NZ_CP009167.1	t_pro_hok_sok_ena	unknown	tblastn	0	65655	65810	155	0	0	0	108501
1852bt	Escherichia_coli_strain_AR_0077_plasmid_tig00000042_pilon_complete_sequence	genome	-	NZ_CP026754.1	t_pro_hok_sok_ena	unknown	tblastn	0	81051	80896	155	0	0	0	90045
1816bt	Escherichia_coli_O157_H7_plasmid_pO157pv15279_pv15_279_DNA_complete_genome	genome	+	NZ_AP018489.1	t_pro_hok_sok_ena	unknown	tblastn	0	46175	46330	155	0	0	0	94391
1883bt	Escherichia_coli_O157_H7_strain_1130_plasmid_pO157_complete_sequence	genome	+	NZ_CP017435.1	t_pro_hok_sok_ena	unknown	tblastn	0	71498	71653	155	0	0	0	92624
1903bt	Escherichia_coli_strain_2011C_3911_plasmid_unnamed1_complete_sequence	genome	-	NZ_CP015239.1	t_pro_hok_sok_ena	unknown	tblastn	0	96390	96235	155	0	0	0	125977
1923bt	Enterobacter_sp_R4_368_complete_genome	genome	-	NC_021500.1	t_pro_hok_sok_ena	unknown	tblastn	0	2677121	2676966	155	0	0	0	5039027
1936bt	Kosakonia_sacchari_SP1_chromosome_complete_genome	genome	+	NZ_CP007215.2	t_pro_hok_sok_ena	unknown	tblastn	0	309997	310152	155	0	0	0	4902027
1904bt	Enterobacter_cloacae_complex_sp_ABFPL_plasmid_pENT_1ac_complete_sequence	genome	-	NZ_CP017991.1	t_pro_hok_sok_ena	unknown	tblastn	0	116161	116006	155	0	0	0	144025
2006bt	Salmonella_enterica_subsp_enterica_serovar_Give_strain_CFSAN024229_plasmid_pCFSAN024229_complete_seq	genome	-	NZ_CP019175.1	t_pro_hok_sok_ena	unknown	tblastn	0	53479	53324	155	0	0	0	94727
1908bt	Citrobacter_freundii_strain_AR_0022_plasmid_unitig_1_pilon_complete_sequence	genome	+	NZ_CP024882.1	t_pro_hok_sok_ena	unknown	tblastn	0	103016	103171	155	0	0	0	115736
1902bt	Enterobacter_cloacae_strain_AR_0053_plasmid_unitig_2_complete_sequence	genome	+	NZ_CP021777.1	t_pro_hok_sok_ena	unknown	tblastn	0	19557	19712	155	0	0	0	70882
1893bt	Enterobacter_cloacae_strain_EN3600_plasmid_unnamed5_complete_sequence	genome	-	NZ_CP035637.1	t_pro_hok_sok_ena	unknown	tblastn	0	73873	73718	155	0	0	0	86605
1890bt	Enterobacter_sp_638_plasmid_pENTE01_complete_sequence	genome	+	NC_009425.1	t_pro_hok_sok_ena	unknown	tblastn	0	104110	104265	155	0	0	0	157749
1896bt	UNVERIFIED_ORG_Enterobacter_asburiae_LF7a_plasmid_pENTAS01_complete_sequence	genome	+	NC_015963.1	t_pro_hok_sok_ena	unknown	tblastn	0	41900	42055	155	0	0	0	166725
1901bt	Enterobacteriaceae_bacterium_ENNIH2_plasmid_pENT_812c_complete_sequence	genome	+	NZ_CP026189.1	t_pro_hok_sok_ena	unknown	tblastn	0	34784	34939	155	0	0	0	171306
1925bt	Enterobacter_cloacae_complex_bacterium_strain_FDAARGOS_77_chromosome_complete_genome	genome	+	NZ_CP026975.1	t_pro_hok_sok_ena	unknown	tblastn	0	2518788	2518943	155	0	0	0	4876999
1927bt	Enterobacter_cloacae_strain_AR_0154_plasmid_unnamed1_complete_sequence	genome	-	NZ_CP029719.1	t_pro_hok_sok_ena	unknown	tblastn	0	111441	111286	155	0	0	0	138933
1910bt	Enterobacter_cloacae_subsp_cloacae_ATCC_13047_plasmid_pECL_A_complete_sequence	genome	+	NC_014107.1	t_pro_hok_sok_ena	unknown	tblastn	0	90281	90436	155	0	0	0	199562
1916bt	Enterobacter_cloacae_strain_704SK10_plasmid_p704SK10_1_complete_sequence	genome	+	NZ_CP022149.1	t_pro_hok_sok_ena	unknown	tblastn	0	60932	61087	155	0	0	0	111184
1289bt	Enterobacter_cloacae_strain_339389L_chromosome	chromosome	-	NZ_CP026536.1	t_pro_hok_sok_ena	unknown	tblastn	0	58027	57872	155	0	0	0	5036275
1930bt	Enterobacter_sp_N18_03635_plasmid_pFRI_6_complete_sequence	genome	+	NZ_CP034768.1	t_pro_hok_sok_ena	unknown	tblastn	0	29028	29183	155	0	0	0	125786
1907bt	Enterobacter_hormaechei_subsp_hoffmannii_strain_AR_0365_plasmid_unnamed2_complete_sequence	genome	+	NZ_CP027145.1	t_pro_hok_sok_ena	unknown	tblastn	0	82955	83110	155	0	0	0	101548
1286bt	Klebsiella_pneumoniae_subsp_rhinoscleromatis_strain_SB3432_complete_genome	chromosome	-	NC_021232.1	t_pro_hok_sok_ena	unknown	tblastn	0	4425923	4425768	155	0	0	0	5270770
1914bt	Salmonella_enterica_subsp_enterica_serovar_Gaminara_strain_CFSAN070644_plasmid_pCFSAN024441_01_compl	genome	+	NZ_CP024166.1	t_pro_hok_sok_ena	unknown	tblastn	0	36322	36477	155	0	0	0	135915
1912bt	Salmonella_enterica_subsp_enterica_serovar_Saintpaul_strain_SA20031783_plasmid_unnamed1_complete_seq	genome	-	NZ_CP022492.1	t_pro_hok_sok_ena	unknown	tblastn	0	102171	102016	155	0	0	0	131583
1919bt	Citrobacter_sp_LY_1_plasmid_unnamed2_complete_sequence	genome	-	NZ_CP037863.1	t_pro_hok_sok_ena	unknown	tblastn	0	121559	121404	155	0	0	0	143364
1298bt	Escherichia_coli_strain_H17_plasmid_pH17_2_complete_sequence	chromosome	+	NZ_CP021195.1	t_pro_hok_sok_ena	unknown	tblastn	0	95725	95880	155	0	0	0	107793
1303bt	Klebsiella_pneumoniae_strain_CCUG_70747_plasmid_pKpn70747_2_complete_sequence	chromosome	+	NZ_CP023443.1	t_pro_hok_sok_ena	unknown	tblastn	0	112570	112725	155	0	0	0	117859
1934bt	Klebsiella_michiganensis_strain_M1_plasmid_pKOXM1B_complete_sequence	genome	+	NZ_CP008843.1	t_pro_hok_sok_ena	unknown	tblastn	0	114630	114785	155	0	0	0	183015
1974bt	Klebsiella_oxytoca_strain_CAV1374_plasmid_pCAV1374_150_complete_sequence	genome	-	NZ_CP011633.1	t_pro_hok_sok_ena	unknown	tblastn	0	36857	36702	155	0	0	0	150318
1958bt	Klebsiella_pneumoniae_isolate_KP9201_genome_assembly_plasmid_2	genome	-	NZ_LR025093.1	t_pro_hok_sok_ena	unknown	tblastn	0	58215	58060	155	0	0	0	231732
1978bt	Klebsiella_pneumoniae_strain_INF237_plasmid_pINF237_04_complete_sequence	genome	-	NZ_CP032837.1	t_pro_hok_sok_ena	unknown	tblastn	0	33650	33495	155	0	0	0	44993
1955bt	Klebsiella_oxytoca_strain_KONIH5_plasmid_pKOR_ab4d_complete_sequence	genome	-	NZ_CP026276.1	t_pro_hok_sok_ena	unknown	tblastn	0	144642	144487	155	0	0	0	282476
1956bt	Klebsiella_aerogenes_strain_NCTC9997_genome_assembly_plasmid_2	genome	-	NZ_LR134252.1	t_pro_hok_sok_ena	unknown	tblastn	0	95750	95595	155	0	0	0	276068
1953bt	Klebsiella_oxytoca_strain_AR_0147_complete_genome	genome	-	NZ_CP020358.1	t_pro_hok_sok_ena	unknown	tblastn	0	428121	427966	155	0	0	0	6350620
2018bt	Escherichia_coli_strain_Ecol_422_plasmid_pEC422_1_complete_sequence	genome	-	NZ_CP018961.1	t_pro_hok_sok_ena	unknown	tblastn	0	257624	257469	155	0	0	0	289903
1891bt	Enterobacter_sp_638_plasmid_pENTE01_complete_sequence	genome	+	NC_009425.1	t_pro_hok_sok_ena	unknown	tblastn	0	87429	87584	155	0	0	0	157749
1890bt	Enterobacter_sp_638_plasmid_pENTE01_complete_sequence	genome	+	NC_009425.1	t_pro_hok_sok_ena	unknown	tblastn	0	98566	98721	155	0	0	0	157749
1895bt	Citrobacter_freundii_strain_UMH14_plasmid_pUMH14_1_complete_sequence	genome	-	NZ_CP024681.1	t_pro_hok_sok_ena	unknown	tblastn	0	118534	118379	155	0	0	0	134386
1921bt	Erwinia_amylovora_ATCC_49946_chromosomal_sequence	genome	+	NC_013971.1	t_pro_hok_sok_ena	unknown	tblastn	0	581151	581306	155	0	0	0	3805874
1933bt	Leclercia_sp_LSNIH1_plasmid_pLEC_b38d_complete_sequence	genome	+	NZ_CP026168.1	t_pro_hok_sok_ena	unknown	tblastn	0	44346	44501	155	0	0	0	50622
1937bt	Lelliottia_sp_WB101_plasmid_unnamed1	genome	-	NZ_CP028521.1	t_pro_hok_sok_ena	unknown	tblastn	0	33688	33533	155	0	0	0	126628
1896bt	UNVERIFIED_ORG_Enterobacter_asburiae_LF7a_plasmid_pENTAS01_complete_sequence	genome	+	NC_015963.1	t_pro_hok_sok_ena	unknown	tblastn	0	164316	164471	155	0	0	0	166725
1309bt	Klebsiella_pneumoniae_isolate_207M1D0_sc_2013_04_03T11_21_06Z_1606409_genome_assembly_plasmid_KPN207	chromosome	+	NZ_LT216439.1	t_pro_hok_sok_ena	unknown	tblastn	0	89288	89443	155	0	0	0	214718
1287bt	Klebsiella_pneumoniae_subsp_rhinoscleromatis_strain_SB3432_complete_genome	chromosome	+	NC_021232.1	t_pro_hok_sok_ena	unknown	tblastn	0	1791832	1791987	155	0	0	0	5270770
1312bt	Raoultella_ornithinolytica_strain_18_plasmid_1_complete_sequence	chromosome	-	NZ_CP012556.1	t_pro_hok_sok_ena	unknown	tblastn	0	98907	98752	155	0	0	0	216710
1895bt	Citrobacter_freundii_strain_UMH14_plasmid_pUMH14_1_complete_sequence	genome	-	NZ_CP024681.1	t_pro_hok_sok_ena	unknown	tblastn	0	27580	27425	155	0	0	0	134386
1331bt	Escherichia_coli_FAP1_plasmid_unnamed_1_complete_sequence	chromosome	+	NZ_CP009579.1	t_pro_hok_sok_ena	unknown	tblastn	0	61994	62149	155	0	0	0	141804
1474bt	Escherichia_coli_O15_H11_strain_90_9272_plasmid_unnamed	genome	-	NZ_CP024238.1	t_pro_hok_sok_ena	unknown	tblastn	0	119769	119614	155	0	0	0	274465
1327bt	Escherichia_coli_strain_90_9276_plasmid_unnamed1	chromosome	+	NZ_CP024297.1	t_pro_hok_sok_ena	unknown	tblastn	0	11797	11952	155	0	0	0	167764
1332bt	Escherichia_coli_strain_90_9269_plasmid_unnamed1_complete_sequence	chromosome	+	NZ_CP024662.1	t_pro_hok_sok_ena	unknown	tblastn	0	17346	17501	155	0	0	0	160351
1313bt	Escherichia_coli_UMNF18_plasmid_pUMNF18_87_whole_genome_shotgun_sequence	chromosome	-	NZ_AGTD01000003.1	t_pro_hok_sok_ena	unknown	tblastn	0	15959	15804	155	0	0	0	87792
1311bt	Escherichia_coli_strain_CHL5009T_plasmid_pCHL5009T_61_8k_mcr1_complete_sequence	chromosome	+	NZ_CP032940.1	t_pro_hok_sok_ena	unknown	tblastn	0	2628	2783	155	0	0	0	61805
1476bt	Escherichia_coli_O6_H16_strain_2014EL_1346_6_plasmid_unnamed5_complete_sequence	genome	-	NZ_CP024237.1	t_pro_hok_sok_ena	unknown	tblastn	0	46272	46117	155	0	0	0	152713
1318bt	Shigella_boydii_strain_NCTC_9734_chromosome	chromosome	-	NZ_CP026875.1	t_pro_hok_sok_ena	unknown	tblastn	0	4866754	4866599	155	0	0	0	5164076
1489bt	Escherichia_coli_strain_99_3165_plasmid_unnamed3_complete_sequence	genome	+	NZ_CP029982.1	t_pro_hok_sok_ena	unknown	tblastn	0	27533	27688	155	0	0	0	71543
1329bt	Escherichia_coli_FAP1_plasmid_unnamed_3_complete_sequence	chromosome	-	NZ_CP009581.1	t_pro_hok_sok_ena	unknown	tblastn	0	3258	3103	155	0	0	0	62384
1873bt	Escherichia_coli_O26_H11_str_11368_plasmid_pO26_2_DNA_complete_sequence	genome	+	NC_013362.1	t_pro_hok_sok_ena	unknown	tblastn	0	5111	5266	155	0	0	0	63365
1914bt	Salmonella_enterica_subsp_enterica_serovar_Gaminara_strain_CFSAN070644_plasmid_pCFSAN024441_01_compl	genome	+	NZ_CP024166.1	t_pro_hok_sok_ena	unknown	tblastn	0	35254	35409	155	0	0	0	135915
1322bt	Kosakonia_cowanii_strain_Esp_Z_genome	chromosome	-	NZ_CP022690.1	t_pro_hok_sok_ena	unknown	tblastn	0	4715794	4715642	152	0	0	0	5077975
1322bt	Kosakonia_cowanii_strain_Esp_Z_genome	chromosome	-	NZ_CP022690.1	t_pro_hok_sok_ena	unknown	tblastn	0	4716326	4716174	152	0	0	0	5077975
1954bt	Klebsiella_oxytoca_strain_AR_0147_complete_genome	genome	+	NZ_CP020358.1	t_pro_hok_sok_ena	unknown	tblastn	0	1757825	1757980	155	0	0	0	6350620
1320bt	Escherichia_coli_strain_268_78_1_plasmid_unnamed_map_unlocalized	chromosome	-	NZ_CP014090.2	t_pro_hok_sok_ena	unknown	tblastn	0	84449	84294	155	0	0	0	86763
1325bt	Escherichia_coli_strain_H17_plasmid_pH17_3_complete_sequence	chromosome	+	NZ_CP021196.1	t_pro_hok_sok_ena	unknown	tblastn	0	81969	82124	155	0	0	0	252257
1396bt	Serratia_marcescens_strain_12TM_chromosome_whole_genome_shotgun_sequence	chromosome	-	NZ_CM008894.1	t_pro_hok_sok_ena	unknown	tblastn	0	4396803	4396648	155	0	0	0	5276151
1393bt	Serratia_sp_JKS000199_genome_assembly_chromosome_I	chromosome	-	NZ_LT907843.1	t_pro_hok_sok_ena	unknown	tblastn	0	196071	195916	155	0	0	0	5124953
1395bt	Serratia_marcescens_strain_EL1_chromosome	chromosome	-	NZ_CP027796.1	t_pro_hok_sok_ena	unknown	tblastn	0	4102820	4102665	155	0	0	0	5201791
1397bt	Serratia_marcescens_strain_S2I7_genome	chromosome	-	NZ_CP021984.1	t_pro_hok_sok_ena	unknown	tblastn	0	981442	981287	155	0	0	0	5241555
1369bt	Escherichia_coli_FAP1_genome	chromosome	-	NZ_CP009578.1	t_pro_hok_sok_ena	unknown	tblastn	0	2012318	2012169	149	0	0	0	4874804
1392bt	Escherichia_coli_strain_BR12_DEC_chromosome	chromosome	-	NZ_CP035325.1	t_pro_hok_sok_ena	unknown	tblastn	0	1539985	1539836	149	0	0	0	4824995
1339bt	Escherichia_coli_M12_chromosome	chromosome	+	NZ_CP023644.1	t_pro_hok_sok_ena	unknown	tblastn	0	3792927	3793076	149	0	0	0	4984145
1345bt	Escherichia_coli_strain_BR14_DEC_chromosome	chromosome	+	NZ_CP035330.1	t_pro_hok_sok_ena	unknown	tblastn	0	4834803	4834952	149	0	0	0	5110451
1348bt	Shigella_flexneri_5a_str_M90T_chromosome_whole_genome_shotgun_sequence	chromosome	+	NZ_CM001474.1	t_pro_hok_sok_ena	unknown	tblastn	0	1831987	1832136	149	0	0	0	4580866
1338bt	Escherichia_coli_TW10598_chromosome_whole_genome_shotgun_sequence	chromosome	-	NZ_CM007915.1	t_pro_hok_sok_ena	unknown	tblastn	0	1563746	1563597	149	0	0	0	4870513
1389bt	Escherichia_coli_O157_H7_str_EDL933_genome	chromosome	+	NC_002655.2	t_pro_hok_sok_ena	unknown	tblastn	0	2078898	2079047	149	0	0	0	5528445
1377bt	Escherichia_coli_strain_89_3506_isolate_89_3506_chromosome	chromosome	-	NZ_CP027520.1	t_pro_hok_sok_ena	unknown	tblastn	0	4597055	4596906	149	0	0	0	5178486
1848bt	Escherichia_coli_strain_CV839_15_chromosome_complete_genome	genome	+	NZ_CP024978.1	t_pro_hok_sok_ena	unknown	tblastn	0	4874511	4874660	149	0	0	0	4917635
1334bt	Erwinia_pyrifoliae_DSM_12163_complete_genome_culture_collection_DSM_12163	chromosome	+	NC_017390.1	t_pro_hok_sok_ena	unknown	tblastn	0	1985432	1985581	149	0	0	0	4026286
1286bt	Klebsiella_pneumoniae_subsp_rhinoscleromatis_strain_SB3432_complete_genome	chromosome	-	NC_021232.1	t_pro_hok_sok_ena	unknown	tblastn	0	4639075	4638920	155	0	0	0	5270770
