1096bat	Citrobacter_freundii_isolate_Citrobacter_freundii_str_U2785_genome_assembly_plasmid_2	genome	-	NZ_LS992184.1	at_nt_hok_sok_tadb_r2	unknown	blastn	0	128974	128748	226	0	0	0	185156
1104bat	Escherichia_coli_strain_FMU073332_plasmid_pEcoFMU07332d_sequence	genome	-	NZ_CP017848.1	at_nt_hok_sok_tadb_r2	unknown	blastn	0	30301	30075	226	0	0	0	137665
1107bat	Escherichia_coli_strain_08_00022_plasmid_pCFSAN004179G_complete_sequence	genome	+	NZ_CP012501.1	at_nt_hok_sok_tadb_r2	unknown	blastn	0	196000	196226	226	0	0	0	242187
1108bat	Escherichia_coli_NCCP15648_plasmid_p15648_3_complete_sequence	genome	-	NZ_CP009053.1	at_nt_hok_sok_tadb_r2	unknown	blastn	0	21769	21543	226	0	0	0	78111
1099bat	Escherichia_coli_strain_U12A_plasmid_pU12A_C_complete_sequence	genome	+	NZ_CP035470.1	at_nt_hok_sok_tadb_r2	unknown	blastn	0	32350	32576	226	0	0	0	69518
1170bat	Escherichia_coli_strain_AR_0077_plasmid_tig00000042_pilon_complete_sequence	genome	-	NZ_CP026754.1	at_nt_hok_sok_tadb_r2	unknown	blastn	0	81034	80808	226	0	0	0	90045
1147bat	Escherichia_coli_1303_plasmid_p1303_109_complete_sequence	genome	+	NZ_CP009167.1	at_nt_hok_sok_tadb_r2	unknown	blastn	0	65672	65898	226	0	0	0	108501
1105bat	Escherichia_coli_strain_FHI_NMBU_03_plasmid_pFHI_NMBU_03_1_complete_sequence	genome	-	NZ_CP019456.1	at_nt_hok_sok_tadb_r2	unknown	blastn	0	154905	154679	226	0	0	0	159821
1200bat	Escherichia_coli_O157_H7_plasmid_pO157pv15279_pv15_279_DNA_complete_genome	genome	+	NZ_AP018489.1	at_nt_hok_sok_tadb_r2	unknown	blastn	0	46192	46418	226	0	0	0	94391
1171bat	Escherichia_coli_strain_AMSCJX02_plasmid_pAMSC2_complete_sequence	genome	-	NZ_CP031107.1	at_nt_hok_sok_tadb_r2	unknown	blastn	0	56137	55911	226	0	0	0	203856
1208bat	Escherichia_coli_strain_CRE1540_plasmid_p1540_4_complete_sequence	genome	+	NZ_CP019055.1	at_nt_hok_sok_tadb_r2	unknown	blastn	0	150490	150716	226	0	0	0	184166
1146bat	Escherichia_coli_B7A_plasmid_pEB2_complete_sequence	genome	+	NZ_CP006000.1	at_nt_hok_sok_tadb_r2	unknown	blastn	0	40669	40895	226	0	0	0	52028
1150bat	Escherichia_coli_str_Sanji_plasmid_pSJ_94_complete_sequence	genome	+	NZ_CP011064.1	at_nt_hok_sok_tadb_r2	unknown	blastn	0	29917	30143	226	0	0	0	94712
1213bat	Escherichia_coli_O157_H7_strain_1130_plasmid_pO157_complete_sequence	genome	+	NZ_CP017435.1	at_nt_hok_sok_tadb_r2	unknown	blastn	0	71515	71741	226	0	0	0	92624
1214bat	Escherichia_albertii_strain_2014C_4015_plasmid_p2014C_4015_3_complete_sequence	genome	+	NZ_CP034167.1	at_nt_hok_sok_tadb_r2	unknown	blastn	0	24469	24694	225	0	0	0	136645
976bat	Escherichia_albertii_strain_2014C_4356_plasmid_unnamed2_complete_sequence	genome	+	NZ_CP024284.1	at_nt_hok_sok_tadb_r2	unknown	blastn	0	36358	36582	224	0	0	0	59626
977bat	Salmonella_enterica_subsp_enterica_serovar_Heidelberg_strain_12_4374_plasmid_p12_4374_62_complete_se	genome	-	NZ_CP012928.1	at_nt_hok_sok_tadb_r2	unknown	blastn	0	39702	39478	224	0	0	0	62920
986bat	Escherichia_coli_strain_14EC047_plasmid_p14EC047b_complete_sequence	genome	+	NZ_CP024157.1	at_nt_hok_sok_tadb_r2	unknown	blastn	0	85350	85574	224	0	0	0	88736
978bat	Escherichia_coli_strain_WCHEC005237_plasmid_pRmtB1_005237_complete_sequence	genome	-	NZ_CP026579.1	at_nt_hok_sok_tadb_r2	unknown	blastn	0	66756	66532	224	0	0	0	100229
639bat	Escherichia_coli_UMNF18_plasmid_pUMNF18_IncFV_whole_genome_shotgun_sequence	chromosome	+	NZ_AGTD01000004.1	at_nt_hok_sok_tadb_r2	unknown	blastn	0	66826	67050	224	0	0	0	103624
634bat	Escherichia_coli_strain_89_3506_isolate_89_3506_plasmid_unnamed1	chromosome	+	NZ_CP027521.1	at_nt_hok_sok_tadb_r2	unknown	blastn	0	156689	156914	225	0	0	0	160231
990bat	Escherichia_coli_strain_PSUO2_plasmid_pPSUO2_complete_sequence	genome	-	NZ_CP011916.1	at_nt_hok_sok_tadb_r2	unknown	blastn	0	13701	13478	223	0	0	0	110961
985bat	Escherichia_coli_strain_2015C_4136CT1_plasmid_unnamed_complete_sequence	genome	-	NZ_CP027551.1	at_nt_hok_sok_tadb_r2	unknown	blastn	0	160706	160482	224	0	0	0	162810
642bat	Escherichia_coli_isolate_Co6114_plasmid_pC06114_1_complete_sequence	chromosome	-	NZ_CP016035.1	at_nt_hok_sok_tadb_r2	unknown	blastn	0	40968	40744	224	0	0	0	129085
989bat	Escherichia_coli_O145_H28_str_RM12761_plasmid_pO145_12761_complete_sequence	genome	-	NZ_CP007135.1	at_nt_hok_sok_tadb_r2	unknown	blastn	0	61744	61520	224	0	0	0	98067
1223bat	Escherichia_albertii_strain_2014C_4356_plasmid_unnamed5_complete_sequence	genome	+	NZ_CP024287.1	at_nt_hok_sok_tadb_r2	unknown	blastn	0	122380	122607	227	0	0	0	124142
1218bat	Escherichia_coli_strain_MRSN346355_plasmid_pMRSN346355_61_1_complete_sequence	genome	+	NZ_CP018125.1	at_nt_hok_sok_tadb_r2	unknown	blastn	0	19896	20122	226	0	0	0	61085
659bat	Escherichia_coli_strain_S17_13_plasmid_p1713_1	chromosome	-	NZ_CP031766.1	at_nt_hok_sok_tadb_r2	unknown	blastn	0	55915	55689	226	0	0	0	141331
1129bat	Escherichia_coli_strain_cq9_plasmid_unnamed2_complete_sequence	genome	-	NZ_CP031548.1	at_nt_hok_sok_tadb_r2	unknown	blastn	0	107147	106920	227	0	0	0	221041
1220bat	Escherichia_coli_strain_MDR_56_plasmid_unnamed4_complete_sequence	genome	-	NZ_CP019910.1	at_nt_hok_sok_tadb_r2	unknown	blastn	0	7098	6872	226	0	0	0	68786
1226bat	Escherichia_albertii_strain_ChinaSP140150_plasmid_pEA_2_complete_sequence	genome	+	NZ_CP025678.1	at_nt_hok_sok_tadb_r2	unknown	blastn	0	25316	25545	229	0	0	0	57110
1219bat	Escherichia_coli_UMNK88_plasmid_pUMNK88_Hly_complete_sequence	genome	+	NC_017643.1	at_nt_hok_sok_tadb_r2	unknown	blastn	0	2317	2543	226	0	0	0	65549
1225bat	Escherichia_coli_strain_2011C_3911_plasmid_unnamed1_complete_sequence	genome	-	NZ_CP015239.1	at_nt_hok_sok_tadb_r2	unknown	blastn	0	96373	96144	229	0	0	0	125977
1323bat	Escherichia_albertii_strain_05_3106_plasmid_unnamed2_complete_sequence	genome	-	NZ_CP030780.2	at_nt_hok_sok_tadb_r2	unknown	blastn	0	46968	46739	229	0	0	0	80632
1280bat	Escherichia_coli_O114_H49_strain_90_9280_plasmid_unnamed2_complete_sequence	genome	+	NZ_CP024242.1	at_nt_hok_sok_tadb_r2	unknown	blastn	0	1664	1893	229	0	0	0	74644
1302bat	Escherichia_coli_strain_504239_plasmid_p504239_155_complete_sequence	genome	-	NZ_CP025861.1	at_nt_hok_sok_tadb_r2	unknown	blastn	0	128755	128526	229	0	0	0	155850
1253bat	Escherichia_coli_E2855_plasmid_pE2855_3_DNA_complete_genome	genome	+	NZ_AP018799.1	at_nt_hok_sok_tadb_r2	unknown	blastn	0	49363	49592	229	0	0	0	92697
1092bat	Escherichia_coli_O15_H11_strain_90_9272_plasmid_unnamed	genome	-	NZ_CP024238.1	at_nt_hok_sok_tadb_r2	unknown	blastn	0	119752	119523	229	0	0	0	274465
1330bat	Escherichia_coli_strain_CV839_15_plasmid_pCV839_15_p1_complete_sequence	genome	+	NZ_CP024975.1	at_nt_hok_sok_tadb_r2	unknown	blastn	0	23991	24220	229	0	0	0	86835
1335bat	Escherichia_coli_strain_FORC_064_plasmid_pFORC64_3_complete_sequence	genome	-	NZ_CP023734.1	at_nt_hok_sok_tadb_r2	unknown	blastn	0	57264	57035	229	0	0	0	57318
1232bat	Escherichia_coli_ETEC_H10407_p666_plasmid	genome	-	NC_017722.1	at_nt_hok_sok_tadb_r2	unknown	blastn	0	32080	31853	227	0	0	0	66681
660bat	Escherichia_coli_UMNF18_plasmid_pUMNF18_87_whole_genome_shotgun_sequence	chromosome	-	NZ_AGTD01000003.1	at_nt_hok_sok_tadb_r2	unknown	blastn	0	15942	15713	229	0	0	0	87792
1230bat	Salmonella_enterica_subsp_enterica_strain_BAA_1672_plasmid_pSalSendai_complete_sequence	genome	-	NZ_CP023471.1	at_nt_hok_sok_tadb_r2	unknown	blastn	0	42249	42020	229	0	0	0	81125
1325bat	Salmonella_enterica_strain_SA20051401_plasmid_pSA20051401_1_complete_sequence	genome	+	NZ_CP030197.1	at_nt_hok_sok_tadb_r2	unknown	blastn	0	101343	101570	227	0	0	0	141502
1332bat	Escherichia_albertii_strain_07_3866_plasmid_unnamed_complete_sequence	genome	+	NZ_CP030782.1	at_nt_hok_sok_tadb_r2	unknown	blastn	0	76157	76386	229	0	0	0	104269
1321bat	Escherichia_albertii_strain_2014C_4356_plasmid_unnamed4_complete_sequence	genome	-	NZ_CP024286.1	at_nt_hok_sok_tadb_r2	unknown	blastn	0	81743	81514	229	0	0	0	113727
1322bat	Escherichia_albertii_strain_2012EL_1823B_plasmid_unnamed2_complete_sequence	genome	-	NZ_CP030785.2	at_nt_hok_sok_tadb_r2	unknown	blastn	0	44434	44205	229	0	0	0	81130
1329bat	Salmonella_enterica_subsp_enterica_serovar_Poona_str_ATCC_BAA_1673_plasmid_pATCCBAA1673_01_complete_	genome	+	NZ_CP019190.1	at_nt_hok_sok_tadb_r2	unknown	blastn	0	2024	2253	229	0	0	0	186451
1283bat	Escherichia_coli_042_plasmid_pAA_complete_sequence	genome	-	NC_017627.1	at_nt_hok_sok_tadb_r2	unknown	blastn	0	86807	86578	229	0	0	0	113346
1317bat	Escherichia_coli_E24377A_plasmid_pETEC_80_complete_sequence	genome	+	NC_009786.1	at_nt_hok_sok_tadb_r2	unknown	blastn	0	24354	24583	229	0	0	0	79237
1281bat	Escherichia_coli_ETEC_H10407_p948_plasmid	genome	-	NC_017724.1	at_nt_hok_sok_tadb_r2	unknown	blastn	0	54802	54573	229	0	0	0	94797
1316bat	Escherichia_coli_O178_H19_strain_2012C_4431_plasmid_unnamed2_complete_sequence	genome	-	NZ_CP024291.1	at_nt_hok_sok_tadb_r2	unknown	blastn	0	105994	105765	229	0	0	0	111697
1282bat	Escherichia_coli_B7A_plasmid_pEB3_complete_sequence	genome	-	NZ_CP006001.1	at_nt_hok_sok_tadb_r2	unknown	blastn	0	7425	7196	229	0	0	0	66341
1238bat	Shigella_boydii_strain_59_2708_chromosome_complete_genome	genome	-	NZ_CP026846.1	at_nt_hok_sok_tadb_r2	unknown	blastn	0	1212077	1211848	229	0	0	0	4856857
1299bat	Escherichia_coli_E2865_plasmid_pE2865_3_DNA_complete_genome	genome	+	NZ_AP018811.1	at_nt_hok_sok_tadb_r2	unknown	blastn	0	31836	32064	228	0	0	0	75799
1307bat	Escherichia_coli_strain_2013C_4974_plasmid_unnamed	genome	+	NZ_CP027588.1	at_nt_hok_sok_tadb_r2	unknown	blastn	0	10944	11173	229	0	0	0	58109
1272bat	Escherichia_coli_SE11_plasmid_pSE11_2_DNA_complete_sequence	genome	+	NC_011413.1	at_nt_hok_sok_tadb_r2	unknown	blastn	0	36608	36837	229	0	0	0	91158
1291bat	Escherichia_coli_strain_M10_plasmid_A_complete_sequence	genome	+	NZ_CP010201.1	at_nt_hok_sok_tadb_r2	unknown	blastn	0	7463	7692	229	0	0	0	116581
1331bat	Escherichia_coli_strain_317_plasmid_p100_complete_sequence	genome	+	NZ_CP023358.1	at_nt_hok_sok_tadb_r2	unknown	blastn	0	13865	14094	229	0	0	0	100008
671bat	Escherichia_coli_strain_2014C_3716_plasmid_unnamed2	chromosome	-	NZ_CP027337.1	at_nt_hok_sok_tadb_r2	unknown	blastn	0	22206	21978	228	0	0	0	62870
1338bat	Escherichia_coli_strain_CI5_plasmid_complete_sequence	genome	-	NZ_CP011019.1	at_nt_hok_sok_tadb_r2	unknown	blastn	0	140671	140442	229	0	0	0	207265
1333bat	Escherichia_coli_strain_M18_complete_genome	genome	-	NZ_CP010219.1	at_nt_hok_sok_tadb_r2	unknown	blastn	0	5077011	5076782	229	0	0	0	5102554
1339bat	Enterobacter_hormaechei_subsp_hoffmannii_strain_AR_0365_plasmid_unnamed2_complete_sequence	genome	+	NZ_CP027145.1	at_nt_hok_sok_tadb_r2	unknown	blastn	0	82972	83199	227	0	0	0	101548
675bat	Klebsiella_pneumoniae_subsp_rhinoscleromatis_strain_SB3432_complete_genome	chromosome	-	NC_021232.1	at_nt_hok_sok_tadb_r2	unknown	blastn	0	4425906	4425679	227	0	0	0	5270770
1228bat	Enterobacter_sp_638_plasmid_pENTE01_complete_sequence	genome	+	NC_009425.1	at_nt_hok_sok_tadb_r2	unknown	blastn	0	87446	87673	227	0	0	0	157749
1228bat	Enterobacter_sp_638_plasmid_pENTE01_complete_sequence	genome	+	NC_009425.1	at_nt_hok_sok_tadb_r2	unknown	blastn	0	98583	98810	227	0	0	0	157749
1241bat	Enterobacteriaceae_bacterium_ENNIH2_plasmid_pENT_812c_complete_sequence	genome	+	NZ_CP026189.1	at_nt_hok_sok_tadb_r2	unknown	blastn	0	34801	35027	226	0	0	0	171306
1284bat	Metakosakonia_sp_MRY16_398_plasmid_pMRY16_398_1_DNA_complete_genome	genome	+	NZ_AP018757.1	at_nt_hok_sok_tadb_r2	unknown	blastn	0	148388	148615	227	0	0	0	224544
1229bat	Enterobacter_sp_R4_368_plasmid_pENT01_complete_sequence	genome	-	NC_021492.1	at_nt_hok_sok_tadb_r2	unknown	blastn	0	103453	103227	226	0	0	0	116007
1243bat	Enterobacter_sp_R4_368_complete_genome	genome	-	NC_021500.1	at_nt_hok_sok_tadb_r2	unknown	blastn	0	2677104	2676873	231	0	0	0	5039027
1326bat	Kosakonia_sacchari_SP1_chromosome_complete_genome	genome	+	NZ_CP007215.2	at_nt_hok_sok_tadb_r2	unknown	blastn	0	310014	310245	231	0	0	0	4902027
1334bat	Enterobacter_sp_FY_07_complete_genome	genome	+	NZ_CP012487.1	at_nt_hok_sok_tadb_r2	unknown	blastn	0	384220	384449	229	0	0	0	5118646
287bt	Citrobacter_freundii_isolate_Citrobacter_freundii_str_U2785_genome_assembly_plasmid_2	genome	+	NZ_LS992184.1	t_nt_hok_sok_tadb_r2	unknown	blastn	0	129018	129176	158	0	0	0	185156
283bt	Escherichia_coli_strain_1105_plasmid_p74_complete_sequence	genome	-	NZ_CP023389.1	t_nt_hok_sok_tadb_r2	unknown	blastn	0	31806	31648	158	0	0	0	74094
182bt	Escherichia_albertii_strain_2014C_4356_plasmid_unnamed2_complete_sequence	genome	-	NZ_CP024284.1	t_nt_hok_sok_tadb_r2	unknown	blastn	0	36314	36156	158	0	0	0	59626
1367bt	Escherichia_coli_strain_BR29_DEC_plasmid_unnamed3	chromosome	-	NZ_CP035337.1	t_nt_hok_sok_tadb_r2	unknown	blastn	0	30757	30599	158	0	0	0	89934
271bt	Escherichia_coli_strain_AR_0067_plasmid_unnamed1_complete_sequence	genome	-	NZ_CP032258.1	t_nt_hok_sok_tadb_r2	unknown	blastn	0	90677	90519	158	0	0	0	128033
282bt	Escherichia_coli_strain_14EC033_plasmid_p14EC033d_complete_sequence	genome	+	NZ_CP024151.1	t_nt_hok_sok_tadb_r2	unknown	blastn	0	78210	78368	158	0	0	0	97858
288bt	Shigella_flexneri_4c_strain_0702_plasmid_unnamed1_complete_sequence	genome	+	NZ_CP020340.1	t_nt_hok_sok_tadb_r2	unknown	blastn	0	7877	8033	156	0	0	0	73096
293bt	Escherichia_coli_strain_14EC047_plasmid_p14EC047b_complete_sequence	genome	-	NZ_CP024157.1	t_nt_hok_sok_tadb_r2	unknown	blastn	0	85306	85149	157	0	0	0	88736
378bt	Escherichia_albertii_strain_2012EL_1823B_plasmid_unnamed3_complete_sequence	genome	-	NZ_CP030786.2	t_nt_hok_sok_tadb_r2	unknown	blastn	0	93195	93034	161	0	0	0	105846
303bt	Escherichia_albertii_strain_2014C_4356_plasmid_unnamed5_complete_sequence	genome	-	NZ_CP024287.1	t_nt_hok_sok_tadb_r2	unknown	blastn	0	121235	121082	153	0	0	0	124142
574bt	Escherichia_albertii_strain_05_3106_plasmid_unnamed2_complete_sequence	genome	+	NZ_CP030780.2	t_nt_hok_sok_tadb_r2	unknown	blastn	0	47012	47165	153	0	0	0	80632
464bt	Escherichia_coli_O182_H21_strain_D181_plasmid_unnamed2_complete_sequence	genome	+	NZ_CP024250.1	t_nt_hok_sok_tadb_r2	unknown	blastn	0	76491	76644	153	0	0	0	99099
527bt	Shigella_flexneri_4c_strain_1602_plasmid_unnamed2_complete_sequence	genome	+	NZ_CP020338.1	t_nt_hok_sok_tadb_r2	unknown	blastn	0	10167	10320	153	0	0	0	95633
537bt	Escherichia_coli_UMNK88_plasmid_pUMNK88_K88_complete_sequence	genome	-	NC_017639.1	t_nt_hok_sok_tadb_r2	unknown	blastn	0	65330	65177	153	0	0	0	81883
591bt	Escherichia_coli_strain_C5_plasmid_B_complete_genome	genome	-	NZ_CP010124.1	t_nt_hok_sok_tadb_r2	unknown	blastn	0	4714	4561	153	0	0	0	86032
490bt	Escherichia_albertii_strain_2012EL_1823B_plasmid_unnamed2_complete_sequence	genome	+	NZ_CP030785.2	t_nt_hok_sok_tadb_r2	unknown	blastn	0	45579	45732	153	0	0	0	81130
570bt	Escherichia_coli_O6_H16_strain_2014EL_1346_6_plasmid_unnamed5_complete_sequence	genome	+	NZ_CP024237.1	t_nt_hok_sok_tadb_r2	unknown	blastn	0	46299	46452	153	0	0	0	152713
526bt	Escherichia_coli_APEC_IMT5155_plasmid_p1ColV5155_complete_sequence	genome	-	NZ_CP005931.1	t_nt_hok_sok_tadb_r2	unknown	blastn	0	132030	131876	154	0	0	0	194170
386bt	Escherichia_coli_strain_504239_plasmid_p504239_155_complete_sequence	genome	+	NZ_CP025861.1	t_nt_hok_sok_tadb_r2	unknown	blastn	0	131890	132044	154	0	0	0	155850
388bt	Escherichia_coli_strain_504239_plasmid_p504239_155_complete_sequence	genome	+	NZ_CP025861.1	t_nt_hok_sok_tadb_r2	unknown	blastn	0	15719	15872	153	0	0	0	155850
585bt	Escherichia_coli_strain_720632_plasmid_p720632_94_complete_sequence	genome	+	NZ_CP025844.1	t_nt_hok_sok_tadb_r2	unknown	blastn	0	34739	34893	154	0	0	0	94685
521bt	Escherichia_coli_O128_H27_strain_90_9281_plasmid_unnamed_complete_sequence	genome	-	NZ_CP024244.1	t_nt_hok_sok_tadb_r2	unknown	blastn	0	31417	31263	154	0	0	0	152012
586bt	Escherichia_coli_O25_H16_strain_F5505_C1_plasmid_unnamed1_complete_sequence	genome	+	NZ_CP024258.1	t_nt_hok_sok_tadb_r2	unknown	blastn	0	48176	48330	154	0	0	0	96607
621bt	Escherichia_coli_O169_H41_strain_2014EL_1345_2_plasmid_unnamed4_complete_sequence	genome	+	NZ_CP024227.1	t_nt_hok_sok_tadb_r2	unknown	blastn	0	133754	133900	146	0	0	0	145086
592bt	Escherichia_coli_O27_H7_strain_B4103_1_plasmid_unnamed3_complete_sequence	genome	+	NZ_CP024248.1	t_nt_hok_sok_tadb_r2	unknown	blastn	0	33378	33531	153	0	0	0	138289
603bt	Escherichia_coli_strain_M11_plasmid_A_complete_sequence	genome	-	NZ_CP010207.1	t_nt_hok_sok_tadb_r2	unknown	blastn	0	109005	108853	152	0	0	0	138950
573bt	Escherichia_albertii_strain_07_3866_plasmid_unnamed_complete_sequence	genome	-	NZ_CP030782.1	t_nt_hok_sok_tadb_r2	unknown	blastn	0	76113	75961	152	0	0	0	104269
588bt	Shigella_boydii_strain_ATCC_35964_chromosome_complete_genome	genome	-	NZ_CP026877.1	t_nt_hok_sok_tadb_r2	unknown	blastn	0	4380806	4380654	152	0	0	0	5129092
376bt	Escherichia_coli_strain_317_plasmid_p100_complete_sequence	genome	-	NZ_CP023358.1	t_nt_hok_sok_tadb_r2	unknown	blastn	0	13821	13669	152	0	0	0	100008
528bt	Shigella_dysenteriae_strain_E670_74_chromosome_complete_genome	genome	+	NZ_CP027027.1	t_nt_hok_sok_tadb_r2	unknown	blastn	0	1804035	1804187	152	0	0	0	5036586
489bt	Escherichia_coli_042_plasmid_pAA_complete_sequence	genome	+	NC_017627.1	t_nt_hok_sok_tadb_r2	unknown	blastn	0	86851	87004	153	0	0	0	113346
396bt	Escherichia_coli_O15_H11_strain_90_9272_plasmid_unnamed	genome	+	NZ_CP024238.1	t_nt_hok_sok_tadb_r2	unknown	blastn	0	119796	119949	153	0	0	0	274465
488bt	Escherichia_coli_B7A_plasmid_pEB3_complete_sequence	genome	+	NZ_CP006001.1	t_nt_hok_sok_tadb_r2	unknown	blastn	0	7469	7622	153	0	0	0	66341
1397bt	Escherichia_coli_strain_2014C_3741_plasmid_unnamed1	chromosome	-	NZ_CP027329.1	t_nt_hok_sok_tadb_r2	unknown	blastn	0	100223	100070	153	0	0	0	128345
611bt	Shigella_boydii_strain_ATCC_49812_chromosome_complete_genome	genome	-	NZ_CP026836.1	t_nt_hok_sok_tadb_r2	unknown	blastn	0	2538628	2538469	159	0	0	0	5106737
474bt	Escherichia_coli_O157_H7_plasmid_pO157pv15279_pv15_279_DNA_complete_genome	genome	-	NZ_AP018489.1	t_nt_hok_sok_tadb_r2	unknown	blastn	0	46148	45995	153	0	0	0	94391
610bt	Escherichia_coli_strain_AR_0077_plasmid_tig00000042_pilon_complete_sequence	genome	+	NZ_CP026754.1	t_nt_hok_sok_tadb_r2	unknown	blastn	0	82520	82677	157	0	0	0	90045
571bt	Escherichia_coli_E24377A_plasmid_pETEC_74_complete_sequence	genome	-	NC_009790.1	t_nt_hok_sok_tadb_r2	unknown	blastn	0	11361	11208	153	0	0	0	74224
398bt	Escherichia_coli_B7A_plasmid_pEB2_complete_sequence	genome	-	NZ_CP006000.1	t_nt_hok_sok_tadb_r2	unknown	blastn	0	40625	40472	153	0	0	0	52028
566bt	Escherichia_coli_RS218_plasmid_pRS218_complete_sequence	genome	-	NZ_CP007150.1	t_nt_hok_sok_tadb_r2	unknown	blastn	0	74256	74103	153	0	0	0	114231
379bt	Salmonella_enterica_subsp_enterica_serovar_Minnesota_strain_CFSAN017963_plasmid_pCFSAN017963_01_comp	genome	-	NZ_CP017721.1	t_nt_hok_sok_tadb_r2	unknown	blastn	0	138655	138503	152	0	0	0	280421
564bt	Escherichia_coli_strain_05_3629_plasmid_unnamed2_complete_sequence	genome	+	NZ_CP027375.1	t_nt_hok_sok_tadb_r2	unknown	blastn	0	21999	22152	153	0	0	0	118863
563bt	Escherichia_coli_strain_2013C_4282_plasmid_unnamed1	genome	-	NZ_CP027580.1	t_nt_hok_sok_tadb_r2	unknown	blastn	0	54396	54244	152	0	0	0	54544
395bt	Escherichia_coli_O25_H16_strain_F5505_C1_plasmid_unnamed2_complete_sequence	genome	-	NZ_CP024259.1	t_nt_hok_sok_tadb_r2	unknown	blastn	0	69100	68947	153	0	0	0	94817
598bt	Citrobacter_freundii_strain_AR_0022_plasmid_unitig_1_pilon_complete_sequence	genome	-	NZ_CP024882.1	t_nt_hok_sok_tadb_r2	unknown	blastn	0	98373	98220	153	0	0	0	115736
577bt	Salmonella_enterica_subsp_enterica_serovar_Give_strain_CFSAN024229_plasmid_pCFSAN024229_complete_seq	genome	+	NZ_CP019175.1	t_nt_hok_sok_tadb_r2	unknown	blastn	0	53506	53659	153	0	0	0	94727
1391bt	Enterobacter_cloacae_strain_339389L_chromosome	chromosome	+	NZ_CP026536.1	t_nt_hok_sok_tadb_r2	unknown	blastn	0	63735	63888	153	0	0	0	5036275
1395bt	Escherichia_coli_strain_H17_plasmid_pH17_2_complete_sequence	chromosome	-	NZ_CP021195.1	t_nt_hok_sok_tadb_r2	unknown	blastn	0	94599	94446	153	0	0	0	107793
576bt	Enterobacter_cloacae_strain_AR_0065_plasmid_unitig_1_complete_sequence	genome	-	NZ_CP020054.1	t_nt_hok_sok_tadb_r2	unknown	blastn	0	53815	53661	154	0	0	0	69729
593bt	Enterobacter_cloacae_complex_'Hoffmann_cluster_III'_strain_DSM_14563_plasmid_pDSMZ14563_complete_seq	genome	+	NZ_CP017187.1	t_nt_hok_sok_tadb_r2	unknown	blastn	0	119041	119194	153	0	0	0	131604
608bt	Enterobacter_cloacae_strain_AR_0050_plasmid_unitig_3_pilon_complete_sequence	genome	+	NZ_CP021898.1	t_nt_hok_sok_tadb_r2	unknown	blastn	0	6311	6464	153	0	0	0	106696
616bt	Enterobacter_cloacae_strain_AR_0053_plasmid_unitig_2_complete_sequence	genome	-	NZ_CP021777.1	t_nt_hok_sok_tadb_r2	unknown	blastn	0	19530	19376	154	0	0	0	70882
622bt	Salmonella_enterica_subsp_enterica_serovar_Saintpaul_strain_SA20031783_plasmid_unnamed1_complete_seq	genome	+	NZ_CP022492.1	t_nt_hok_sok_tadb_r2	unknown	blastn	0	102194	102350	156	0	0	0	131583
623bt	Salmonella_enterica_subsp_enterica_strain_RM11065_plasmid_pRM11065_1_complete_sequence	genome	+	NZ_CP022661.1	t_nt_hok_sok_tadb_r2	unknown	blastn	0	75923	76076	153	0	0	0	143770
1696bt	Citrobacter_freundii_isolate_Citrobacter_freundii_str_U2785_genome_assembly_plasmid_2	genome	-	NZ_LS992184.1	t_pro_hok_sok_tadb_r2	unknown	tblastn	0	128991	128836	155	0	0	0	185156
2062bt	Shigella_flexneri_4c_strain_0702_plasmid_unnamed1_complete_sequence	genome	-	NZ_CP020340.1	t_pro_hok_sok_tadb_r2	unknown	tblastn	0	7850	7696	154	0	0	0	73096
695bt	Escherichia_coli_strain_89_3506_isolate_89_3506_plasmid_unnamed1	chromosome	+	NZ_CP027521.1	t_pro_hok_sok_tadb_r2	unknown	tblastn	0	156672	156827	155	0	0	0	160231
1918bt	Escherichia_coli_strain_FMU073332_plasmid_pEcoFMU07332d_sequence	genome	-	NZ_CP017848.1	t_pro_hok_sok_tadb_r2	unknown	tblastn	0	30318	30163	155	0	0	0	137665
2039bt	Escherichia_coli_strain_14EC047_plasmid_p14EC047b_complete_sequence	genome	+	NZ_CP024157.1	t_pro_hok_sok_tadb_r2	unknown	tblastn	0	85333	85488	155	0	0	0	88736
1917bt	Escherichia_coli_strain_WCHEC005237_plasmid_pRmtB1_005237_complete_sequence	genome	-	NZ_CP026579.1	t_pro_hok_sok_tadb_r2	unknown	tblastn	0	66773	66618	155	0	0	0	100229
715bt	Escherichia_coli_UMNF18_plasmid_pUMNF18_IncFV_whole_genome_shotgun_sequence	chromosome	+	NZ_AGTD01000004.1	t_pro_hok_sok_tadb_r2	unknown	tblastn	0	66809	66964	155	0	0	0	103624
2035bt	Escherichia_coli_NCCP15648_plasmid_p15648_3_complete_sequence	genome	-	NZ_CP009053.1	t_pro_hok_sok_tadb_r2	unknown	tblastn	0	21786	21631	155	0	0	0	78111
1916bt	Escherichia_coli_strain_2015C_4136CT1_plasmid_unnamed_complete_sequence	genome	-	NZ_CP027551.1	t_pro_hok_sok_tadb_r2	unknown	tblastn	0	160723	160568	155	0	0	0	162810
680bt	Escherichia_coli_isolate_Co6114_plasmid_pC06114_1_complete_sequence	chromosome	-	NZ_CP016035.1	t_pro_hok_sok_tadb_r2	unknown	tblastn	0	40985	40830	155	0	0	0	129085
2063bt	Escherichia_coli_UMNK88_plasmid_pUMNK88_Hly_complete_sequence	genome	+	NC_017643.1	t_pro_hok_sok_tadb_r2	unknown	tblastn	0	2300	2455	155	0	0	0	65549
2046bt	Escherichia_albertii_strain_2014C_4356_plasmid_unnamed5_complete_sequence	genome	+	NZ_CP024287.1	t_pro_hok_sok_tadb_r2	unknown	tblastn	0	122363	122518	155	0	0	0	124142
708bt	Escherichia_coli_strain_S17_13_plasmid_p1713_1	chromosome	-	NZ_CP031766.1	t_pro_hok_sok_tadb_r2	unknown	tblastn	0	55932	55777	155	0	0	0	141331
2045bt	Escherichia_albertii_strain_ChinaSP140150_plasmid_pEA_2_complete_sequence	genome	+	NZ_CP025678.1	t_pro_hok_sok_tadb_r2	unknown	tblastn	0	25299	25454	155	0	0	0	57110
2028bt	Escherichia_coli_strain_746_plasmid_p62_complete_sequence	genome	+	NZ_CP023354.1	t_pro_hok_sok_tadb_r2	unknown	tblastn	0	23479	23634	155	0	0	0	62312
2019bt	Escherichia_coli_1303_plasmid_p1303_109_complete_sequence	genome	+	NZ_CP009167.1	t_pro_hok_sok_tadb_r2	unknown	tblastn	0	65655	65810	155	0	0	0	108501
2009bt	Escherichia_coli_strain_AR_0077_plasmid_tig00000042_pilon_complete_sequence	genome	-	NZ_CP026754.1	t_pro_hok_sok_tadb_r2	unknown	tblastn	0	81051	80896	155	0	0	0	90045
1973bt	Escherichia_coli_O157_H7_plasmid_pO157pv15279_pv15_279_DNA_complete_genome	genome	+	NZ_AP018489.1	t_pro_hok_sok_tadb_r2	unknown	tblastn	0	46175	46330	155	0	0	0	94391
2040bt	Escherichia_coli_O157_H7_strain_1130_plasmid_pO157_complete_sequence	genome	+	NZ_CP017435.1	t_pro_hok_sok_tadb_r2	unknown	tblastn	0	71498	71653	155	0	0	0	92624
2060bt	Escherichia_coli_strain_2011C_3911_plasmid_unnamed1_complete_sequence	genome	-	NZ_CP015239.1	t_pro_hok_sok_tadb_r2	unknown	tblastn	0	96390	96235	155	0	0	0	125977
2080bt	Enterobacter_sp_R4_368_complete_genome	genome	-	NC_021500.1	t_pro_hok_sok_tadb_r2	unknown	tblastn	0	2677121	2676966	155	0	0	0	5039027
2093bt	Kosakonia_sacchari_SP1_chromosome_complete_genome	genome	+	NZ_CP007215.2	t_pro_hok_sok_tadb_r2	unknown	tblastn	0	309997	310152	155	0	0	0	4902027
2061bt	Enterobacter_cloacae_complex_sp_ABFPL_plasmid_pENT_1ac_complete_sequence	genome	-	NZ_CP017991.1	t_pro_hok_sok_tadb_r2	unknown	tblastn	0	116161	116006	155	0	0	0	144025
2163bt	Salmonella_enterica_subsp_enterica_serovar_Give_strain_CFSAN024229_plasmid_pCFSAN024229_complete_seq	genome	-	NZ_CP019175.1	t_pro_hok_sok_tadb_r2	unknown	tblastn	0	53479	53324	155	0	0	0	94727
2065bt	Citrobacter_freundii_strain_AR_0022_plasmid_unitig_1_pilon_complete_sequence	genome	+	NZ_CP024882.1	t_pro_hok_sok_tadb_r2	unknown	tblastn	0	103016	103171	155	0	0	0	115736
2059bt	Enterobacter_cloacae_strain_AR_0053_plasmid_unitig_2_complete_sequence	genome	+	NZ_CP021777.1	t_pro_hok_sok_tadb_r2	unknown	tblastn	0	19557	19712	155	0	0	0	70882
2050bt	Enterobacter_cloacae_strain_EN3600_plasmid_unnamed5_complete_sequence	genome	-	NZ_CP035637.1	t_pro_hok_sok_tadb_r2	unknown	tblastn	0	73873	73718	155	0	0	0	86605
2047bt	Enterobacter_sp_638_plasmid_pENTE01_complete_sequence	genome	+	NC_009425.1	t_pro_hok_sok_tadb_r2	unknown	tblastn	0	104110	104265	155	0	0	0	157749
2053bt	UNVERIFIED_ORG_Enterobacter_asburiae_LF7a_plasmid_pENTAS01_complete_sequence	genome	+	NC_015963.1	t_pro_hok_sok_tadb_r2	unknown	tblastn	0	41900	42055	155	0	0	0	166725
2058bt	Enterobacteriaceae_bacterium_ENNIH2_plasmid_pENT_812c_complete_sequence	genome	+	NZ_CP026189.1	t_pro_hok_sok_tadb_r2	unknown	tblastn	0	34784	34939	155	0	0	0	171306
2082bt	Enterobacter_cloacae_complex_bacterium_strain_FDAARGOS_77_chromosome_complete_genome	genome	+	NZ_CP026975.1	t_pro_hok_sok_tadb_r2	unknown	tblastn	0	2518788	2518943	155	0	0	0	4876999
2084bt	Enterobacter_cloacae_strain_AR_0154_plasmid_unnamed1_complete_sequence	genome	-	NZ_CP029719.1	t_pro_hok_sok_tadb_r2	unknown	tblastn	0	111441	111286	155	0	0	0	138933
2067bt	Enterobacter_cloacae_subsp_cloacae_ATCC_13047_plasmid_pECL_A_complete_sequence	genome	+	NC_014107.1	t_pro_hok_sok_tadb_r2	unknown	tblastn	0	90281	90436	155	0	0	0	199562
2073bt	Enterobacter_cloacae_strain_704SK10_plasmid_p704SK10_1_complete_sequence	genome	+	NZ_CP022149.1	t_pro_hok_sok_tadb_r2	unknown	tblastn	0	60932	61087	155	0	0	0	111184
723bt	Enterobacter_cloacae_strain_339389L_chromosome	chromosome	-	NZ_CP026536.1	t_pro_hok_sok_tadb_r2	unknown	tblastn	0	58027	57872	155	0	0	0	5036275
2087bt	Enterobacter_sp_N18_03635_plasmid_pFRI_6_complete_sequence	genome	+	NZ_CP034768.1	t_pro_hok_sok_tadb_r2	unknown	tblastn	0	29028	29183	155	0	0	0	125786
2064bt	Enterobacter_hormaechei_subsp_hoffmannii_strain_AR_0365_plasmid_unnamed2_complete_sequence	genome	+	NZ_CP027145.1	t_pro_hok_sok_tadb_r2	unknown	tblastn	0	82955	83110	155	0	0	0	101548
720bt	Klebsiella_pneumoniae_subsp_rhinoscleromatis_strain_SB3432_complete_genome	chromosome	-	NC_021232.1	t_pro_hok_sok_tadb_r2	unknown	tblastn	0	4425923	4425768	155	0	0	0	5270770
2071bt	Salmonella_enterica_subsp_enterica_serovar_Gaminara_strain_CFSAN070644_plasmid_pCFSAN024441_01_compl	genome	+	NZ_CP024166.1	t_pro_hok_sok_tadb_r2	unknown	tblastn	0	36322	36477	155	0	0	0	135915
2069bt	Salmonella_enterica_subsp_enterica_serovar_Saintpaul_strain_SA20031783_plasmid_unnamed1_complete_seq	genome	-	NZ_CP022492.1	t_pro_hok_sok_tadb_r2	unknown	tblastn	0	102171	102016	155	0	0	0	131583
2076bt	Citrobacter_sp_LY_1_plasmid_unnamed2_complete_sequence	genome	-	NZ_CP037863.1	t_pro_hok_sok_tadb_r2	unknown	tblastn	0	121559	121404	155	0	0	0	143364
732bt	Escherichia_coli_strain_H17_plasmid_pH17_2_complete_sequence	chromosome	+	NZ_CP021195.1	t_pro_hok_sok_tadb_r2	unknown	tblastn	0	95725	95880	155	0	0	0	107793
737bt	Klebsiella_pneumoniae_strain_CCUG_70747_plasmid_pKpn70747_2_complete_sequence	chromosome	+	NZ_CP023443.1	t_pro_hok_sok_tadb_r2	unknown	tblastn	0	112570	112725	155	0	0	0	117859
2091bt	Klebsiella_michiganensis_strain_M1_plasmid_pKOXM1B_complete_sequence	genome	+	NZ_CP008843.1	t_pro_hok_sok_tadb_r2	unknown	tblastn	0	114630	114785	155	0	0	0	183015
2131bt	Klebsiella_oxytoca_strain_CAV1374_plasmid_pCAV1374_150_complete_sequence	genome	-	NZ_CP011633.1	t_pro_hok_sok_tadb_r2	unknown	tblastn	0	36857	36702	155	0	0	0	150318
2115bt	Klebsiella_pneumoniae_isolate_KP9201_genome_assembly_plasmid_2	genome	-	NZ_LR025093.1	t_pro_hok_sok_tadb_r2	unknown	tblastn	0	58215	58060	155	0	0	0	231732
2135bt	Klebsiella_pneumoniae_strain_INF237_plasmid_pINF237_04_complete_sequence	genome	-	NZ_CP032837.1	t_pro_hok_sok_tadb_r2	unknown	tblastn	0	33650	33495	155	0	0	0	44993
2112bt	Klebsiella_oxytoca_strain_KONIH5_plasmid_pKOR_ab4d_complete_sequence	genome	-	NZ_CP026276.1	t_pro_hok_sok_tadb_r2	unknown	tblastn	0	144642	144487	155	0	0	0	282476
2113bt	Klebsiella_aerogenes_strain_NCTC9997_genome_assembly_plasmid_2	genome	-	NZ_LR134252.1	t_pro_hok_sok_tadb_r2	unknown	tblastn	0	95750	95595	155	0	0	0	276068
2110bt	Klebsiella_oxytoca_strain_AR_0147_complete_genome	genome	-	NZ_CP020358.1	t_pro_hok_sok_tadb_r2	unknown	tblastn	0	428121	427966	155	0	0	0	6350620
2175bt	Escherichia_coli_strain_Ecol_422_plasmid_pEC422_1_complete_sequence	genome	-	NZ_CP018961.1	t_pro_hok_sok_tadb_r2	unknown	tblastn	0	257624	257469	155	0	0	0	289903
2048bt	Enterobacter_sp_638_plasmid_pENTE01_complete_sequence	genome	+	NC_009425.1	t_pro_hok_sok_tadb_r2	unknown	tblastn	0	87429	87584	155	0	0	0	157749
2047bt	Enterobacter_sp_638_plasmid_pENTE01_complete_sequence	genome	+	NC_009425.1	t_pro_hok_sok_tadb_r2	unknown	tblastn	0	98566	98721	155	0	0	0	157749
2052bt	Citrobacter_freundii_strain_UMH14_plasmid_pUMH14_1_complete_sequence	genome	-	NZ_CP024681.1	t_pro_hok_sok_tadb_r2	unknown	tblastn	0	118534	118379	155	0	0	0	134386
2078bt	Erwinia_amylovora_ATCC_49946_chromosomal_sequence	genome	+	NC_013971.1	t_pro_hok_sok_tadb_r2	unknown	tblastn	0	581151	581306	155	0	0	0	3805874
2090bt	Leclercia_sp_LSNIH1_plasmid_pLEC_b38d_complete_sequence	genome	+	NZ_CP026168.1	t_pro_hok_sok_tadb_r2	unknown	tblastn	0	44346	44501	155	0	0	0	50622
2094bt	Lelliottia_sp_WB101_plasmid_unnamed1	genome	-	NZ_CP028521.1	t_pro_hok_sok_tadb_r2	unknown	tblastn	0	33688	33533	155	0	0	0	126628
2053bt	UNVERIFIED_ORG_Enterobacter_asburiae_LF7a_plasmid_pENTAS01_complete_sequence	genome	+	NC_015963.1	t_pro_hok_sok_tadb_r2	unknown	tblastn	0	164316	164471	155	0	0	0	166725
743bt	Klebsiella_pneumoniae_isolate_207M1D0_sc_2013_04_03T11_21_06Z_1606409_genome_assembly_plasmid_KPN207	chromosome	+	NZ_LT216439.1	t_pro_hok_sok_tadb_r2	unknown	tblastn	0	89288	89443	155	0	0	0	214718
721bt	Klebsiella_pneumoniae_subsp_rhinoscleromatis_strain_SB3432_complete_genome	chromosome	+	NC_021232.1	t_pro_hok_sok_tadb_r2	unknown	tblastn	0	1791832	1791987	155	0	0	0	5270770
746bt	Raoultella_ornithinolytica_strain_18_plasmid_1_complete_sequence	chromosome	-	NZ_CP012556.1	t_pro_hok_sok_tadb_r2	unknown	tblastn	0	98907	98752	155	0	0	0	216710
2052bt	Citrobacter_freundii_strain_UMH14_plasmid_pUMH14_1_complete_sequence	genome	-	NZ_CP024681.1	t_pro_hok_sok_tadb_r2	unknown	tblastn	0	27580	27425	155	0	0	0	134386
765bt	Escherichia_coli_FAP1_plasmid_unnamed_1_complete_sequence	chromosome	+	NZ_CP009579.1	t_pro_hok_sok_tadb_r2	unknown	tblastn	0	61994	62149	155	0	0	0	141804
1631bt	Escherichia_coli_O15_H11_strain_90_9272_plasmid_unnamed	genome	-	NZ_CP024238.1	t_pro_hok_sok_tadb_r2	unknown	tblastn	0	119769	119614	155	0	0	0	274465
761bt	Escherichia_coli_strain_90_9276_plasmid_unnamed1	chromosome	+	NZ_CP024297.1	t_pro_hok_sok_tadb_r2	unknown	tblastn	0	11797	11952	155	0	0	0	167764
766bt	Escherichia_coli_strain_90_9269_plasmid_unnamed1_complete_sequence	chromosome	+	NZ_CP024662.1	t_pro_hok_sok_tadb_r2	unknown	tblastn	0	17346	17501	155	0	0	0	160351
747bt	Escherichia_coli_UMNF18_plasmid_pUMNF18_87_whole_genome_shotgun_sequence	chromosome	-	NZ_AGTD01000003.1	t_pro_hok_sok_tadb_r2	unknown	tblastn	0	15959	15804	155	0	0	0	87792
745bt	Escherichia_coli_strain_CHL5009T_plasmid_pCHL5009T_61_8k_mcr1_complete_sequence	chromosome	+	NZ_CP032940.1	t_pro_hok_sok_tadb_r2	unknown	tblastn	0	2628	2783	155	0	0	0	61805
1633bt	Escherichia_coli_O6_H16_strain_2014EL_1346_6_plasmid_unnamed5_complete_sequence	genome	-	NZ_CP024237.1	t_pro_hok_sok_tadb_r2	unknown	tblastn	0	46272	46117	155	0	0	0	152713
752bt	Shigella_boydii_strain_NCTC_9734_chromosome	chromosome	-	NZ_CP026875.1	t_pro_hok_sok_tadb_r2	unknown	tblastn	0	4866754	4866599	155	0	0	0	5164076
1646bt	Escherichia_coli_strain_99_3165_plasmid_unnamed3_complete_sequence	genome	+	NZ_CP029982.1	t_pro_hok_sok_tadb_r2	unknown	tblastn	0	27533	27688	155	0	0	0	71543
763bt	Escherichia_coli_FAP1_plasmid_unnamed_3_complete_sequence	chromosome	-	NZ_CP009581.1	t_pro_hok_sok_tadb_r2	unknown	tblastn	0	3258	3103	155	0	0	0	62384
2030bt	Escherichia_coli_O26_H11_str_11368_plasmid_pO26_2_DNA_complete_sequence	genome	+	NC_013362.1	t_pro_hok_sok_tadb_r2	unknown	tblastn	0	5111	5266	155	0	0	0	63365
2071bt	Salmonella_enterica_subsp_enterica_serovar_Gaminara_strain_CFSAN070644_plasmid_pCFSAN024441_01_compl	genome	+	NZ_CP024166.1	t_pro_hok_sok_tadb_r2	unknown	tblastn	0	35254	35409	155	0	0	0	135915
756bt	Kosakonia_cowanii_strain_Esp_Z_genome	chromosome	-	NZ_CP022690.1	t_pro_hok_sok_tadb_r2	unknown	tblastn	0	4715794	4715642	152	0	0	0	5077975
756bt	Kosakonia_cowanii_strain_Esp_Z_genome	chromosome	-	NZ_CP022690.1	t_pro_hok_sok_tadb_r2	unknown	tblastn	0	4716326	4716174	152	0	0	0	5077975
2111bt	Klebsiella_oxytoca_strain_AR_0147_complete_genome	genome	+	NZ_CP020358.1	t_pro_hok_sok_tadb_r2	unknown	tblastn	0	1757825	1757980	155	0	0	0	6350620
754bt	Escherichia_coli_strain_268_78_1_plasmid_unnamed_map_unlocalized	chromosome	-	NZ_CP014090.2	t_pro_hok_sok_tadb_r2	unknown	tblastn	0	84449	84294	155	0	0	0	86763
759bt	Escherichia_coli_strain_H17_plasmid_pH17_3_complete_sequence	chromosome	+	NZ_CP021196.1	t_pro_hok_sok_tadb_r2	unknown	tblastn	0	81969	82124	155	0	0	0	252257
830bt	Serratia_marcescens_strain_12TM_chromosome_whole_genome_shotgun_sequence	chromosome	-	NZ_CM008894.1	t_pro_hok_sok_tadb_r2	unknown	tblastn	0	4396803	4396648	155	0	0	0	5276151
827bt	Serratia_sp_JKS000199_genome_assembly_chromosome_I	chromosome	-	NZ_LT907843.1	t_pro_hok_sok_tadb_r2	unknown	tblastn	0	196071	195916	155	0	0	0	5124953
829bt	Serratia_marcescens_strain_EL1_chromosome	chromosome	-	NZ_CP027796.1	t_pro_hok_sok_tadb_r2	unknown	tblastn	0	4102820	4102665	155	0	0	0	5201791
831bt	Serratia_marcescens_strain_S2I7_genome	chromosome	-	NZ_CP021984.1	t_pro_hok_sok_tadb_r2	unknown	tblastn	0	981442	981287	155	0	0	0	5241555
803bt	Escherichia_coli_FAP1_genome	chromosome	-	NZ_CP009578.1	t_pro_hok_sok_tadb_r2	unknown	tblastn	0	2012318	2012169	149	0	0	0	4874804
826bt	Escherichia_coli_strain_BR12_DEC_chromosome	chromosome	-	NZ_CP035325.1	t_pro_hok_sok_tadb_r2	unknown	tblastn	0	1539985	1539836	149	0	0	0	4824995
773bt	Escherichia_coli_M12_chromosome	chromosome	+	NZ_CP023644.1	t_pro_hok_sok_tadb_r2	unknown	tblastn	0	3792927	3793076	149	0	0	0	4984145
779bt	Escherichia_coli_strain_BR14_DEC_chromosome	chromosome	+	NZ_CP035330.1	t_pro_hok_sok_tadb_r2	unknown	tblastn	0	4834803	4834952	149	0	0	0	5110451
782bt	Shigella_flexneri_5a_str_M90T_chromosome_whole_genome_shotgun_sequence	chromosome	+	NZ_CM001474.1	t_pro_hok_sok_tadb_r2	unknown	tblastn	0	1831987	1832136	149	0	0	0	4580866
772bt	Escherichia_coli_TW10598_chromosome_whole_genome_shotgun_sequence	chromosome	-	NZ_CM007915.1	t_pro_hok_sok_tadb_r2	unknown	tblastn	0	1563746	1563597	149	0	0	0	4870513
823bt	Escherichia_coli_O157_H7_str_EDL933_genome	chromosome	+	NC_002655.2	t_pro_hok_sok_tadb_r2	unknown	tblastn	0	2078898	2079047	149	0	0	0	5528445
811bt	Escherichia_coli_strain_89_3506_isolate_89_3506_chromosome	chromosome	-	NZ_CP027520.1	t_pro_hok_sok_tadb_r2	unknown	tblastn	0	4597055	4596906	149	0	0	0	5178486
2005bt	Escherichia_coli_strain_CV839_15_chromosome_complete_genome	genome	+	NZ_CP024978.1	t_pro_hok_sok_tadb_r2	unknown	tblastn	0	4874511	4874660	149	0	0	0	4917635
768bt	Erwinia_pyrifoliae_DSM_12163_complete_genome_culture_collection_DSM_12163	chromosome	+	NC_017390.1	t_pro_hok_sok_tadb_r2	unknown	tblastn	0	1985432	1985581	149	0	0	0	4026286
720bt	Klebsiella_pneumoniae_subsp_rhinoscleromatis_strain_SB3432_complete_genome	chromosome	-	NC_021232.1	t_pro_hok_sok_tadb_r2	unknown	tblastn	0	4639075	4638920	155	0	0	0	5270770
