447bat	Escherichia_coli_KLY_complete_genome	genome	-	NZ_CP008801.1	at_nt_srnb_srnc	unknown	blastn	0	3058597	3058536	61	0	0	0	4718545
563bat	Escherichia_coli_strain_2014C_4423_plasmid_unnamed1_complete_sequence	genome	+	NZ_CP027455.1	at_nt_srnb_srnc	unknown	blastn	0	47325	47386	61	0	0	0	73262
638bat	Escherichia_coli_strain_50579417_plasmid_p50579417_4_complete_sequence	genome	+	NZ_CP033881.1	at_nt_srnb_srnc	unknown	blastn	0	33447	33508	61	0	0	0	61890
650bat	Escherichia_coli_O169_H41_strain_2014EL_1345_2_plasmid_unnamed4_complete_sequence	genome	+	NZ_CP024227.1	at_nt_srnb_srnc	unknown	blastn	0	104663	104724	61	0	0	0	145086
654bat	Escherichia_albertii_strain_07_3866_plasmid_unnamed_complete_sequence	genome	-	NZ_CP030782.1	at_nt_srnb_srnc	unknown	blastn	0	8663	8602	61	0	0	0	104269
549bat	Escherichia_coli_1303_plasmid_p1303_109_complete_sequence	genome	-	NZ_CP009167.1	at_nt_srnb_srnc	unknown	blastn	0	107630	107569	61	0	0	0	108501
660bat	Escherichia_coli_O178_H19_strain_2012C_4431_plasmid_unnamed2_complete_sequence	genome	+	NZ_CP024291.1	at_nt_srnb_srnc	unknown	blastn	0	63929	63990	61	0	0	0	111697
550bat	Escherichia_albertii_strain_2014C_4356_plasmid_unnamed4_complete_sequence	genome	+	NZ_CP024286.1	at_nt_srnb_srnc	unknown	blastn	0	42577	42638	61	0	0	0	113727
644bat	Escherichia_coli_strain_2012C_4221_plasmid_unnamed1_complete_sequence	genome	+	NZ_CP027438.1	at_nt_srnb_srnc	unknown	blastn	0	33119	33180	61	0	0	0	74904
652bat	Escherichia_albertii_strain_ChinaSP140150_plasmid_pEA_1_complete_sequence	genome	-	NZ_CP025677.1	at_nt_srnb_srnc	unknown	blastn	0	21690	21629	61	0	0	0	129356
659bat	Escherichia_coli_strain_06_00048_plasmid_pCFSAN004178P_02_complete_sequence	genome	-	NZ_CP012498.1	at_nt_srnb_srnc	unknown	blastn	0	138699	138638	61	0	0	0	213847
664bat	Escherichia_coli_strain_08_00022_plasmid_pCFSAN004179G_complete_sequence	genome	-	NZ_CP012501.1	at_nt_srnb_srnc	unknown	blastn	0	1794	1733	61	0	0	0	242187
724bat	Escherichia_coli_isolate_Co6114_plasmid_pC06114_1_complete_sequence	chromosome	+	NZ_CP016035.1	at_nt_srnb_srnc	unknown	blastn	0	8140	8200	60	0	0	0	129085
569bat	Salmonella_enterica_strain_SA20051401_plasmid_pSA20051401_1_complete_sequence	genome	-	NZ_CP030197.1	at_nt_srnb_srnc	unknown	blastn	0	139377	139317	60	0	0	0	141502
875bt	Escherichia_albertii_strain_05_3106_plasmid_unnamed1_complete_sequence	genome	-	NZ_CP030779.2	t_nt_srnb_srnc	unknown	blastn	0	39377	39228	149	0	0	0	56603
929bt	Escherichia_coli_strain_C5_plasmid_A_complete_genome	genome	-	NZ_CP010123.1	t_nt_srnb_srnc	unknown	blastn	0	27218	27069	149	0	0	0	214445
843bt	Escherichia_albertii_strain_07_3866_plasmid_unnamed_complete_sequence	genome	+	NZ_CP030782.1	t_nt_srnb_srnc	unknown	blastn	0	8706	8855	149	0	0	0	104269
847bt	Salmonella_enterica_strain_SA20051401_plasmid_pSA20051401_1_complete_sequence	genome	+	NZ_CP030197.1	t_nt_srnb_srnc	unknown	blastn	0	139422	139571	149	0	0	0	141502
845bt	Salmonella_enterica_subsp_enterica_serovar_Poona_str_ATCC_BAA_1673_plasmid_pATCCBAA1673_01_complete_	genome	+	NZ_CP019190.1	t_nt_srnb_srnc	unknown	blastn	0	44023	44172	149	0	0	0	186451
877bt	Salmonella_enterica_subsp_enterica_serovar_Minnesota_strain_CFSAN017963_plasmid_pCFSAN017963_01_comp	genome	+	NZ_CP017721.1	t_nt_srnb_srnc	unknown	blastn	0	178034	178183	149	0	0	0	280421
871bt	Escherichia_coli_O25_H16_strain_F5505_C1_plasmid_unnamed1_complete_sequence	genome	-	NZ_CP024258.1	t_nt_srnb_srnc	unknown	blastn	0	2945	2796	149	0	0	0	96607
801bt	Escherichia_coli_strain_C5_plasmid_B_complete_genome	genome	+	NZ_CP010124.1	t_nt_srnb_srnc	unknown	blastn	0	48193	48342	149	0	0	0	86032
837bt	Escherichia_coli_ECC_1470_plasmid_pECC_1470_100_complete_sequence	genome	+	NZ_CP010345.1	t_nt_srnb_srnc	unknown	blastn	0	99239	99388	149	0	0	0	100061
735bt	Escherichia_coli_strain_2013C_4282_plasmid_unnamed1	genome	+	NZ_CP027580.1	t_nt_srnb_srnc	unknown	blastn	0	35591	35740	149	0	0	0	54544
836bt	Escherichia_coli_O26_H11_str_11368_plasmid_pO26_2_DNA_complete_sequence	genome	+	NC_013362.1	t_nt_srnb_srnc	unknown	blastn	0	62374	62523	149	0	0	0	63365
867bt	Escherichia_coli_strain_06_00048_plasmid_pCFSAN004178P_02_complete_sequence	genome	+	NZ_CP012498.1	t_nt_srnb_srnc	unknown	blastn	0	138745	138894	149	0	0	0	213847
900bt	Klebsiella_pneumoniae_strain_INF237_plasmid_pINF237_03_complete_sequence	genome	+	NZ_CP032836.1	t_nt_srnb_srnc	unknown	blastn	0	72953	73102	149	0	0	0	76772
873bt	Escherichia_coli_JJ1887_plasmid_pJJ1887_5_complete_sequence	genome	-	NZ_CP014320.1	t_nt_srnb_srnc	unknown	blastn	0	996	847	149	0	0	0	130603
834bt	Escherichia_coli_O91_str_RM7190_plasmid_pRM7190_2_complete_sequence	genome	+	NZ_CP015246.1	t_nt_srnb_srnc	unknown	blastn	0	40063	40212	149	0	0	0	118513
828bt	Escherichia_coli_strain_2011C_3911_plasmid_unnamed1_complete_sequence	genome	-	NZ_CP015239.1	t_nt_srnb_srnc	unknown	blastn	0	51552	51403	149	0	0	0	125977
996bt	Escherichia_coli_strain_ATCC_43896_plasmid_unnamed2	genome	+	NZ_CP024280.1	t_nt_srnb_srnc	unknown	blastn	0	1	129	128	0	0	0	52655
729bt	Escherichia_coli_KLY_complete_genome	genome	+	NZ_CP008801.1	t_nt_srnb_srnc	unknown	blastn	0	3058641	3058790	149	0	0	0	4718545
869bt	Escherichia_coli_O43_str_RM10042_plasmid_pRM10042_2_complete_sequence	genome	-	NZ_CP028121.1	t_nt_srnb_srnc	unknown	blastn	0	58970	58821	149	0	0	0	109466
1013bt	Escherichia_coli_strain_00_3279_plasmid_unnamed2_complete_sequence	chromosome	-	NZ_CP024295.1	t_nt_srnb_srnc	unknown	blastn	0	84160	84011	149	0	0	0	103995
927bt	Escherichia_albertii_strain_ChinaSP140150_plasmid_pEA_1_complete_sequence	genome	+	NZ_CP025677.1	t_nt_srnb_srnc	unknown	blastn	0	21733	21882	149	0	0	0	129356
788bt	Escherichia_coli_E2855_plasmid_pE2855_5_DNA_complete_genome	genome	+	NZ_AP018801.1	t_nt_srnb_srnc	unknown	blastn	0	70299	70448	149	0	0	0	71289
862bt	Escherichia_coli_strain_2015C_3125_plasmid_unnamed2_complete_sequence	genome	-	NZ_CP027765.1	t_nt_srnb_srnc	unknown	blastn	0	17972	17823	149	0	0	0	66388
842bt	Escherichia_albertii_strain_2014C_4356_plasmid_unnamed4_complete_sequence	genome	-	NZ_CP024286.1	t_nt_srnb_srnc	unknown	blastn	0	42533	42384	149	0	0	0	113727
872bt	Escherichia_coli_0127_H6_E2348_69_plasmid_pMAR2_strain_E2348_69	genome	-	NC_011603.1	t_nt_srnb_srnc	unknown	blastn	0	32960	32811	149	0	0	0	97978
924bt	Escherichia_coli_strain_2012C_4221_plasmid_unnamed1_complete_sequence	genome	-	NZ_CP027438.1	t_nt_srnb_srnc	unknown	blastn	0	33076	32927	149	0	0	0	74904
983bt	Escherichia_coli_strain_14EC029_plasmid_p14EC029d_complete_sequence	genome	+	NZ_CP024145.1	t_nt_srnb_srnc	unknown	blastn	0	66657	66806	149	0	0	0	106478
998bt	Escherichia_coli_strain_300709_plasmid_p300709_97_complete_sequence	genome	+	NZ_CP025904.1	t_nt_srnb_srnc	unknown	blastn	0	75929	76078	149	0	0	0	97878
840bt	Escherichia_coli_APEC_IMT5155_plasmid_p1ColV5155_complete_sequence	genome	-	NZ_CP005931.1	t_nt_srnb_srnc	unknown	blastn	0	34868	34719	149	0	0	0	194170
861bt	Escherichia_coli_strain_210205630_plasmid_pSLy2_complete_sequence	genome	-	NZ_CP015914.1	t_nt_srnb_srnc	unknown	blastn	0	10683	10534	149	0	0	0	129035
876bt	Escherichia_coli_strain_14EC033_plasmid_p14EC033d_complete_sequence	genome	-	NZ_CP024151.1	t_nt_srnb_srnc	unknown	blastn	0	42472	42323	149	0	0	0	97858
923bt	Escherichia_coli_strain_C3_plasmid_A_complete_sequence	genome	-	NZ_CP010120.1	t_nt_srnb_srnc	unknown	blastn	0	25624	25475	149	0	0	0	63684
991bt	Escherichia_coli_strain_CI5_plasmid_complete_sequence	genome	-	NZ_CP011019.1	t_nt_srnb_srnc	unknown	blastn	0	85929	85775	154	0	0	0	207265
931bt	Escherichia_coli_O178_H19_strain_2012C_4431_plasmid_unnamed2_complete_sequence	genome	-	NZ_CP024291.1	t_nt_srnb_srnc	unknown	blastn	0	63885	63736	149	0	0	0	111697
939bt	Escherichia_coli_strain_AR_0077_plasmid_tig00000042_pilon_complete_sequence	genome	-	NZ_CP026754.1	t_nt_srnb_srnc	unknown	blastn	0	43866	43717	149	0	0	0	90045
999bt	Escherichia_coli_strain_Es_ST2350_SE1_NDM_03_2018_plasmid_pEsST2350_SE_2_complete_sequence	genome	+	NZ_CP031323.1	t_nt_srnb_srnc	unknown	blastn	0	59982	60131	149	0	0	0	82461
985bt	Escherichia_coli_O25b_H4_plasmid_complete_sequence	genome	+	NZ_CP015086.1	t_nt_srnb_srnc	unknown	blastn	0	95895	96042	147	0	0	0	130920
937bt	Escherichia_coli_O169_H41_strain_2014EL_1345_2_plasmid_unnamed4_complete_sequence	genome	-	NZ_CP024227.1	t_nt_srnb_srnc	unknown	blastn	0	104619	104470	149	0	0	0	145086
930bt	Escherichia_coli_strain_510016_plasmid_p510016_29_complete_sequence	genome	+	NZ_CP025852.1	t_nt_srnb_srnc	unknown	blastn	0	27298	27447	149	0	0	0	29775
928bt	Escherichia_coli_strain_RM14721_plasmid_pRM14721_complete_sequence	genome	-	NZ_CP027106.1	t_nt_srnb_srnc	unknown	blastn	0	103790	103641	149	0	0	0	106432
915bt	Escherichia_coli_strain_STEC299_plasmid_pSTEC299_1_complete_sequence	genome	+	NZ_CP022280.1	t_nt_srnb_srnc	unknown	blastn	0	33002	33151	149	0	0	0	191691
926bt	Escherichia_coli_strain_08_00022_plasmid_pCFSAN004179G_complete_sequence	genome	+	NZ_CP012501.1	t_nt_srnb_srnc	unknown	blastn	0	1837	1986	149	0	0	0	242187
945bt	Escherichia_albertii_strain_05_3106_plasmid_unnamed2_complete_sequence	genome	-	NZ_CP030780.2	t_nt_srnb_srnc	unknown	blastn	0	16621	16472	149	0	0	0	80632
944bt	Escherichia_albertii_strain_2012EL_1823B_plasmid_unnamed3_complete_sequence	genome	-	NZ_CP030786.2	t_nt_srnb_srnc	unknown	blastn	0	70100	69951	149	0	0	0	105846
987bt	Escherichia_coli_E24377A_plasmid_pETEC_35_complete_sequence	genome	-	NC_009787.1	t_nt_srnb_srnc	unknown	blastn	0	30851	30702	149	0	0	0	34367
993bt	Escherichia_coli_strain_CV839_15_chromosome_complete_genome	genome	-	NZ_CP024978.1	t_nt_srnb_srnc	unknown	blastn	0	4069987	4069838	149	0	0	0	4917635
992bt	Escherichia_coli_strain_M8_plasmid_A_complete_genome	genome	-	NZ_CP010192.1	t_nt_srnb_srnc	unknown	blastn	0	103187	103038	149	0	0	0	162720
350bt	Aliivibrio_salmonicida_LFI1238_chromosome_1_complete_genome	genome	-	NC_011312.1	t_pro_srnb_srnc	unknown	tblastn	0	21760	21614	146	0	0	0	3325165
351bt	Aliivibrio_wodanis_genome_assembly_AWOD1_plasmid__pAWOD920	genome	+	NZ_LN554848.1	t_pro_srnb_srnc	unknown	tblastn	0	49995	50141	146	0	0	0	91951
357bt	Cronobacter_malonaticus_LMG_23826_complete_genome	genome	-	NZ_CP013940.1	t_pro_srnb_srnc	unknown	tblastn	0	3949145	3948999	146	0	0	0	4294639
358bt	Cronobacter_universalis_NCTC_9529_complete_genome	genome	-	NZ_CP012257.1	t_pro_srnb_srnc	unknown	tblastn	0	4105082	4104936	146	0	0	0	4307096
361bt	Cronobacter_muytjensii_ATCC_51329_complete_genome	genome	+	NZ_CP012268.1	t_pro_srnb_srnc	unknown	tblastn	0	4219238	4219384	146	0	0	0	4364114
362bt	Cronobacter_sakazakii_ATCC_BAA_894_complete_genome	genome	+	NC_009778.1	t_pro_srnb_srnc	unknown	tblastn	0	4128302	4128448	146	0	0	0	4368373
365bt	Cronobacter_sakazakii_strain_GZcsf_1_chromosome_complete_genome	genome	+	NZ_CP028974.1	t_pro_srnb_srnc	unknown	tblastn	0	190918	191064	146	0	0	0	4432028
103bt	Escherichia_albertii_strain_05_3106_plasmid_unnamed1_complete_sequence	genome	-	NZ_CP030779.2	t_pro_srnb_srnc	unknown	tblastn	0	39377	39231	146	0	0	0	56603
190bt	Escherichia_coli_strain_C5_plasmid_A_complete_genome	genome	-	NZ_CP010123.1	t_pro_srnb_srnc	unknown	tblastn	0	27218	27072	146	0	0	0	214445
136bt	Escherichia_albertii_strain_07_3866_plasmid_unnamed_complete_sequence	genome	+	NZ_CP030782.1	t_pro_srnb_srnc	unknown	tblastn	0	8706	8852	146	0	0	0	104269
181bt	Salmonella_enterica_strain_SA20051401_plasmid_pSA20051401_1_complete_sequence	genome	+	NZ_CP030197.1	t_pro_srnb_srnc	unknown	tblastn	0	139422	139568	146	0	0	0	141502
191bt	Salmonella_enterica_subsp_enterica_serovar_Poona_str_ATCC_BAA_1673_plasmid_pATCCBAA1673_01_complete_	genome	+	NZ_CP019190.1	t_pro_srnb_srnc	unknown	tblastn	0	44023	44169	146	0	0	0	186451
189bt	Salmonella_enterica_subsp_enterica_serovar_Minnesota_strain_CFSAN017963_plasmid_pCFSAN017963_01_comp	genome	+	NZ_CP017721.1	t_pro_srnb_srnc	unknown	tblastn	0	178034	178180	146	0	0	0	280421
199bt	Escherichia_coli_O43_str_RM10042_plasmid_pRM10042_2_complete_sequence	genome	-	NZ_CP028121.1	t_pro_srnb_srnc	unknown	tblastn	0	58970	58824	146	0	0	0	109466
18bt	Escherichia_coli_O25_H16_strain_F5505_C1_plasmid_unnamed1_complete_sequence	genome	-	NZ_CP024258.1	t_pro_srnb_srnc	unknown	tblastn	0	2945	2799	146	0	0	0	96607
1bt	Escherichia_coli_strain_C5_plasmid_B_complete_genome	genome	+	NZ_CP010124.1	t_pro_srnb_srnc	unknown	tblastn	0	48193	48339	146	0	0	0	86032
47bt	Escherichia_coli_ECC_1470_plasmid_pECC_1470_100_complete_sequence	genome	+	NZ_CP010345.1	t_pro_srnb_srnc	unknown	tblastn	0	99239	99385	146	0	0	0	100061
14bt	Escherichia_coli_strain_2013C_4282_plasmid_unnamed1	genome	+	NZ_CP027580.1	t_pro_srnb_srnc	unknown	tblastn	0	35591	35737	146	0	0	0	54544
168bt	Escherichia_coli_strain_06_00048_plasmid_pCFSAN004178P_02_complete_sequence	genome	+	NZ_CP012498.1	t_pro_srnb_srnc	unknown	tblastn	0	138745	138891	146	0	0	0	213847
146bt	Klebsiella_pneumoniae_strain_INF237_plasmid_pINF237_03_complete_sequence	genome	+	NZ_CP032836.1	t_pro_srnb_srnc	unknown	tblastn	0	72953	73099	146	0	0	0	76772
215bt	Escherichia_coli_strain_2011C_3911_plasmid_unnamed1_complete_sequence	genome	-	NZ_CP015239.1	t_pro_srnb_srnc	unknown	tblastn	0	51552	51406	146	0	0	0	125977
1068bt	Escherichia_coli_strain_00_3279_plasmid_unnamed2_complete_sequence	chromosome	-	NZ_CP024295.1	t_pro_srnb_srnc	unknown	tblastn	0	84160	84014	146	0	0	0	103995
172bt	Escherichia_coli_JJ1887_plasmid_pJJ1887_5_complete_sequence	genome	-	NZ_CP014320.1	t_pro_srnb_srnc	unknown	tblastn	0	996	850	146	0	0	0	130603
102bt	Escherichia_coli_O91_str_RM7190_plasmid_pRM7190_2_complete_sequence	genome	+	NZ_CP015246.1	t_pro_srnb_srnc	unknown	tblastn	0	40063	40209	146	0	0	0	118513
209bt	Escherichia_coli_O26_H11_str_11368_plasmid_pO26_2_DNA_complete_sequence	genome	+	NC_013362.1	t_pro_srnb_srnc	unknown	tblastn	0	62374	62520	146	0	0	0	63365
57bt	Escherichia_coli_KLY_complete_genome	genome	+	NZ_CP008801.1	t_pro_srnb_srnc	unknown	tblastn	0	3058641	3058787	146	0	0	0	4718545
124bt	Escherichia_albertii_strain_ChinaSP140150_plasmid_pEA_1_complete_sequence	genome	+	NZ_CP025677.1	t_pro_srnb_srnc	unknown	tblastn	0	21733	21879	146	0	0	0	129356
154bt	Escherichia_coli_E2855_plasmid_pE2855_5_DNA_complete_genome	genome	+	NZ_AP018801.1	t_pro_srnb_srnc	unknown	tblastn	0	70299	70445	146	0	0	0	71289
180bt	Escherichia_coli_strain_2015C_3125_plasmid_unnamed2_complete_sequence	genome	-	NZ_CP027765.1	t_pro_srnb_srnc	unknown	tblastn	0	17972	17826	146	0	0	0	66388
100bt	Escherichia_albertii_strain_2014C_4356_plasmid_unnamed4_complete_sequence	genome	-	NZ_CP024286.1	t_pro_srnb_srnc	unknown	tblastn	0	42533	42387	146	0	0	0	113727
217bt	Escherichia_coli_0127_H6_E2348_69_plasmid_pMAR2_strain_E2348_69	genome	-	NC_011603.1	t_pro_srnb_srnc	unknown	tblastn	0	32960	32814	146	0	0	0	97978
240bt	Escherichia_coli_O25b_H4_plasmid_complete_sequence	genome	+	NZ_CP015086.1	t_pro_srnb_srnc	unknown	tblastn	0	95895	96042	147	0	0	0	130920
210bt	Escherichia_coli_strain_2012C_4221_plasmid_unnamed1_complete_sequence	genome	-	NZ_CP027438.1	t_pro_srnb_srnc	unknown	tblastn	0	33076	32930	146	0	0	0	74904
31bt	Escherichia_coli_APEC_IMT5155_plasmid_p1ColV5155_complete_sequence	genome	-	NZ_CP005931.1	t_pro_srnb_srnc	unknown	tblastn	0	34868	34722	146	0	0	0	194170
43bt	Escherichia_coli_strain_210205630_plasmid_pSLy2_complete_sequence	genome	-	NZ_CP015914.1	t_pro_srnb_srnc	unknown	tblastn	0	10683	10537	146	0	0	0	129035
183bt	Escherichia_coli_strain_14EC033_plasmid_p14EC033d_complete_sequence	genome	-	NZ_CP024151.1	t_pro_srnb_srnc	unknown	tblastn	0	42472	42326	146	0	0	0	97858
268bt	Escherichia_coli_strain_300709_plasmid_p300709_97_complete_sequence	genome	+	NZ_CP025904.1	t_pro_srnb_srnc	unknown	tblastn	0	75929	76075	146	0	0	0	97878
10bt	Escherichia_coli_O169_H41_strain_2014EL_1345_2_plasmid_unnamed4_complete_sequence	genome	-	NZ_CP024227.1	t_pro_srnb_srnc	unknown	tblastn	0	104619	104473	146	0	0	0	145086
20bt	Escherichia_coli_strain_510016_plasmid_p510016_29_complete_sequence	genome	+	NZ_CP025852.1	t_pro_srnb_srnc	unknown	tblastn	0	27298	27444	146	0	0	0	29775
17bt	Escherichia_coli_strain_RM14721_plasmid_pRM14721_complete_sequence	genome	-	NZ_CP027106.1	t_pro_srnb_srnc	unknown	tblastn	0	103790	103644	146	0	0	0	106432
107bt	Escherichia_coli_strain_STEC299_plasmid_pSTEC299_1_complete_sequence	genome	+	NZ_CP022280.1	t_pro_srnb_srnc	unknown	tblastn	0	33002	33148	146	0	0	0	191691
104bt	Escherichia_coli_strain_08_00022_plasmid_pCFSAN004179G_complete_sequence	genome	+	NZ_CP012501.1	t_pro_srnb_srnc	unknown	tblastn	0	1837	1983	146	0	0	0	242187
218bt	Escherichia_coli_strain_C3_plasmid_A_complete_sequence	genome	-	NZ_CP010120.1	t_pro_srnb_srnc	unknown	tblastn	0	25624	25478	146	0	0	0	63684
167bt	Escherichia_coli_O178_H19_strain_2012C_4431_plasmid_unnamed2_complete_sequence	genome	-	NZ_CP024291.1	t_pro_srnb_srnc	unknown	tblastn	0	63885	63739	146	0	0	0	111697
211bt	Escherichia_coli_strain_AR_0077_plasmid_tig00000042_pilon_complete_sequence	genome	-	NZ_CP026754.1	t_pro_srnb_srnc	unknown	tblastn	0	43866	43720	146	0	0	0	90045
262bt	Escherichia_coli_strain_Es_ST2350_SE1_NDM_03_2018_plasmid_pEsST2350_SE_2_complete_sequence	genome	+	NZ_CP031323.1	t_pro_srnb_srnc	unknown	tblastn	0	59982	60129	147	0	0	0	82461
185bt	Escherichia_albertii_strain_05_3106_plasmid_unnamed2_complete_sequence	genome	-	NZ_CP030780.2	t_pro_srnb_srnc	unknown	tblastn	0	16621	16475	146	0	0	0	80632
220bt	Escherichia_albertii_strain_2012EL_1823B_plasmid_unnamed3_complete_sequence	genome	-	NZ_CP030786.2	t_pro_srnb_srnc	unknown	tblastn	0	70100	69954	146	0	0	0	105846
281bt	Escherichia_coli_strain_CI5_plasmid_complete_sequence	genome	-	NZ_CP011019.1	t_pro_srnb_srnc	unknown	tblastn	0	85929	85778	151	0	0	0	207265
223bt	Escherichia_coli_E24377A_plasmid_pETEC_35_complete_sequence	genome	-	NC_009787.1	t_pro_srnb_srnc	unknown	tblastn	0	30851	30705	146	0	0	0	34367
222bt	Escherichia_coli_strain_CV839_15_chromosome_complete_genome	genome	-	NZ_CP024978.1	t_pro_srnb_srnc	unknown	tblastn	0	4069987	4069841	146	0	0	0	4917635
266bt	Escherichia_coli_strain_M8_plasmid_A_complete_genome	genome	-	NZ_CP010192.1	t_pro_srnb_srnc	unknown	tblastn	0	103187	103041	146	0	0	0	162720
272bt	Escherichia_coli_O25_H16_strain_F5505_C1_plasmid_unnamed2_complete_sequence	genome	-	NZ_CP024259.1	t_pro_srnb_srnc	unknown	tblastn	0	40203	40056	147	0	0	0	94817
292bt	Proteus_mirabilis_BB2000_complete_genome	genome	+	NC_022000.1	t_pro_srnb_srnc	unknown	tblastn	0	2027942	2028089	147	0	0	0	3846754
313bt	Proteus_mirabilis_strain_AR_0159_complete_genome	genome	-	NZ_CP021550.1	t_pro_srnb_srnc	unknown	tblastn	0	3902307	3902160	147	0	0	0	4055152
306bt	Proteus_mirabilis_isolate_GN2_chromosome_complete_genome	genome	+	NZ_CP026581.1	t_pro_srnb_srnc	unknown	tblastn	0	2588158	2588305	147	0	0	0	4012640
303bt	Proteus_mirabilis_strain_AR_0029_chromosome_complete_genome	genome	-	NZ_CP029725.1	t_pro_srnb_srnc	unknown	tblastn	0	491648	491501	147	0	0	0	3980098
341bt	Proteus_mirabilis_strain_AR_0155_complete_genome	genome	-	NZ_CP021694.1	t_pro_srnb_srnc	unknown	tblastn	0	1948931	1948784	147	0	0	0	4372742
339bt	Proteus_mirabilis_strain_AR379_chromosome_complete_genome	genome	-	NZ_CP029133.1	t_pro_srnb_srnc	unknown	tblastn	0	826591	826444	147	0	0	0	4219380
304bt	Proteus_mirabilis_strain_AR_0029_chromosome_complete_genome	genome	-	NZ_CP029725.1	t_pro_srnb_srnc	unknown	tblastn	0	491108	490961	147	0	0	0	3980098
309bt	Proteus_mirabilis_strain_BC11_24_chromosome_complete_genome	genome	+	NZ_CP026571.1	t_pro_srnb_srnc	unknown	tblastn	0	2463767	2463914	147	0	0	0	4021165
305bt	Proteus_mirabilis_isolate_GN2_chromosome_complete_genome	genome	+	NZ_CP026581.1	t_pro_srnb_srnc	unknown	tblastn	0	2587618	2587765	147	0	0	0	4012640
303bt	Proteus_mirabilis_strain_AR_0029_chromosome_complete_genome	genome	-	NZ_CP029725.1	t_pro_srnb_srnc	unknown	tblastn	0	492189	492042	147	0	0	0	3980098
308bt	Proteus_mirabilis_strain_BC11_24_chromosome_complete_genome	genome	+	NZ_CP026571.1	t_pro_srnb_srnc	unknown	tblastn	0	2462686	2462833	147	0	0	0	4021165
327bt	Proteus_mirabilis_strain_T18_chromosome_complete_genome	genome	+	NZ_CP017085.1	t_pro_srnb_srnc	unknown	tblastn	0	2910285	2910432	147	0	0	0	4131426
341bt	Proteus_mirabilis_strain_AR_0155_complete_genome	genome	-	NZ_CP021694.1	t_pro_srnb_srnc	unknown	tblastn	0	1949472	1949325	147	0	0	0	4372742
1074bt	Proteus_mirabilis_strain_CCUG_70746_chromosome	chromosome	-	NZ_CP023273.1	t_pro_srnb_srnc	unknown	tblastn	0	143782	143635	147	0	0	0	3909869
348bt	Proteus_mirabilis_strain_PmBC1123_chromosome_complete_genome	genome	+	NZ_CP034091.1	t_pro_srnb_srnc	unknown	tblastn	0	2382827	2382974	147	0	0	0	4074828
343bt	Proteus_vulgaris_strain_FDAARGOS_366_chromosome_complete_genome	genome	-	NZ_CP023965.1	t_pro_srnb_srnc	unknown	tblastn	0	2256547	2256400	147	0	0	0	3961988
366bt	Proteus_vulgaris_strain_FDAARGOS_556_chromosome_complete_genome	genome	+	NZ_CP033736.1	t_pro_srnb_srnc	unknown	tblastn	0	2253123	2253270	147	0	0	0	4158443
1080bt	Providencia_rettgeri_Dmel1_chromosome_whole_genome_shotgun_sequence	chromosome	+	NZ_CM001774.1	t_pro_srnb_srnc	unknown	tblastn	0	3948896	3949043	147	0	0	0	4343079
288bt	Providencia_rettgeri_strain_AR_0082_chromosome_complete_genome	genome	+	NZ_CP029736.1	t_pro_srnb_srnc	unknown	tblastn	0	27606	27753	147	0	0	0	4309166
1080bt	Providencia_rettgeri_Dmel1_chromosome_whole_genome_shotgun_sequence	chromosome	+	NZ_CM001774.1	t_pro_srnb_srnc	unknown	tblastn	0	3949409	3949556	147	0	0	0	4343079
346bt	Providencia_sp_WCHPr000369_chromosome_complete_genome	genome	+	NZ_CP031123.1	t_pro_srnb_srnc	unknown	tblastn	0	2202915	2203062	147	0	0	0	4573118
345bt	Providencia_rettgeri_strain_FDAARGOS_330_chromosome_complete_genome	genome	-	NZ_CP027418.1	t_pro_srnb_srnc	unknown	tblastn	0	2272999	2272852	147	0	0	0	4518601
284bt	Providencia_rettgeri_strain_RB151_complete_genome	genome	+	NZ_CP017671.1	t_pro_srnb_srnc	unknown	tblastn	0	1840232	1840379	147	0	0	0	4780676
274bt	Proteus_mirabilis_pHI4320_plasmid_complete_genome	genome	-	NC_010555.1	t_pro_srnb_srnc	unknown	tblastn	0	22751	22604	147	0	0	0	36289
273bt	Providencia_stuartii_strain_BE2467_isolate_CAUTI_plasmid_pPS2_complete_sequence	genome	-	NZ_CP017056.1	t_pro_srnb_srnc	unknown	tblastn	0	16552	16405	147	0	0	0	38206
283bt	Salmonella_enterica_strain_SA20083530_plasmid_pSA20083530_3_complete_sequence	genome	-	NZ_CP030206.1	t_pro_srnb_srnc	unknown	tblastn	0	12305	12158	147	0	0	0	27709
355bt	Providencia_rustigianii_strain_NCTC6933_genome_assembly_chromosome_1	genome	+	NZ_LR134189.1	t_pro_srnb_srnc	unknown	tblastn	0	700852	700999	147	0	0	0	3913850
354bt	Providencia_rustigianii_strain_NCTC8113_genome_assembly_chromosome_1	genome	+	NZ_LR134396.1	t_pro_srnb_srnc	unknown	tblastn	0	684137	684284	147	0	0	0	3864394
355bt	Providencia_rustigianii_strain_NCTC6933_genome_assembly_chromosome_1	genome	+	NZ_LR134189.1	t_pro_srnb_srnc	unknown	tblastn	0	701333	701480	147	0	0	0	3913850
352bt	Providencia_alcalifaciens_strain_FDAARGOS_408_chromosome_complete_genome	genome	-	NZ_CP023536.1	t_pro_srnb_srnc	unknown	tblastn	0	384660	384513	147	0	0	0	3990106
