27369bat	Escherichia_albertii_strain_05_3106_plasmid_unnamed2_complete_sequence	genome	+	NZ_CP030780.2	at_nt_srnb_srnc	unknown	blastn	0	16665	16726	61	0	0	0	80632
28016bat	Escherichia_coli_KLY_complete_genome	genome	-	NZ_CP008801.1	at_nt_srnb_srnc	unknown	blastn	0	3058597	3058536	61	0	0	0	4718545
27778bat	Escherichia_coli_E2855_plasmid_pE2855_5_DNA_complete_genome	genome	-	NZ_AP018801.1	at_nt_srnb_srnc	unknown	blastn	0	70256	70195	61	0	0	0	71289
27769bat	Klebsiella_pneumoniae_strain_INF237_plasmid_pINF237_03_complete_sequence	genome	-	NZ_CP032836.1	at_nt_srnb_srnc	unknown	blastn	0	72910	72849	61	0	0	0	76772
27839bat	Escherichia_coli_strain_50579417_plasmid_p50579417_4_complete_sequence	genome	+	NZ_CP033881.1	at_nt_srnb_srnc	unknown	blastn	0	33447	33508	61	0	0	0	61890
27845bat	Escherichia_albertii_strain_07_3866_plasmid_unnamed_complete_sequence	genome	-	NZ_CP030782.1	at_nt_srnb_srnc	unknown	blastn	0	8663	8602	61	0	0	0	104269
27472bat	Escherichia_coli_O169_H41_strain_2014EL_1345_2_plasmid_unnamed4_complete_sequence	genome	+	NZ_CP024227.1	at_nt_srnb_srnc	unknown	blastn	0	104663	104724	61	0	0	0	145086
27763bat	Escherichia_albertii_strain_2014C_4015_plasmid_p2014C_4015_3_complete_sequence	genome	-	NZ_CP034167.1	at_nt_srnb_srnc	unknown	blastn	0	63478	63417	61	0	0	0	136645
27703bat	Escherichia_albertii_strain_2014C_4356_plasmid_unnamed4_complete_sequence	genome	+	NZ_CP024286.1	at_nt_srnb_srnc	unknown	blastn	0	42577	42638	61	0	0	0	113727
27761bat	Escherichia_coli_strain_2012C_4221_plasmid_unnamed1_complete_sequence	genome	+	NZ_CP027438.1	at_nt_srnb_srnc	unknown	blastn	0	33119	33180	61	0	0	0	74904
27762bat	Escherichia_albertii_strain_ChinaSP140150_plasmid_pEA_1_complete_sequence	genome	-	NZ_CP025677.1	at_nt_srnb_srnc	unknown	blastn	0	21690	21629	61	0	0	0	129356
27611bat	Escherichia_coli_strain_06_00048_plasmid_pCFSAN004178P_02_complete_sequence	genome	-	NZ_CP012498.1	at_nt_srnb_srnc	unknown	blastn	0	138699	138638	61	0	0	0	213847
29065bat	Escherichia_coli_strain_2015C_3125_plasmid_unnamed2_complete_sequence	genome	+	NZ_CP027765.1	at_nt_srnb_srnc	unknown	blastn	0	18015	18076	61	0	0	0	66388
27826bat	Escherichia_coli_O25b_H4_plasmid_complete_sequence	genome	-	NZ_CP015086.1	at_nt_srnb_srnc	unknown	blastn	0	95850	95790	60	0	0	0	130920
27811bat	Escherichia_coli_strain_E_1246_plasmid_pE1246_1_complete_sequence	genome	-	NZ_CP025574.1	at_nt_srnb_srnc	unknown	blastn	0	121974	121913	61	0	0	0	129195
27613bat	Escherichia_coli_strain_09_00049_plasmid_pCFSAN004180G_complete_sequence	genome	+	NZ_CP012500.1	at_nt_srnb_srnc	unknown	blastn	0	38376	38437	61	0	0	0	225292
28265bat	Escherichia_coli_1303_plasmid_p1303_109_complete_sequence	genome	-	NZ_CP009167.1	at_nt_srnb_srnc	unknown	blastn	0	107630	107569	61	0	0	0	108501
27467bat	Escherichia_coli_strain_2011C_3911_plasmid_unnamed1_complete_sequence	genome	+	NZ_CP015239.1	at_nt_srnb_srnc	unknown	blastn	0	51596	51657	61	0	0	0	125977
27595bat	Escherichia_coli_O43_str_RM10042_plasmid_pRM10042_2_complete_sequence	genome	+	NZ_CP028121.1	at_nt_srnb_srnc	unknown	blastn	0	59015	59074	59	0	0	0	109466
28121bat	Escherichia_coli_O178_H19_strain_2012C_4431_plasmid_unnamed2_complete_sequence	genome	+	NZ_CP024291.1	at_nt_srnb_srnc	unknown	blastn	0	63929	63990	61	0	0	0	111697
28093bat	Escherichia_coli_O26_H11_str_11368_plasmid_pO26_2_DNA_complete_sequence	genome	-	NC_013362.1	at_nt_srnb_srnc	unknown	blastn	0	62330	62269	61	0	0	0	63365
28001bat	Salmonella_enterica_strain_SA20051401_plasmid_pSA20051401_1_complete_sequence	genome	-	NZ_CP030197.1	at_nt_srnb_srnc	unknown	blastn	0	139377	139317	60	0	0	0	141502
28023bat	Salmonella_enterica_subsp_enterica_serovar_Minnesota_strain_CFSAN017963_plasmid_pCFSAN017963_01_comp	genome	-	NZ_CP017721.1	at_nt_srnb_srnc	unknown	blastn	0	177991	177930	61	0	0	0	280421
41670bt	Escherichia_albertii_strain_05_3106_plasmid_unnamed1_complete_sequence	genome	-	NZ_CP030779.2	t_nt_srnb_srnc	unknown	blastn	0	39377	39228	149	0	0	0	56603
41709bt	Escherichia_coli_strain_C5_plasmid_A_complete_genome	genome	-	NZ_CP010123.1	t_nt_srnb_srnc	unknown	blastn	0	27218	27069	149	0	0	0	214445
41615bt	Escherichia_albertii_strain_07_3866_plasmid_unnamed_complete_sequence	genome	+	NZ_CP030782.1	t_nt_srnb_srnc	unknown	blastn	0	8706	8855	149	0	0	0	104269
41619bt	Salmonella_enterica_strain_SA20051401_plasmid_pSA20051401_1_complete_sequence	genome	+	NZ_CP030197.1	t_nt_srnb_srnc	unknown	blastn	0	139422	139571	149	0	0	0	141502
41617bt	Salmonella_enterica_subsp_enterica_serovar_Poona_str_ATCC_BAA_1673_plasmid_pATCCBAA1673_01_complete_	genome	+	NZ_CP019190.1	t_nt_srnb_srnc	unknown	blastn	0	44023	44172	149	0	0	0	186451
41480bt	Salmonella_enterica_subsp_enterica_serovar_Minnesota_strain_CFSAN017963_plasmid_pCFSAN017963_01_comp	genome	+	NZ_CP017721.1	t_nt_srnb_srnc	unknown	blastn	0	178034	178183	149	0	0	0	280421
41608bt	Escherichia_coli_O25_H16_strain_F5505_C1_plasmid_unnamed1_complete_sequence	genome	-	NZ_CP024258.1	t_nt_srnb_srnc	unknown	blastn	0	2945	2796	149	0	0	0	96607
41628bt	Escherichia_coli_strain_C5_plasmid_B_complete_genome	genome	+	NZ_CP010124.1	t_nt_srnb_srnc	unknown	blastn	0	48193	48342	149	0	0	0	86032
41609bt	Escherichia_coli_ECC_1470_plasmid_pECC_1470_100_complete_sequence	genome	+	NZ_CP010345.1	t_nt_srnb_srnc	unknown	blastn	0	99239	99388	149	0	0	0	100061
41635bt	Escherichia_coli_strain_2013C_4282_plasmid_unnamed1	genome	+	NZ_CP027580.1	t_nt_srnb_srnc	unknown	blastn	0	35591	35740	149	0	0	0	54544
41662bt	Escherichia_coli_O26_H11_str_11368_plasmid_pO26_2_DNA_complete_sequence	genome	+	NC_013362.1	t_nt_srnb_srnc	unknown	blastn	0	62374	62523	149	0	0	0	63365
41477bt	Escherichia_coli_strain_06_00048_plasmid_pCFSAN004178P_02_complete_sequence	genome	+	NZ_CP012498.1	t_nt_srnb_srnc	unknown	blastn	0	138745	138894	149	0	0	0	213847
41464bt	Klebsiella_pneumoniae_strain_INF237_plasmid_pINF237_03_complete_sequence	genome	+	NZ_CP032836.1	t_nt_srnb_srnc	unknown	blastn	0	72953	73102	149	0	0	0	76772
41637bt	Escherichia_coli_JJ1887_plasmid_pJJ1887_5_complete_sequence	genome	-	NZ_CP014320.1	t_nt_srnb_srnc	unknown	blastn	0	996	847	149	0	0	0	130603
41661bt	Escherichia_coli_O91_str_RM7190_plasmid_pRM7190_2_complete_sequence	genome	+	NZ_CP015246.1	t_nt_srnb_srnc	unknown	blastn	0	40063	40212	149	0	0	0	118513
41660bt	Escherichia_coli_strain_2011C_3911_plasmid_unnamed1_complete_sequence	genome	-	NZ_CP015239.1	t_nt_srnb_srnc	unknown	blastn	0	51552	51403	149	0	0	0	125977
41729bt	Escherichia_coli_strain_ATCC_43896_plasmid_unnamed2	genome	+	NZ_CP024280.1	t_nt_srnb_srnc	unknown	blastn	0	1	129	128	0	0	0	52655
41663bt	Escherichia_coli_KLY_complete_genome	genome	+	NZ_CP008801.1	t_nt_srnb_srnc	unknown	blastn	0	3058641	3058790	149	0	0	0	4718545
41479bt	Escherichia_coli_O43_str_RM10042_plasmid_pRM10042_2_complete_sequence	genome	-	NZ_CP028121.1	t_nt_srnb_srnc	unknown	blastn	0	58970	58821	149	0	0	0	109466
1013bt	Escherichia_coli_strain_00_3279_plasmid_unnamed2_complete_sequence	chromosome	-	NZ_CP024295.1	t_nt_srnb_srnc	unknown	blastn	0	84160	84011	149	0	0	0	103995
41614bt	Escherichia_albertii_strain_ChinaSP140150_plasmid_pEA_1_complete_sequence	genome	+	NZ_CP025677.1	t_nt_srnb_srnc	unknown	blastn	0	21733	21882	149	0	0	0	129356
41652bt	Escherichia_coli_E2855_plasmid_pE2855_5_DNA_complete_genome	genome	+	NZ_AP018801.1	t_nt_srnb_srnc	unknown	blastn	0	70299	70448	149	0	0	0	71289
41669bt	Escherichia_coli_strain_2015C_3125_plasmid_unnamed2_complete_sequence	genome	-	NZ_CP027765.1	t_nt_srnb_srnc	unknown	blastn	0	17972	17823	149	0	0	0	66388
41668bt	Escherichia_albertii_strain_2014C_4356_plasmid_unnamed4_complete_sequence	genome	-	NZ_CP024286.1	t_nt_srnb_srnc	unknown	blastn	0	42533	42384	149	0	0	0	113727
41879bt	Escherichia_coli_0127_H6_E2348_69_plasmid_pMAR2_strain_E2348_69	genome	-	NC_011603.1	t_nt_srnb_srnc	unknown	blastn	0	32960	32811	149	0	0	0	97978
41710bt	Escherichia_coli_strain_2012C_4221_plasmid_unnamed1_complete_sequence	genome	-	NZ_CP027438.1	t_nt_srnb_srnc	unknown	blastn	0	33076	32927	149	0	0	0	74904
42544bt	Escherichia_coli_strain_14EC029_plasmid_p14EC029d_complete_sequence	genome	+	NZ_CP024145.1	t_nt_srnb_srnc	unknown	blastn	0	66657	66806	149	0	0	0	106478
41722bt	Escherichia_coli_strain_300709_plasmid_p300709_97_complete_sequence	genome	+	NZ_CP025904.1	t_nt_srnb_srnc	unknown	blastn	0	75929	76078	149	0	0	0	97878
41612bt	Escherichia_coli_APEC_IMT5155_plasmid_p1ColV5155_complete_sequence	genome	-	NZ_CP005931.1	t_nt_srnb_srnc	unknown	blastn	0	34868	34719	149	0	0	0	194170
41634bt	Escherichia_coli_strain_210205630_plasmid_pSLy2_complete_sequence	genome	-	NZ_CP015914.1	t_nt_srnb_srnc	unknown	blastn	0	10683	10534	149	0	0	0	129035
41638bt	Escherichia_coli_strain_14EC033_plasmid_p14EC033d_complete_sequence	genome	-	NZ_CP024151.1	t_nt_srnb_srnc	unknown	blastn	0	42472	42323	149	0	0	0	97858
41655bt	Escherichia_coli_strain_C3_plasmid_A_complete_sequence	genome	-	NZ_CP010120.1	t_nt_srnb_srnc	unknown	blastn	0	25624	25475	149	0	0	0	63684
41720bt	Escherichia_coli_strain_CI5_plasmid_complete_sequence	genome	-	NZ_CP011019.1	t_nt_srnb_srnc	unknown	blastn	0	85929	85775	154	0	0	0	207265
41636bt	Escherichia_coli_O178_H19_strain_2012C_4431_plasmid_unnamed2_complete_sequence	genome	-	NZ_CP024291.1	t_nt_srnb_srnc	unknown	blastn	0	63885	63736	149	0	0	0	111697
41633bt	Escherichia_coli_strain_AR_0077_plasmid_tig00000042_pilon_complete_sequence	genome	-	NZ_CP026754.1	t_nt_srnb_srnc	unknown	blastn	0	43866	43717	149	0	0	0	90045
41999bt	Escherichia_coli_strain_Es_ST2350_SE1_NDM_03_2018_plasmid_pEsST2350_SE_2_complete_sequence	genome	+	NZ_CP031323.1	t_nt_srnb_srnc	unknown	blastn	0	59982	60131	149	0	0	0	82461
41707bt	Escherichia_coli_O25b_H4_plasmid_complete_sequence	genome	+	NZ_CP015086.1	t_nt_srnb_srnc	unknown	blastn	0	95895	96042	147	0	0	0	130920
41471bt	Escherichia_coli_O169_H41_strain_2014EL_1345_2_plasmid_unnamed4_complete_sequence	genome	-	NZ_CP024227.1	t_nt_srnb_srnc	unknown	blastn	0	104619	104470	149	0	0	0	145086
41463bt	Escherichia_coli_strain_510016_plasmid_p510016_29_complete_sequence	genome	+	NZ_CP025852.1	t_nt_srnb_srnc	unknown	blastn	0	27298	27447	149	0	0	0	29775
41472bt	Escherichia_coli_strain_RM14721_plasmid_pRM14721_complete_sequence	genome	-	NZ_CP027106.1	t_nt_srnb_srnc	unknown	blastn	0	103790	103641	149	0	0	0	106432
41465bt	Escherichia_coli_strain_STEC299_plasmid_pSTEC299_1_complete_sequence	genome	+	NZ_CP022280.1	t_nt_srnb_srnc	unknown	blastn	0	33002	33151	149	0	0	0	191691
41604bt	Escherichia_coli_strain_08_00022_plasmid_pCFSAN004179G_complete_sequence	genome	+	NZ_CP012501.1	t_nt_srnb_srnc	unknown	blastn	0	1837	1986	149	0	0	0	242187
41462bt	Escherichia_albertii_strain_05_3106_plasmid_unnamed2_complete_sequence	genome	-	NZ_CP030780.2	t_nt_srnb_srnc	unknown	blastn	0	16621	16472	149	0	0	0	80632
41712bt	Escherichia_albertii_strain_2012EL_1823B_plasmid_unnamed3_complete_sequence	genome	-	NZ_CP030786.2	t_nt_srnb_srnc	unknown	blastn	0	70100	69951	149	0	0	0	105846
41992bt	Escherichia_coli_E24377A_plasmid_pETEC_35_complete_sequence	genome	-	NC_009787.1	t_nt_srnb_srnc	unknown	blastn	0	30851	30702	149	0	0	0	34367
41998bt	Escherichia_coli_strain_CV839_15_chromosome_complete_genome	genome	-	NZ_CP024978.1	t_nt_srnb_srnc	unknown	blastn	0	4069987	4069838	149	0	0	0	4917635
41997bt	Escherichia_coli_strain_M8_plasmid_A_complete_genome	genome	-	NZ_CP010192.1	t_nt_srnb_srnc	unknown	blastn	0	103187	103038	149	0	0	0	162720
16170bt	Aeromonas_salmonicida_strain_S121_chromosome_complete_genome	genome	-	NZ_CP022175.1	t_pro_srnb_srnc	unknown	tblastn	0	3951200	3951050	150	0	0	0	4723196
16077bt	Aeromonas_salmonicida_strain_S121_plasmid_pS121_2_complete_sequence	genome	-	NZ_CP022171.1	t_pro_srnb_srnc	unknown	tblastn	0	22204	22054	150	0	0	0	70855
16079bt	Aeromonas_salmonicida_subsp_salmonicida_A449_plasmid_5_complete_sequence	genome	+	NC_009350.1	t_pro_srnb_srnc	unknown	tblastn	0	142237	142387	150	0	0	0	155098
1606bt	Aliivibrio_salmonicida_LFI1238_plasmid_pVSAL840_complete_genome	genome	+	NC_011311.1	t_pro_srnb_srnc	unknown	tblastn	0	35015	35165	150	0	0	0	83540
1340bt	Vibrio_fischeri_ES114_plasmid_pES100_complete_sequence	genome	+	NC_006842.1	t_pro_srnb_srnc	unknown	tblastn	0	5537	5687	150	0	0	0	45849
1246bt	Aliivibrio_salmonicida_LFI1238_plasmid_pVSAL320_complete_genome	genome	+	NC_011314.1	t_pro_srnb_srnc	unknown	tblastn	0	14903	15053	150	0	0	0	30807
2085bt	Cronobacter_dublinensis_subsp_dublinensis_LMG_23823_complete_genome	genome	-	NZ_CP012266.1	t_pro_srnb_srnc	unknown	tblastn	0	4286493	4286347	146	0	0	0	4431067
11263bt	Cronobacter_muytjensii_ATCC_51329_complete_genome	genome	+	NZ_CP012268.1	t_pro_srnb_srnc	unknown	tblastn	0	4219238	4219384	146	0	0	0	4364114
2080bt	Cronobacter_malonaticus_LMG_23826_complete_genome	genome	-	NZ_CP013940.1	t_pro_srnb_srnc	unknown	tblastn	0	3949145	3948999	146	0	0	0	4294639
2079bt	Cronobacter_universalis_NCTC_9529_complete_genome	genome	-	NZ_CP012257.1	t_pro_srnb_srnc	unknown	tblastn	0	4105082	4104936	146	0	0	0	4307096
11264bt	Cronobacter_sakazakii_ATCC_BAA_894_complete_genome	genome	+	NC_009778.1	t_pro_srnb_srnc	unknown	tblastn	0	4128302	4128448	146	0	0	0	4368373
11257bt	Cronobacter_sakazakii_ES15_complete_genome	genome	+	NC_017933.1	t_pro_srnb_srnc	unknown	tblastn	0	158195	158341	146	0	0	0	4268675
11271bt	Cronobacter_sakazakii_strain_GZcsf_1_chromosome_complete_genome	genome	+	NZ_CP028974.1	t_pro_srnb_srnc	unknown	tblastn	0	190918	191064	146	0	0	0	4432028
2084bt	Cronobacter_turicensis_z3032_complete_genome	genome	-	NC_013282.2	t_pro_srnb_srnc	unknown	tblastn	0	4225338	4225192	146	0	0	0	4384463
2135bt	Atlantibacter_hermannii_strain_NCTC12129_genome_assembly_chromosome_1	genome	+	NZ_LR134136.1	t_pro_srnb_srnc	unknown	tblastn	0	111760	111910	150	0	0	0	4553773
21207bt	Citrobacter_amalonaticus_Y19_complete_genome	genome	+	NZ_CP011132.1	t_pro_srnb_srnc	unknown	tblastn	0	573519	573665	146	0	0	0	5584358
21209bt	Citrobacter_amalonaticus_strain_FDAARGOS_122_complete_genome	genome	+	NZ_CP014015.2	t_pro_srnb_srnc	unknown	tblastn	0	3315521	3315667	146	0	0	0	4904719
22488bt	Citrobacter_rodentium_ICC168_complete_genome	genome	+	NC_013716.1	t_pro_srnb_srnc	unknown	tblastn	0	639286	639432	146	0	0	0	5346659
21897bt	Escherichia_albertii_DNA_complete_genome_strain_CB9786	genome	+	NZ_AP014856.1	t_pro_srnb_srnc	unknown	tblastn	0	583262	583408	146	0	0	0	4598983
21286bt	Escherichia_albertii_DNA_complete_genome_strain_EC06_170	genome	+	NZ_AP014857.1	t_pro_srnb_srnc	unknown	tblastn	0	583110	583256	146	0	0	0	4657167
23005bt	Escherichia_albertii_strain_NCTC_9362_chromosome_complete_genome	genome	-	NZ_CP034213.1	t_pro_srnb_srnc	unknown	tblastn	0	1744470	1744324	146	0	0	0	4551125
24082bt	Escherichia_coli_'BL21_Gold(DE3)pLysS_AG'_complete_genome	genome	-	NC_012947.1	t_pro_srnb_srnc	unknown	tblastn	0	3214059	3213913	146	0	0	0	4570938
18000bt	Escherichia_coli_strain_Ecol_AZ155_chromosome_complete_genome	genome	+	NZ_CP019005.1	t_pro_srnb_srnc	unknown	tblastn	0	1960983	1961129	146	0	0	0	4690903
21931bt	Escherichia_coli_strain_510016_chromosome_complete_genome	genome	+	NZ_CP025851.1	t_pro_srnb_srnc	unknown	tblastn	0	3920067	3920213	146	0	0	0	4885058
24086bt	Escherichia_coli_strain_CP53_chromosome_complete_genome	genome	-	NZ_CP033096.1	t_pro_srnb_srnc	unknown	tblastn	0	3320207	3320061	146	0	0	0	4623817
25544bt	Escherichia_coli_0127_H6_E2348_69_complete_genome_strain_E2348_69	genome	+	NC_011601.1	t_pro_srnb_srnc	unknown	tblastn	0	540255	540401	146	0	0	0	4965553
22546bt	Escherichia_coli_strain_C4_complete_genome	genome	-	NZ_CP010121.1	t_pro_srnb_srnc	unknown	tblastn	0	3743142	3742996	146	0	0	0	4990476
25538bt	Escherichia_coli_SE15_DNA_complete_genome	genome	+	NC_013654.1	t_pro_srnb_srnc	unknown	tblastn	0	571782	571928	146	0	0	0	4717338
18452bt	Escherichia_coli_APEC_O2_211_chromosome_complete_genome	genome	+	NZ_CP006834.2	t_pro_srnb_srnc	unknown	tblastn	0	1615237	1615383	146	0	0	0	5114241
24035bt	Escherichia_fergusonii_ATCC_35469_chromosome_complete_genome	genome	-	NC_011740.1	t_pro_srnb_srnc	unknown	tblastn	0	2591530	2591384	146	0	0	0	4588711
17797bt	Escherichia_coli_IAI39_chromosome_complete_genome	genome	+	NC_011750.1	t_pro_srnb_srnc	unknown	tblastn	0	587525	587671	146	0	0	0	5132068
17767bt	Escherichia_coli_strain_AR_0013_chromosome_complete_genome	genome	-	NZ_CP032204.1	t_pro_srnb_srnc	unknown	tblastn	0	5188331	5188185	146	0	0	0	5410835
19048bt	Escherichia_coli_strain_06_00048_chromosome_complete_genome	genome	+	NZ_CP015229.1	t_pro_srnb_srnc	unknown	tblastn	0	697476	697622	146	0	0	0	5498453
21347bt	Escherichia_coli_strain_CFSAN018748_chromosome_complete_genome	genome	-	NZ_CP028192.1	t_pro_srnb_srnc	unknown	tblastn	0	3965036	3964890	146	0	0	0	5071057
18414bt	Escherichia_coli_042_complete_genome	genome	+	NC_017626.1	t_pro_srnb_srnc	unknown	tblastn	0	685959	686105	146	0	0	0	5241977
18413bt	Escherichia_coli_042_complete_genome	genome	+	NC_017626.1	t_pro_srnb_srnc	unknown	tblastn	0	686461	686607	146	0	0	0	5241977
17757bt	Escherichia_coli_PCN033_complete_genome	genome	+	NZ_CP006632.1	t_pro_srnb_srnc	unknown	tblastn	0	669025	669171	146	0	0	0	4987957
25501bt	Escherichia_coli_strain_1428_chromosome_complete_genome	genome	-	NZ_CP023366.1	t_pro_srnb_srnc	unknown	tblastn	0	3506245	3506099	146	0	0	0	4986712
18431bt	Escherichia_coli_DNA_complete_genome_strain_MRY15_117	genome	+	NZ_AP017617.1	t_pro_srnb_srnc	unknown	tblastn	0	623013	623159	146	0	0	0	5117319
37143bt	Escherichia_coli_strain_2016C_3936C1_chromosome_complete_genome	chromosome	-	NZ_CP018770.2	t_pro_srnb_srnc	unknown	tblastn	0	3366903	3366757	146	0	0	0	5060620
39102bt	Escherichia_coli_ED1a_chromosome_complete_genome	chromosome	+	NC_011745.1	t_pro_srnb_srnc	unknown	tblastn	0	597982	598128	146	0	0	0	5209548
39099bt	Escherichia_coli_strain_SYNB1618_chromosome	chromosome	+	NZ_CP031157.1	t_pro_srnb_srnc	unknown	tblastn	0	656334	656480	146	0	0	0	5456795
22567bt	Escherichia_coli_strain_HS13_1_chromosome_complete_genome	genome	+	NZ_CP026491.1	t_pro_srnb_srnc	unknown	tblastn	0	4335374	4335520	146	0	0	0	5087117
19069bt	Escherichia_coli_strain_FHI_NMBU_03_chromosome_complete_genome	genome	+	NZ_CP019455.1	t_pro_srnb_srnc	unknown	tblastn	0	3223943	3224089	146	0	0	0	4685056
21927bt	Escherichia_coli_O145_H28_str_RM12761_complete_genome	genome	+	NZ_CP007133.1	t_pro_srnb_srnc	unknown	tblastn	0	599405	599551	146	0	0	0	5402281
25488bt	Escherichia_coli_O157_H16_strain_Santai_complete_genome	genome	+	NZ_CP007592.1	t_pro_srnb_srnc	unknown	tblastn	0	947361	947507	146	0	0	0	5104557
22826bt	Shigella_boydii_strain_54_1621_chromosome_complete_genome	genome	-	NZ_CP026810.1	t_pro_srnb_srnc	unknown	tblastn	0	3020271	3020125	146	0	0	0	4531304
22490bt	Shigella_dysenteriae_Sd197_chromosome_complete_genome	genome	+	NC_007606.1	t_pro_srnb_srnc	unknown	tblastn	0	493720	493866	146	0	0	0	4369232
18259bt	Escherichia_coli_JJ1886_complete_genome	genome	+	NC_022648.1	t_pro_srnb_srnc	unknown	tblastn	0	609163	609309	146	0	0	0	5129938
21926bt	Escherichia_coli_O145_H28_str_RM12761_complete_genome	genome	+	NZ_CP007133.1	t_pro_srnb_srnc	unknown	tblastn	0	598902	599048	146	0	0	0	5402281
21917bt	Escherichia_coli_strain_88_3493_chromosome_complete_genome	genome	-	NZ_CP027457.1	t_pro_srnb_srnc	unknown	tblastn	0	475761	475615	146	0	0	0	5001754
21896bt	Escherichia_coli_strain_DSM_103246_chromosome_complete_genome	genome	-	NZ_CP019944.1	t_pro_srnb_srnc	unknown	tblastn	0	3765030	3764884	146	0	0	0	5445834
21870bt	Escherichia_coli_strain_EC1515_chromosome_complete_genome	genome	-	NZ_CP021844.1	t_pro_srnb_srnc	unknown	tblastn	0	3601317	3601171	146	0	0	0	5167363
25487bt	Escherichia_coli_O157_H16_strain_Santai_complete_genome	genome	+	NZ_CP007592.1	t_pro_srnb_srnc	unknown	tblastn	0	946858	947004	146	0	0	0	5104557
21965bt	Shigella_flexneri_1a_strain_0228_complete_genome	genome	-	NZ_CP012735.1	t_pro_srnb_srnc	unknown	tblastn	0	4470899	4470753	146	0	0	0	4698633
19091bt	Escherichia_coli_O157_H7_pv15_279_DNA_complete_genome	genome	+	NZ_AP018488.1	t_pro_srnb_srnc	unknown	tblastn	0	683599	683745	146	0	0	0	5598155
22489bt	Shigella_dysenteriae_Sd197_chromosome_complete_genome	genome	+	NC_007606.1	t_pro_srnb_srnc	unknown	tblastn	0	481282	481428	146	0	0	0	4369232
19683bt	Escherichia_coli_strain_2012C_4221_chromosome_complete_genome	genome	-	NZ_CP027437.1	t_pro_srnb_srnc	unknown	tblastn	0	1554090	1553944	146	0	0	0	5012557
2088bt	Escherichia_coli_strain_2013C_4282_chromosome_complete_genome	genome	-	NZ_CP027579.1	t_pro_srnb_srnc	unknown	tblastn	0	2036357	2036211	146	0	0	0	5030044
39001bt	Escherichia_coli_strain_89_3506_isolate_89_3506_chromosome	chromosome	+	NZ_CP027520.1	t_pro_srnb_srnc	unknown	tblastn	0	3698346	3698492	146	0	0	0	5178486
24036bt	Escherichia_fergusonii_ATCC_35469_chromosome_complete_genome	genome	-	NC_011740.1	t_pro_srnb_srnc	unknown	tblastn	0	2591027	2590881	146	0	0	0	4588711
39002bt	Escherichia_coli_strain_89_3506_isolate_89_3506_chromosome	chromosome	+	NZ_CP027520.1	t_pro_srnb_srnc	unknown	tblastn	0	3697851	3697997	146	0	0	0	5178486
37157bt	Escherichia_fergusonii_ECD227_chromosome_whole_genome_shotgun_sequence	chromosome	-	NZ_CM001142.1	t_pro_srnb_srnc	unknown	tblastn	0	2623949	2623803	146	0	0	0	4509864
18728bt	Escherichia_coli_55989_chromosome_complete_genome	genome	+	NC_011748.1	t_pro_srnb_srnc	unknown	tblastn	0	624248	624394	146	0	0	0	5154862
39045bt	Escherichia_coli_strain_BR02_DEC_chromosome	chromosome	+	NZ_CP035320.1	t_pro_srnb_srnc	unknown	tblastn	0	774124	774270	146	0	0	0	5025753
37179bt	Escherichia_coli_strain_UFU_EC98_chromosome	chromosome	-	NZ_CP024092.1	t_pro_srnb_srnc	unknown	tblastn	0	937100	936954	146	0	0	0	4849850
18481bt	Escherichia_coli_E24377A_complete_genome	genome	+	NC_009801.1	t_pro_srnb_srnc	unknown	tblastn	0	631359	631505	146	0	0	0	4979619
18516bt	Escherichia_coli_E2865_DNA_complete_genome	genome	+	NZ_AP018808.1	t_pro_srnb_srnc	unknown	tblastn	0	693405	693551	146	0	0	0	5678205
24128bt	Escherichia_coli_strain_AR_0061_complete_genome	genome	-	NZ_CP020058.1	t_pro_srnb_srnc	unknown	tblastn	0	1619100	1618954	146	0	0	0	4595238
17765bt	Escherichia_coli_strain_2013C_3264_chromosome_complete_genome	genome	+	NZ_CP027544.1	t_pro_srnb_srnc	unknown	tblastn	0	4534561	4534707	146	0	0	0	5486407
22417bt	Escherichia_coli_strain_2013C_3250_chromosome_complete_genome	genome	-	NZ_CP027380.1	t_pro_srnb_srnc	unknown	tblastn	0	3645563	3645417	146	0	0	0	5401672
18574bt	Escherichia_coli_strain_2013C_3277_chromosome_complete_genome	genome	+	NZ_CP027331.1	t_pro_srnb_srnc	unknown	tblastn	0	5394084	5394230	146	0	0	0	5438694
22158bt	Escherichia_coli_strain_NCTC11476_genome_assembly_chromosome_1	genome	-	NZ_LR134209.1	t_pro_srnb_srnc	unknown	tblastn	0	3422387	3422241	146	0	0	0	4809759
25657bt	Escherichia_coli_ACN001_complete_genome	genome	+	NZ_CP007442.1	t_pro_srnb_srnc	unknown	tblastn	0	579378	579524	146	0	0	0	4936576
17784bt	Escherichia_coli_strain_2012C_4227_complete_genome	genome	+	NZ_CP013029.1	t_pro_srnb_srnc	unknown	tblastn	0	1069547	1069693	146	0	0	0	5202850
18059bt	Shigella_boydii_strain_NCTC_9850_chromosome_complete_genome	genome	+	NZ_CP026762.1	t_pro_srnb_srnc	unknown	tblastn	0	137327	137473	146	0	0	0	4575797
18726bt	Escherichia_coli_55989_chromosome_complete_genome	genome	+	NC_011748.1	t_pro_srnb_srnc	unknown	tblastn	0	624751	624897	146	0	0	0	5154862
18556bt	Escherichia_coli_E2855_DNA_complete_genome	genome	+	NZ_AP018796.1	t_pro_srnb_srnc	unknown	tblastn	0	637991	638137	146	0	0	0	5470440
25511bt	Escherichia_coli_strain_00_3076_chromosome_complete_genome	genome	+	NZ_CP027584.1	t_pro_srnb_srnc	unknown	tblastn	0	324367	324513	146	0	0	0	4997979
17780bt	Escherichia_coli_strain_2012EL_2448_chromosome_complete_genome	genome	+	NZ_CP027586.1	t_pro_srnb_srnc	unknown	tblastn	0	3817734	3817880	146	0	0	0	5272286
22622bt	Shigella_dysenteriae_strain_CFSAN010956_chromosome_complete_genome	genome	-	NZ_CP026827.1	t_pro_srnb_srnc	unknown	tblastn	0	2504659	2504513	146	0	0	0	4558619
17882bt	Escherichia_coli_strain_503025_chromosome_complete_genome	genome	+	NZ_CP025892.1	t_pro_srnb_srnc	unknown	tblastn	0	453304	453450	146	0	0	0	4911268
19073bt	Escherichia_coli_strain_NCTC11133_genome_assembly_chromosome_1	genome	+	NZ_LR134340.1	t_pro_srnb_srnc	unknown	tblastn	0	1250726	1250872	146	0	0	0	4450344
22077bt	Escherichia_marmotae_strain_HT073016_chromosome_complete_genome	genome	-	NZ_CP025979.1	t_pro_srnb_srnc	unknown	tblastn	0	1876086	1875940	146	0	0	0	4671322
18494bt	Escherichia_coli_strain_WB61_chromosome_complete_genome	genome	+	NZ_CP020025.1	t_pro_srnb_srnc	unknown	tblastn	0	1284309	1284459	150	0	0	0	4687045
38109bt	Citrobacter_freundii_strain_BD_genome	chromosome	+	NZ_CP018810.1	t_pro_srnb_srnc	unknown	tblastn	0	3145725	3145871	146	0	0	0	5098116
16346bt	Citrobacter_sp_LY_1_chromosome_complete_genome	genome	-	NZ_CP037864.1	t_pro_srnb_srnc	unknown	tblastn	0	4159772	4159626	146	0	0	0	5211009
17715bt	Citrobacter_braakii_strain_FDAARGOS_253_chromosome_complete_genome	genome	+	NZ_CP020448.2	t_pro_srnb_srnc	unknown	tblastn	0	4590395	4590541	146	0	0	0	5244290
17714bt	Citrobacter_freundii_strain_FDAARGOS_61_chromosome_complete_genome	genome	+	NZ_CP026045.1	t_pro_srnb_srnc	unknown	tblastn	0	2251770	2251916	146	0	0	0	5258481
16345bt	Citrobacter_freundii_strain_CRCB_101_chromosome_complete_genome	genome	-	NZ_CP024819.1	t_pro_srnb_srnc	unknown	tblastn	0	4921557	4921411	146	0	0	0	5311319
21271bt	Citrobacter_freundii_complex_sp_CFNIH4_chromosome_complete_genome	genome	-	NZ_CP026231.1	t_pro_srnb_srnc	unknown	tblastn	0	3267125	3266979	146	0	0	0	5079781
17730bt	Citrobacter_freundii_isolate_Citrobacter_freundii_str_U2785_genome_assembly_chromosome_1	genome	+	NZ_LS992183.1	t_pro_srnb_srnc	unknown	tblastn	0	1072630	1072776	146	0	0	0	5009078
24039bt	Citrobacter_freundii_strain_HM38_chromosome_complete_genome	genome	-	NZ_CP024672.1	t_pro_srnb_srnc	unknown	tblastn	0	3206768	3206622	146	0	0	0	4899014
17724bt	Citrobacter_freundii_strain_R17_chromosome_complete_genome	genome	+	NZ_CP035276.1	t_pro_srnb_srnc	unknown	tblastn	0	1103161	1103307	146	0	0	0	5124258
21278bt	Citrobacter_freundii_strain_NCTC9750_genome_assembly_chromosome_1	genome	-	NZ_LR134118.1	t_pro_srnb_srnc	unknown	tblastn	0	3881062	3880916	146	0	0	0	4960737
17722bt	Citrobacter_freundii_strain_705SK3_chromosome_complete_genome	genome	+	NZ_CP022151.1	t_pro_srnb_srnc	unknown	tblastn	0	1031626	1031772	146	0	0	0	5242839
17716bt	Citrobacter_freundii_strain_18_1_chromosome_complete_genome	genome	+	NZ_CP022273.1	t_pro_srnb_srnc	unknown	tblastn	0	4234234	4234380	146	0	0	0	5215381
17738bt	Citrobacter_werkmanii_strain_FDAARGOS_364_chromosome_complete_genome	genome	+	NZ_CP023504.1	t_pro_srnb_srnc	unknown	tblastn	0	727376	727522	146	0	0	0	4885099
18113bt	Enterobacter_lignolyticus_SCF1_complete_genome	genome	+	NC_014618.1	t_pro_srnb_srnc	unknown	tblastn	0	992853	992999	146	0	0	0	4814049
18067bt	Escherichia_coli_'BL21_Gold(DE3)pLysS_AG'_complete_genome	genome	+	NC_012947.1	t_pro_srnb_srnc	unknown	tblastn	0	1020432	1020578	146	0	0	0	4570938
18216bt	Shigella_dysenteriae_strain_ATCC_9754_chromosome_complete_genome	genome	-	NZ_CP026842.1	t_pro_srnb_srnc	unknown	tblastn	0	3050421	3050275	146	0	0	0	4588477
17796bt	Escherichia_coli_IAI39_chromosome_complete_genome	genome	-	NC_011750.1	t_pro_srnb_srnc	unknown	tblastn	0	3047026	3046880	146	0	0	0	5132068
18661bt	Escherichia_coli_strain_2014C_3061_chromosome_complete_genome	genome	+	NZ_CP027548.1	t_pro_srnb_srnc	unknown	tblastn	0	232637	232783	146	0	0	0	5303935
17745bt	Enterobacteriaceae_bacterium_strain_FGI_57_complete_genome	genome	+	NC_020063.1	t_pro_srnb_srnc	unknown	tblastn	0	963708	963854	146	0	0	0	4762179
18157bt	Escherichia_coli_strain_504237_chromosome_complete_genome	genome	-	NZ_CP025862.1	t_pro_srnb_srnc	unknown	tblastn	0	3442208	3442062	146	0	0	0	5022230
18111bt	Escherichia_albertii_strain_1551_2_chromosome_complete_genome	genome	-	NZ_CP025317.1	t_pro_srnb_srnc	unknown	tblastn	0	2830856	2830710	146	0	0	0	4730877
18443bt	Escherichia_albertii_strain_2013C_4143_chromosome_complete_genome	genome	-	NZ_CP030787.2	t_pro_srnb_srnc	unknown	tblastn	0	3555721	3555575	146	0	0	0	4659709
16616bt	Escherichia_albertii_DNA_complete_genome_strain_EC06_170	genome	-	NZ_AP014857.1	t_pro_srnb_srnc	unknown	tblastn	0	2817311	2817165	146	0	0	0	4657167
25545bt	Escherichia_coli_0127_H6_E2348_69_complete_genome_strain_E2348_69	genome	-	NC_011601.1	t_pro_srnb_srnc	unknown	tblastn	0	3112807	3112661	146	0	0	0	4965553
16617bt	Escherichia_albertii_DNA_complete_genome_strain_NIAH_Bird_3	genome	-	NZ_AP014855.1	t_pro_srnb_srnc	unknown	tblastn	0	2706591	2706445	146	0	0	0	4560575
25679bt	Escherichia_coli_strain_CFSAN051542_chromosome_complete_genome	genome	+	NZ_CP020835.1	t_pro_srnb_srnc	unknown	tblastn	0	1138851	1138997	146	0	0	0	4888773
37156bt	Escherichia_coli_strain_89_3506_isolate_89_3506_chromosome	chromosome	-	NZ_CP027520.1	t_pro_srnb_srnc	unknown	tblastn	0	1012009	1011863	146	0	0	0	5178486
18813bt	Escherichia_coli_O114_H49_strain_90_9280_chromosome_complete_genome	genome	-	NZ_CP024240.1	t_pro_srnb_srnc	unknown	tblastn	0	1951044	1950898	146	0	0	0	4966338
18483bt	Shigella_dysenteriae_strain_ATCC_12039_chromosome_complete_genome	genome	+	NZ_CP026831.1	t_pro_srnb_srnc	unknown	tblastn	0	721702	721848	146	0	0	0	4880735
17759bt	Escherichia_coli_PCN033_complete_genome	genome	-	NZ_CP006632.1	t_pro_srnb_srnc	unknown	tblastn	0	3012661	3012515	146	0	0	0	4987957
18727bt	Escherichia_coli_55989_chromosome_complete_genome	genome	-	NC_011748.1	t_pro_srnb_srnc	unknown	tblastn	0	3103299	3103153	146	0	0	0	5154862
39125bt	Escherichia_coli_strain_Mt1B1_chromosome	chromosome	+	NZ_CP028714.1	t_pro_srnb_srnc	unknown	tblastn	0	2053661	2053807	146	0	0	0	5115630
39155bt	Escherichia_coli_strain_BR10_DEC_chromosome	chromosome	+	NZ_CP035360.1	t_pro_srnb_srnc	unknown	tblastn	0	2082096	2082242	146	0	0	0	5058724
18772bt	Escherichia_coli_O43_str_RM10042_chromosome_complete_genome	genome	-	NZ_CP028122.1	t_pro_srnb_srnc	unknown	tblastn	0	3139313	3139167	146	0	0	0	5057506
18557bt	Escherichia_coli_E2855_DNA_complete_genome	genome	-	NZ_AP018796.1	t_pro_srnb_srnc	unknown	tblastn	0	3521425	3521279	146	0	0	0	5470440
18603bt	Escherichia_coli_O121_H19_strain_16_9255_chromosome_complete_genome	genome	+	NZ_CP022407.1	t_pro_srnb_srnc	unknown	tblastn	0	4920423	4920569	146	0	0	0	5397521
19033bt	Shigella_boydii_strain_54_1621_chromosome_complete_genome	genome	+	NZ_CP026810.1	t_pro_srnb_srnc	unknown	tblastn	0	740992	741138	146	0	0	0	4531304
19045bt	Shigella_flexneri_strain_89_141_chromosome_complete_genome	genome	-	NZ_CP026803.1	t_pro_srnb_srnc	unknown	tblastn	0	585476	585330	146	0	0	0	4481548
19050bt	Escherichia_coli_strain_06_00048_chromosome_complete_genome	genome	-	NZ_CP015229.1	t_pro_srnb_srnc	unknown	tblastn	0	3522850	3522704	146	0	0	0	5498453
19090bt	Escherichia_coli_O157_H7_pv15_279_DNA_complete_genome	genome	-	NZ_AP018488.1	t_pro_srnb_srnc	unknown	tblastn	0	3706812	3706666	146	0	0	0	5598155
19072bt	Escherichia_coli_strain_NCTC11133_genome_assembly_chromosome_1	genome	-	NZ_LR134340.1	t_pro_srnb_srnc	unknown	tblastn	0	3370483	3370337	146	0	0	0	4450344
19070bt	Escherichia_marmotae_strain_HT073016_chromosome_complete_genome	genome	+	NZ_CP025979.1	t_pro_srnb_srnc	unknown	tblastn	0	4293459	4293605	146	0	0	0	4671322
19415bt	Enterobacteriaceae_bacterium_S05_chromosome_complete_genome	genome	+	NZ_CP024784.1	t_pro_srnb_srnc	unknown	tblastn	0	4160206	4160352	146	0	0	0	5157054
19461bt	Klebsiella_pneumoniae_subsp_pneumoniae_strain_SCKP040074_chromosome_complete_genome	genome	-	NZ_CP029388.1	t_pro_srnb_srnc	unknown	tblastn	0	2417869	2417723	146	0	0	0	5288751
20448bt	Klebsiella_pneumoniae_strain_KSB1_10J_chromosome_complete_genome	genome	+	NZ_CP024515.1	t_pro_srnb_srnc	unknown	tblastn	0	1060633	1060779	146	0	0	0	5228900
19344bt	Klebsiella_aerogenes_strain_NCTC418_genome_assembly_chromosome_4	genome	+	NZ_LR134213.1	t_pro_srnb_srnc	unknown	tblastn	0	1064830	1064976	146	0	0	0	5306679
19398bt	Klebsiella_pneumoniae_strain_ATCC_35657_chromosome_complete_genome	genome	-	NZ_CP015134.1	t_pro_srnb_srnc	unknown	tblastn	0	180157	180011	146	0	0	0	5229229
19467bt	Klebsiella_pneumoniae_strain_ABFPV_complete_genome	genome	-	NZ_CP036442.1	t_pro_srnb_srnc	unknown	tblastn	0	4381055	4380909	146	0	0	0	5345730
19456bt	Klebsiella_pneumoniae_strain_11492_chromosome_complete_genome	genome	+	NZ_CP026021.1	t_pro_srnb_srnc	unknown	tblastn	0	1025490	1025636	146	0	0	0	5252687
19139bt	Klebsiella_quasivariicola_strain_KPN1705_chromosome_complete_genome	genome	+	NZ_CP022823.1	t_pro_srnb_srnc	unknown	tblastn	0	1127464	1127610	146	0	0	0	5540188
19329bt	Klebsiella_pneumoniae_strain_CAV1193_complete_genome	genome	+	NZ_CP013322.1	t_pro_srnb_srnc	unknown	tblastn	0	3336376	3336522	146	0	0	0	5319154
19440bt	Klebsiella_pneumoniae_KP_1_complete_genome	genome	-	NZ_CP012883.1	t_pro_srnb_srnc	unknown	tblastn	0	1508645	1508499	146	0	0	0	5180925
19121bt	Klebsiella_variicola_strain_342_complete_genome	genome	+	NC_011283.1	t_pro_srnb_srnc	unknown	tblastn	0	1044024	1044170	146	0	0	0	5641239
19432bt	Klebsiella_pneumoniae_CG43_complete_genome	genome	-	NC_022566.1	t_pro_srnb_srnc	unknown	tblastn	0	3293944	3293798	146	0	0	0	5166857
39175bt	Klebsiella_pneumoniae_strain_T4_chromosome	chromosome	+	NZ_CP034540.1	t_pro_srnb_srnc	unknown	tblastn	0	1569288	1569434	146	0	0	0	5385944
19216bt	Klebsiella_pneumoniae_strain_FDAARGOS_531_chromosome_complete_genome	genome	+	NZ_CP033777.1	t_pro_srnb_srnc	unknown	tblastn	0	1709820	1709966	146	0	0	0	5423408
19387bt	Klebsiella_pneumoniae_strain_616_chromosome_complete_genome	genome	+	NZ_CP026495.1	t_pro_srnb_srnc	unknown	tblastn	0	1044139	1044285	146	0	0	0	5246307
19458bt	Klebsiella_pneumoniae_strain_KSB1_7J_chromosome_complete_genome	genome	+	NZ_CP024548.1	t_pro_srnb_srnc	unknown	tblastn	0	1089785	1089931	146	0	0	0	5354543
19433bt	Klebsiella_pneumoniae_strain_FDAARGOS_566_chromosome_1_complete_sequence	genome	-	NZ_CP033756.1	t_pro_srnb_srnc	unknown	tblastn	0	1516659	1516513	146	0	0	0	5305851
19434bt	Klebsiella_pneumoniae_strain_AR_0087_chromosome_complete_genome	genome	+	NZ_CP029738.1	t_pro_srnb_srnc	unknown	tblastn	0	4406832	4406978	146	0	0	0	5347404
19463bt	Klebsiella_pneumoniae_strain_INF078_chromosome_complete_genome	genome	+	NZ_CP032831.1	t_pro_srnb_srnc	unknown	tblastn	0	1007235	1007381	146	0	0	0	5295441
19476bt	Klebsiella_quasipneumoniae_strain_ATCC_700603_chromosome_complete_genome	genome	-	NZ_CP014071.1	t_pro_srnb_srnc	unknown	tblastn	0	5097836	5097690	146	0	0	0	5284722
19462bt	Klebsiella_quasipneumoniae_strain_L22_chromosome_complete_genome	genome	+	NZ_CP031257.1	t_pro_srnb_srnc	unknown	tblastn	0	1056882	1057028	146	0	0	0	5133312
19460bt	Klebsiella_pneumoniae_strain_NCTC11357_genome_assembly_chromosome_1	genome	+	NZ_LR134196.1	t_pro_srnb_srnc	unknown	tblastn	0	1007612	1007758	146	0	0	0	5124551
19472bt	Klebsiella_quasipneumoniae_strain_D120_1_chromosome_complete_genome	genome	+	NZ_CP034678.1	t_pro_srnb_srnc	unknown	tblastn	0	990575	990721	146	0	0	0	5085788
19470bt	Klebsiella_quasipneumoniae_strain_G4584_chromosome_complete_genome	genome	+	NZ_CP034129.1	t_pro_srnb_srnc	unknown	tblastn	0	1077958	1078104	146	0	0	0	5446060
18192bt	Klebsiella_michiganensis_E718_complete_sequence	genome	-	NC_018106.1	t_pro_srnb_srnc	unknown	tblastn	0	4885095	4884949	146	0	0	0	6097032
18161bt	Klebsiella_oxytoca_strain_AR_0147_complete_genome	genome	-	NZ_CP020358.1	t_pro_srnb_srnc	unknown	tblastn	0	2453889	2453743	146	0	0	0	6350620
18184bt	Klebsiella_oxytoca_strain_CAV1015_chromosome_complete_genome	genome	-	NZ_CP017928.1	t_pro_srnb_srnc	unknown	tblastn	0	3268088	3267942	146	0	0	0	6155924
18211bt	Klebsiella_pneumoniae_strain_AR_0140_chromosome_complete_genome	genome	+	NZ_CP029722.1	t_pro_srnb_srnc	unknown	tblastn	0	3856606	3856752	146	0	0	0	5223981
18169bt	Klebsiella_michiganensis_strain_AR375_chromosome_complete_genome	genome	-	NZ_CP029141.1	t_pro_srnb_srnc	unknown	tblastn	0	2514848	2514702	146	0	0	0	5935069
17750bt	Klebsiella_oxytoca_DNA_complete_genome_strain_JKo3	genome	-	NZ_AP014951.1	t_pro_srnb_srnc	unknown	tblastn	0	4707763	4707617	146	0	0	0	5944658
18171bt	Klebsiella_michiganensis_HKOPL1_complete_genome	genome	+	NZ_CP004887.1	t_pro_srnb_srnc	unknown	tblastn	0	1849393	1849539	146	0	0	0	5914407
20455bt	Klebsiella_oxytoca_strain_AR380_chromosome_complete_genome	genome	+	NZ_CP029128.1	t_pro_srnb_srnc	unknown	tblastn	0	4358840	4358986	146	0	0	0	5925399
39149bt	Klebsiella_pneumoniae_strain_KPN1344_chromosome	chromosome	+	NZ_CP033901.1	t_pro_srnb_srnc	unknown	tblastn	0	4424289	4424435	146	0	0	0	5343965
18173bt	Klebsiella_oxytoca_strain_NCTC11356_genome_assembly_chromosome_1	genome	-	NZ_LR133932.1	t_pro_srnb_srnc	unknown	tblastn	0	4832141	4831995	146	0	0	0	5856891
18442bt	Klebsiella_sp_FDAARGOS_511_chromosome_complete_genome	genome	+	NZ_CP033824.1	t_pro_srnb_srnc	unknown	tblastn	0	4180554	4180700	146	0	0	0	6089457
18214bt	Klebsiella_sp_M5al_chromosome_complete_genome	genome	-	NZ_CP020657.1	t_pro_srnb_srnc	unknown	tblastn	0	4714258	4714112	146	0	0	0	5800138
17748bt	Klebsiella_sp_WCHKl090001_chromosome_complete_genome	genome	+	NZ_CP036175.1	t_pro_srnb_srnc	unknown	tblastn	0	1251490	1251636	146	0	0	0	6183608
17743bt	Enterobacter_sp_SA187_chromosome_complete_genome	genome	+	NZ_CP019113.1	t_pro_srnb_srnc	unknown	tblastn	0	3530991	3531137	146	0	0	0	4429597
17742bt	Enterobacter_sp_SA187_chromosome_complete_genome	genome	+	NZ_CP019113.1	t_pro_srnb_srnc	unknown	tblastn	0	3531445	3531591	146	0	0	0	4429597
18170bt	Klebsiella_michiganensis_HKOPL1_complete_genome	genome	-	NZ_CP004887.1	t_pro_srnb_srnc	unknown	tblastn	0	4965039	4964893	146	0	0	0	5914407
18201bt	Klebsiella_michiganensis_strain_M1_complete_genome	genome	+	NZ_CP008841.1	t_pro_srnb_srnc	unknown	tblastn	0	2670400	2670546	146	0	0	0	5865090
18168bt	Klebsiella_michiganensis_strain_AR375_chromosome_complete_genome	genome	+	NZ_CP029141.1	t_pro_srnb_srnc	unknown	tblastn	0	5277419	5277565	146	0	0	0	5935069
18185bt	Klebsiella_oxytoca_strain_CAV1015_chromosome_complete_genome	genome	+	NZ_CP017928.1	t_pro_srnb_srnc	unknown	tblastn	0	91469	91615	146	0	0	0	6155924
18193bt	Klebsiella_michiganensis_E718_complete_sequence	genome	+	NC_018106.1	t_pro_srnb_srnc	unknown	tblastn	0	1667937	1668083	146	0	0	0	6097032
20454bt	Klebsiella_oxytoca_strain_AR380_chromosome_complete_genome	genome	-	NZ_CP029128.1	t_pro_srnb_srnc	unknown	tblastn	0	1403835	1403689	146	0	0	0	5925399
18441bt	Klebsiella_sp_FDAARGOS_511_chromosome_complete_genome	genome	-	NZ_CP033824.1	t_pro_srnb_srnc	unknown	tblastn	0	1296420	1296274	146	0	0	0	6089457
18213bt	Klebsiella_sp_M5al_chromosome_complete_genome	genome	+	NZ_CP020657.1	t_pro_srnb_srnc	unknown	tblastn	0	1617602	1617748	146	0	0	0	5800138
17751bt	Klebsiella_oxytoca_DNA_complete_genome_strain_JKo3	genome	+	NZ_AP014951.1	t_pro_srnb_srnc	unknown	tblastn	0	1593655	1593801	146	0	0	0	5944658
19679bt	Klebsiella_sp_WCHKl090001_chromosome_complete_genome	genome	-	NZ_CP036175.1	t_pro_srnb_srnc	unknown	tblastn	0	4300773	4300627	146	0	0	0	6183608
19691bt	Enterobacteriaceae_bacterium_strain_FGI_57_complete_genome	genome	-	NC_020063.1	t_pro_srnb_srnc	unknown	tblastn	0	2618196	2618050	146	0	0	0	4762179
24037bt	Phytobacter_sp_SCO41_chromosome_complete_genome	genome	-	NZ_CP027225.1	t_pro_srnb_srnc	unknown	tblastn	0	4109806	4109660	146	0	0	0	5599325
24037bt	Phytobacter_sp_SCO41_chromosome_complete_genome	genome	-	NZ_CP027225.1	t_pro_srnb_srnc	unknown	tblastn	0	4115469	4115323	146	0	0	0	5599325
39377bt	Klebsiella_pneumoniae_subsp_rhinoscleromatis_strain_SB3432_complete_genome	chromosome	-	NC_021232.1	t_pro_srnb_srnc	unknown	tblastn	0	4214021	4213865	156	0	0	0	5270770
16342bt	Salmonella_enterica_subsp_enterica_serovar_Gaminara_strain_CFSAN070644_plasmid_pCFSAN024441_02_compl	genome	-	NZ_CP024167.1	t_pro_srnb_srnc	unknown	tblastn	0	16212	16062	150	0	0	0	92392
16192bt	Candidatus_Sodalis_pierantonius_str_SOPE_complete_genome	genome	+	NZ_CP006568.1	t_pro_srnb_srnc	unknown	tblastn	0	2410856	2411007	151	0	0	0	4513140
38829bt	Serratia_marcescens_strain_S2I7_genome	chromosome	-	NZ_CP021984.1	t_pro_srnb_srnc	unknown	tblastn	0	4413187	4413038	149	0	0	0	5241555
1573bt	Photorhabdus_asymbiotica_ATCC43949_complete_genome	genome	+	NC_012962.1	t_pro_srnb_srnc	unknown	tblastn	0	4204656	4204807	151	0	0	0	5064808
1609bt	Photorhabdus_laumondii_subsp_laumondii_strain_DJC_chromosome_complete_genome	genome	+	NZ_CP024900.1	t_pro_srnb_srnc	unknown	tblastn	0	3024393	3024544	151	0	0	0	5536539
1574bt	Photorhabdus_asymbiotica_ATCC43949_complete_genome	genome	-	NC_012962.1	t_pro_srnb_srnc	unknown	tblastn	0	2142275	2142124	151	0	0	0	5064808
1547bt	Serratia_marcescens_SM39_DNA_complete_genome	genome	-	NZ_AP013063.1	t_pro_srnb_srnc	unknown	tblastn	0	273935	273787	148	0	0	0	5225577
1556bt	Serratia_marcescens_strain_AR_0027_chromosome_complete_genome	genome	+	NZ_CP026702.1	t_pro_srnb_srnc	unknown	tblastn	0	2055022	2055170	148	0	0	0	5472946
1533bt	Serratia_sp_YD25_chromosome_complete_genome	genome	-	NZ_CP016948.1	t_pro_srnb_srnc	unknown	tblastn	0	247020	246872	148	0	0	0	5117644
1534bt	Serratia_marcescens_SMB2099_complete_genome	genome	-	NZ_HG738868.1	t_pro_srnb_srnc	unknown	tblastn	0	961987	961839	148	0	0	0	5123091
37067bt	Serratia_marcescens_strain_AS1_genome	chromosome	+	NZ_CP010584.1	t_pro_srnb_srnc	unknown	tblastn	0	4986789	4986937	148	0	0	0	5506053
1554bt	Serratia_marcescens_strain_AR_0091_chromosome_complete_genome	genome	-	NZ_CP027533.1	t_pro_srnb_srnc	unknown	tblastn	0	495301	495153	148	0	0	0	5309542
1568bt	Serratia_sp_FDAARGOS_506_chromosome_complete_genome	genome	-	NZ_CP033831.1	t_pro_srnb_srnc	unknown	tblastn	0	2361836	2361688	148	0	0	0	4818792
1548bt	Serratia_marcescens_WW4_complete_genome	genome	-	NC_020211.1	t_pro_srnb_srnc	unknown	tblastn	0	981437	981289	148	0	0	0	5241455
1530bt	Serratia_marcescens_strain_UMH1_chromosome_complete_genome	genome	-	NZ_CP018915.1	t_pro_srnb_srnc	unknown	tblastn	0	232097	231949	148	0	0	0	5056149
1516bt	Serratia_marcescens_strain_UMH10_chromosome_complete_genome	genome	-	NZ_CP018928.1	t_pro_srnb_srnc	unknown	tblastn	0	231649	231501	148	0	0	0	5221713
1555bt	Serratia_marcescens_strain_B3R3_complete_genome	genome	-	NZ_CP013046.2	t_pro_srnb_srnc	unknown	tblastn	0	992550	992402	148	0	0	0	5471721
1538bt	Serratia_marcescens_strain_AR_0130_chromosome_complete_genome	genome	-	NZ_CP028947.1	t_pro_srnb_srnc	unknown	tblastn	0	937725	937577	148	0	0	0	5138817
1536bt	Serratia_marcescens_strain_RSC_14_complete_genome	genome	+	NZ_CP012639.1	t_pro_srnb_srnc	unknown	tblastn	0	1169249	1169397	148	0	0	0	5127030
1553bt	Serratia_marcescens_strain_UMH2_chromosome_complete_genome	genome	-	NZ_CP018924.1	t_pro_srnb_srnc	unknown	tblastn	0	269617	269469	148	0	0	0	5308626
1550bt	Serratia_sp_FS14_complete_genome	genome	+	NZ_CP005927.1	t_pro_srnb_srnc	unknown	tblastn	0	5221741	5221889	148	0	0	0	5249875
1125bt	Aliivibrio_salmonicida_LFI1238_chromosome_1_complete_genome	genome	-	NC_011312.1	t_pro_srnb_srnc	unknown	tblastn	0	21764	21614	150	0	0	0	3325165
1127bt	Aliivibrio_wodanis_genome_assembly_AWOD1_plasmid__pAWOD920	genome	+	NZ_LN554848.1	t_pro_srnb_srnc	unknown	tblastn	0	49991	50141	150	0	0	0	91951
15784bt	Vibrio_parahaemolyticus_isolate_R13_plasmid_pVpR13_55Kb_complete_sequence	genome	-	NZ_CP028345.1	t_pro_srnb_srnc	unknown	tblastn	0	46811	46661	150	0	0	0	55412
1133bt	Photobacterium_damselae_subsp_damselae_strain_KC_Na_1_plasmid_pPDD_Na_1_2_complete_sequence	genome	+	NZ_CP021154.1	t_pro_srnb_srnc	unknown	tblastn	0	53727	53877	150	0	0	0	81002
14799bt	Photobacterium_damselae_subsp_piscicida_plasmid_p91_197_1_DNA_complete_genome	genome	-	NZ_AP018047.1	t_pro_srnb_srnc	unknown	tblastn	0	13484	13334	150	0	0	0	37140
15786bt	Vibrio_campbellii_strain_BoB_90_plasmid_unnamed_3_complete_sequence	genome	-	NZ_CP026319.1	t_pro_srnb_srnc	unknown	tblastn	0	1907	1757	150	0	0	0	69048
1129bt	Vibrio_parahaemolyticus_strain_FORC_014_plasmid_pFORC14_complete_sequence	genome	+	NZ_CP011408.1	t_pro_srnb_srnc	unknown	tblastn	0	8349	8499	150	0	0	0	51383
1583bt	Salmonella_enterica_subsp_enterica_strain_SA20053897_chromosome_complete_genome	genome	+	NZ_CP029995.1	t_pro_srnb_srnc	unknown	tblastn	0	189070	189220	150	0	0	0	4920300
1582bt	Salmonella_enterica_subsp_salamae_serovar_55_k_z39_str_1315K_chromosome_complete_genome	genome	+	NZ_CP022139.1	t_pro_srnb_srnc	unknown	tblastn	0	189815	189965	150	0	0	0	4859044
1608bt	Salmonella_enterica_subsp_enterica_strain_SA20011914_chromosome_complete_genome	genome	+	NZ_CP029992.1	t_pro_srnb_srnc	unknown	tblastn	0	2259156	2259306	150	0	0	0	4807680
16162bt	Citrobacter_rodentium_ICC168_complete_genome	genome	+	NC_013716.1	t_pro_srnb_srnc	unknown	tblastn	0	4481836	4481986	150	0	0	0	5346659
1325bt	Kluyvera_intermedia_strain_NCTC12125_genome_assembly_chromosome_1	genome	+	NZ_LR134138.1	t_pro_srnb_srnc	unknown	tblastn	0	3711588	3711739	151	0	0	0	4739056
16089bt	Enterobacteriaceae_bacterium_S05_chromosome_complete_genome	genome	+	NZ_CP024784.1	t_pro_srnb_srnc	unknown	tblastn	0	3321843	3321993	150	0	0	0	5157054
16118bt	Klebsiella_variicola_strain_03_311_0071_genome_assembly_chromosome_1	genome	+	NZ_LR130544.1	t_pro_srnb_srnc	unknown	tblastn	0	193415	193565	150	0	0	0	5425242
16160bt	Klebsiella_aerogenes_strain_NCTC9668_genome_assembly_chromosome_1	genome	+	NZ_LR134235.1	t_pro_srnb_srnc	unknown	tblastn	0	2833850	2834000	150	0	0	0	5768342
16154bt	Klebsiella_variicola_strain_DSM_15968_complete_genome	genome	+	NZ_CP010523.2	t_pro_srnb_srnc	unknown	tblastn	0	201549	201699	150	0	0	0	5521203
16068bt	Klebsiella_quasivariicola_strain_KPN1705_chromosome_complete_genome	genome	+	NZ_CP022823.1	t_pro_srnb_srnc	unknown	tblastn	0	214325	214475	150	0	0	0	5540188
16225bt	Klebsiella_variicola_strain_LMG_23571_complete_genome	genome	+	NZ_CP013985.1	t_pro_srnb_srnc	unknown	tblastn	0	198844	198994	150	0	0	0	5600402
39136bt	Klebsiella_pneumoniae_strain_U25_genome	chromosome	-	NZ_CP012043.1	t_pro_srnb_srnc	unknown	tblastn	0	19345	19195	150	0	0	0	5491870
39133bt	Klebsiella_pneumoniae_subsp_pneumoniae_strain_ST2017_950142398_chromosome	chromosome	-	NZ_CP023553.1	t_pro_srnb_srnc	unknown	tblastn	0	3125832	3125682	150	0	0	0	5497952
38662bt	Klebsiella_pneumoniae_strain_Kp589_chromosome_complete_genome	chromosome	+	NZ_CP028816.1	t_pro_srnb_srnc	unknown	tblastn	0	205119	205269	150	0	0	0	5489507
16106bt	Klebsiella_pneumoniae_DNA_complete_genome_strain_YH43	genome	+	NZ_AP014950.1	t_pro_srnb_srnc	unknown	tblastn	0	193446	193596	150	0	0	0	5520319
16174bt	Klebsiella_variicola_strain_342_complete_genome	genome	+	NC_011283.1	t_pro_srnb_srnc	unknown	tblastn	0	192977	193127	150	0	0	0	5641239
16219bt	Klebsiella_quasipneumoniae_strain_KPC142_chromosome_complete_genome	genome	+	NZ_CP023478.1	t_pro_srnb_srnc	unknown	tblastn	0	204074	204224	150	0	0	0	5217996
38642bt	Klebsiella_pneumoniae_strain_FDAARGOS_447_chromosome_complete_genome	chromosome	+	NZ_CP023949.1	t_pro_srnb_srnc	unknown	tblastn	0	252897	253047	150	0	0	0	5226396
37041bt	Klebsiella_pneumoniae_strain_KPN1344_chromosome	chromosome	+	NZ_CP033901.1	t_pro_srnb_srnc	unknown	tblastn	0	3641869	3642019	150	0	0	0	5343965
1576bt	Klebsiella_quasipneumoniae_subsp_quasipneumoniae_strain_A708_chromosome_complete_genome	genome	+	NZ_CP030171.1	t_pro_srnb_srnc	unknown	tblastn	0	244574	244724	150	0	0	0	5542544
16056bt	Klebsiella_sp_WCHKl090001_chromosome_complete_genome	genome	+	NZ_CP036175.1	t_pro_srnb_srnc	unknown	tblastn	0	249007	249157	150	0	0	0	6183608
16226bt	Klebsiella_oxytoca_strain_AR380_chromosome_complete_genome	genome	+	NZ_CP029128.1	t_pro_srnb_srnc	unknown	tblastn	0	3349304	3349454	150	0	0	0	5925399
18206bt	Klebsiella_oxytoca_strain_FDAARGOS_335_chromosome_complete_genome	genome	-	NZ_CP027426.1	t_pro_srnb_srnc	unknown	tblastn	0	1049863	1049713	150	0	0	0	5853942
18184bt	Klebsiella_oxytoca_strain_CAV1015_chromosome_complete_genome	genome	-	NZ_CP017928.1	t_pro_srnb_srnc	unknown	tblastn	0	4284573	4284423	150	0	0	0	6155924
18192bt	Klebsiella_michiganensis_E718_complete_sequence	genome	-	NC_018106.1	t_pro_srnb_srnc	unknown	tblastn	0	5826641	5826491	150	0	0	0	6097032
16628bt	Klebsiella_oxytoca_DNA_complete_genome_strain_JKo3	genome	-	NZ_AP014951.1	t_pro_srnb_srnc	unknown	tblastn	0	5639889	5639739	150	0	0	0	5944658
16059bt	Klebsiella_sp_FDAARGOS_511_chromosome_complete_genome	genome	+	NZ_CP033824.1	t_pro_srnb_srnc	unknown	tblastn	0	3154873	3155023	150	0	0	0	6089457
1569bt	Enterobacteriaceae_bacterium_strain_FGI_57_complete_genome	genome	+	NC_020063.1	t_pro_srnb_srnc	unknown	tblastn	0	180529	180680	151	0	0	0	4762179
16136bt	Enterobacteriaceae_bacterium_strain_FGI_57_complete_genome	genome	+	NC_020063.1	t_pro_srnb_srnc	unknown	tblastn	0	181441	181591	150	0	0	0	4762179
1570bt	Enterobacteriaceae_bacterium_strain_FGI_57_complete_genome	genome	+	NC_020063.1	t_pro_srnb_srnc	unknown	tblastn	0	180985	181136	151	0	0	0	4762179
38703bt	Escherichia_coli_FAP1_genome	chromosome	-	NZ_CP009578.1	t_pro_srnb_srnc	unknown	tblastn	0	4363251	4363101	150	0	0	0	4874804
37061bt	Escherichia_coli_O104_H4_strain_LB226692_chromosome	chromosome	+	NZ_CP024992.1	t_pro_srnb_srnc	unknown	tblastn	0	1712488	1712638	150	0	0	0	5299262
37056bt	Escherichia_coli_strain_2016C_3936C1_chromosome_complete_genome	chromosome	+	NZ_CP018770.2	t_pro_srnb_srnc	unknown	tblastn	0	4987643	4987793	150	0	0	0	5060620
37156bt	Escherichia_coli_strain_89_3506_isolate_89_3506_chromosome	chromosome	-	NZ_CP027520.1	t_pro_srnb_srnc	unknown	tblastn	0	1945379	1945229	150	0	0	0	5178486
38697bt	Escherichia_coli_O157_H7_str_EDL933_genome	chromosome	-	NC_002655.2	t_pro_srnb_srnc	unknown	tblastn	0	4535405	4535255	150	0	0	0	5528445
18406bt	Escherichia_coli_strain_DSM_103246_chromosome_complete_genome	genome	+	NZ_CP019944.1	t_pro_srnb_srnc	unknown	tblastn	0	181318	181469	151	0	0	0	5445834
18605bt	Escherichia_coli_O121_H19_strain_16_9255_chromosome_complete_genome	genome	+	NZ_CP022407.1	t_pro_srnb_srnc	unknown	tblastn	0	3955857	3956007	150	0	0	0	5397521
18825bt	Escherichia_coli_O169_H41_strain_F6326_C1_chromosome_complete_genome	genome	-	NZ_CP024263.1	t_pro_srnb_srnc	unknown	tblastn	0	3241608	3241458	150	0	0	0	4934701
18030bt	Shigella_boydii_CDC_3083_94_complete_genome	genome	+	NC_010658.1	t_pro_srnb_srnc	unknown	tblastn	0	3702796	3702946	150	0	0	0	4615997
16237bt	Shigella_dysenteriae_strain_ATCC_49347_chromosome_complete_genome	genome	+	NZ_CP026834.1	t_pro_srnb_srnc	unknown	tblastn	0	2559824	2559974	150	0	0	0	4684535
18260bt	Escherichia_coli_JJ1886_complete_genome	genome	-	NC_022648.1	t_pro_srnb_srnc	unknown	tblastn	0	4057902	4057752	150	0	0	0	5129938
37157bt	Escherichia_fergusonii_ECD227_chromosome_whole_genome_shotgun_sequence	chromosome	-	NZ_CM001142.1	t_pro_srnb_srnc	unknown	tblastn	0	3631642	3631492	150	0	0	0	4509864
18495bt	Escherichia_coli_strain_WB61_chromosome_complete_genome	genome	-	NZ_CP020025.1	t_pro_srnb_srnc	unknown	tblastn	0	4444338	4444188	150	0	0	0	4687045
37080bt	Escherichia_coli_strain_H17_chromosome	chromosome	+	NZ_CP021193.1	t_pro_srnb_srnc	unknown	tblastn	0	2737980	2738131	151	0	0	0	5219546
1615bt	Shigella_boydii_strain_54_1621_chromosome_complete_genome	genome	+	NZ_CP026810.1	t_pro_srnb_srnc	unknown	tblastn	0	4318155	4318305	150	0	0	0	4531304
18446bt	Escherichia_coli_strain_AR_0077_chromosome_complete_genome	genome	-	NZ_CP026755.1	t_pro_srnb_srnc	unknown	tblastn	0	3764861	3764710	151	0	0	0	4987160
1251bt	Hafnia_alvei_FB1_complete_genome	genome	+	NZ_CP009706.1	t_pro_srnb_srnc	unknown	tblastn	0	645991	646141	150	0	0	0	4712721
1249bt	Hafnia_alvei_strain_PCM_1220_chromosome_complete_genome	genome	+	NZ_CP036514.1	t_pro_srnb_srnc	unknown	tblastn	0	463353	463503	150	0	0	0	4549364
1137bt	Hafnia_alvei_strain_HUMV_5920_chromosome_complete_genome	genome	-	NZ_CP015379.1	t_pro_srnb_srnc	unknown	tblastn	0	1028073	1027923	150	0	0	0	4542863
1252bt	Obesumbacterium_proteus_strain_DSM_2777_complete_genome	genome	-	NZ_CP014608.1	t_pro_srnb_srnc	unknown	tblastn	0	4979869	4979719	150	0	0	0	5011796
16173bt	Rouxiella_sp_ERMR1_05_chromosome_complete_genome	genome	-	NZ_CP019062.1	t_pro_srnb_srnc	unknown	tblastn	0	1866503	1866353	150	0	0	0	4643505
16013bt	Enterobacter_bugandensis_isolate_EB_247_genome_assembly_chromosome_I	genome	+	NZ_LT992502.1	t_pro_srnb_srnc	unknown	tblastn	0	779183	779333	150	0	0	0	4717613
38825bt	Enterobacter_cloacae_isolate_MBRL1077_genome	chromosome	-	NZ_CP014280.1	t_pro_srnb_srnc	unknown	tblastn	0	4267543	4267393	150	0	0	0	4801156
16001bt	UNVERIFIED_ORG_Enterobacter_asburiae_LF7a_complete_genome	genome	+	NC_015968.1	t_pro_srnb_srnc	unknown	tblastn	0	722228	722378	150	0	0	0	4812833
16015bt	Enterobacter_cloacae_ECNIH3_complete_genome	genome	+	NZ_CP008897.1	t_pro_srnb_srnc	unknown	tblastn	0	753903	754053	150	0	0	0	4633407
16012bt	Enterobacter_hormaechei_strain_S11_16_chromosome_complete_genome	genome	+	NZ_CP035385.1	t_pro_srnb_srnc	unknown	tblastn	0	704410	704560	150	0	0	0	4850296
16069bt	Enterobacter_hormaechei_subsp_hoffmannii_strain_DSM_14563_chromosome_complete_genome	genome	+	NZ_CP017186.1	t_pro_srnb_srnc	unknown	tblastn	0	721247	721397	150	0	0	0	4546962
16021bt	Enterobacter_cloacae_strain_AR_0060_chromosome_complete_genome	genome	+	NZ_CP026719.1	t_pro_srnb_srnc	unknown	tblastn	0	2941761	2941911	150	0	0	0	5104736
16631bt	Enterobacter_cloacae_strain_AR_0154_chromosome_complete_genome	genome	-	NZ_CP029716.1	t_pro_srnb_srnc	unknown	tblastn	0	2856893	2856743	150	0	0	0	4722257
16040bt	Enterobacter_cloacae_isolate_EC_TO80_genome_assembly_chromosome_1	genome	+	NZ_LS999206.1	t_pro_srnb_srnc	unknown	tblastn	0	825766	825916	150	0	0	0	4864313
16042bt	Enterobacter_hormaechei_subsp_xiangfangensis_strain_Pb204_chromosome_complete_genome	genome	-	NZ_CP030007.1	t_pro_srnb_srnc	unknown	tblastn	0	4159717	4159567	150	0	0	0	4956155
16039bt	Enterobacter_hormaechei_subsp_hormaechei_strain_34983_complete_genome	genome	+	NZ_CP010377.1	t_pro_srnb_srnc	unknown	tblastn	0	763231	763381	150	0	0	0	4632074
16052bt	Enterobacter_cloacae_complex_bacterium_isolate_C45_genome_assembly_chromosome_C45	genome	+	NZ_LT991957.1	t_pro_srnb_srnc	unknown	tblastn	0	2888672	2888822	150	0	0	0	4783258
17190bt	Enterobacter_cloacae_strain_ECNIH4_complete_genome	genome	-	NZ_CP009850.1	t_pro_srnb_srnc	unknown	tblastn	0	4032694	4032544	150	0	0	0	4761385
16081bt	Enterobacter_kobei_strain_WCHEK045523_chromosome_complete_genome	genome	+	NZ_CP032897.1	t_pro_srnb_srnc	unknown	tblastn	0	1637304	1637454	150	0	0	0	4953590
16129bt	Enterobacter_kobei_strain_DSM_13645_chromosome_complete_genome	genome	+	NZ_CP017181.1	t_pro_srnb_srnc	unknown	tblastn	0	689564	689714	150	0	0	0	4880257
16080bt	Enterobacter_cancerogenus_strain_CR_Eb1_chromosome_complete_genome	genome	-	NZ_CP025225.1	t_pro_srnb_srnc	unknown	tblastn	0	3917857	3917707	150	0	0	0	4796512
16033bt	Enterobacter_cloacae_strain_GGT036_complete_genome	genome	+	NZ_CP009756.1	t_pro_srnb_srnc	unknown	tblastn	0	764041	764191	150	0	0	0	4848754
37051bt	Enterobacter_cloacae_strain_NH52_chromosome_I_whole_genome_shotgun_sequence	chromosome	+	NZ_LT160614.1	t_pro_srnb_srnc	unknown	tblastn	0	2613890	2614040	150	0	0	0	5159348
16019bt	Enterobacter_cloacae_subsp_cloacae_ATCC_13047_chromosome_complete_genome	genome	+	NC_014121.1	t_pro_srnb_srnc	unknown	tblastn	0	867756	867906	150	0	0	0	5314581
16024bt	Enterobacter_cloacae_strain_M12X01451_chromosome_complete_genome	genome	+	NZ_CP017475.1	t_pro_srnb_srnc	unknown	tblastn	0	724444	724594	150	0	0	0	4918273
16010bt	Lelliottia_nimipressuralis_strain_SGAir0187_chromosome_complete_genome	genome	-	NZ_CP025034.2	t_pro_srnb_srnc	unknown	tblastn	0	1789645	1789495	150	0	0	0	4826853
16050bt	Lelliottia_amnigena_strain_ZB04_complete_genome	genome	+	NZ_CP015774.2	t_pro_srnb_srnc	unknown	tblastn	0	769310	769460	150	0	0	0	4616122
16625bt	Leclercia_adecarboxylata_strain_USDA_ARS_USMARC_60222_complete_genome	genome	-	NZ_CP013990.1	t_pro_srnb_srnc	unknown	tblastn	0	4030190	4030040	150	0	0	0	4803917
16671bt	Leclercia_sp_LSNIH3_chromosome_complete_genome	genome	-	NZ_CP026387.1	t_pro_srnb_srnc	unknown	tblastn	0	1676468	1676318	150	0	0	0	4781217
16060bt	Leclercia_adecarboxylata_strain_16008513_chromosome_complete_genome	genome	-	NZ_CP036199.1	t_pro_srnb_srnc	unknown	tblastn	0	4708024	4707874	150	0	0	0	4815267
16616bt	Escherichia_albertii_DNA_complete_genome_strain_EC06_170	genome	-	NZ_AP014857.1	t_pro_srnb_srnc	unknown	tblastn	0	2009143	2008993	150	0	0	0	4657167
16644bt	Salmonella_enterica_strain_DA34827_chromosome_complete_genome	genome	-	NZ_CP029593.1	t_pro_srnb_srnc	unknown	tblastn	0	4442984	4442834	150	0	0	0	4933577
1208bt	Enterobacter_sp_SA187_chromosome_complete_genome	genome	-	NZ_CP019113.1	t_pro_srnb_srnc	unknown	tblastn	0	3364732	3364582	150	0	0	0	4429597
16478bt	Escherichia_albertii_strain_2014C_4356_plasmid_unnamed3_complete_sequence	genome	-	NZ_CP024285.1	t_pro_srnb_srnc	unknown	tblastn	0	11689	11539	150	0	0	0	127606
16466bt	Escherichia_coli_O169_H41_strain_2014EL_1345_2_plasmid_unnamed3	genome	-	NZ_CP024226.1	t_pro_srnb_srnc	unknown	tblastn	0	75629	75479	150	0	0	0	85864
1332bt	Salmonella_enterica_subsp_enterica_serovar_Weltevreden_genome_assembly_99_3134_plasmid__2	genome	+	NZ_LN890525.1	t_pro_srnb_srnc	unknown	tblastn	0	12032	12182	150	0	0	0	84987
1571bt	Salmonella_enterica_subsp_enterica_serovar_Anatum_strain_CFSAN076215_plasmid_pCFSAN076215_complete_s	genome	+	NZ_CP033339.1	t_pro_srnb_srnc	unknown	tblastn	0	3132	3288	156	0	0	0	104123
1337bt	Escherichia_coli_strain_ST2747_complete_genome	genome	+	NZ_CP007394.1	t_pro_srnb_srnc	unknown	tblastn	0	5005938	5006088	150	0	0	0	5090442
1525bt	Salmonella_sp_SSDFZ54_plasmid_pTB502_complete_sequence	genome	+	NZ_CP034821.1	t_pro_srnb_srnc	unknown	tblastn	0	83610	83760	150	0	0	0	146389
1276bt	Escherichia_coli_HUSEC2011_plasmid_pHUSEC2011_1_complete_sequence	genome	+	NC_022742.1	t_pro_srnb_srnc	unknown	tblastn	0	43442	43592	150	0	0	0	88546
1344bt	Escherichia_coli_strain_L725_plasmid_punnamed1_complete_sequence	genome	+	NZ_CP036203.1	t_pro_srnb_srnc	unknown	tblastn	0	13863	14013	150	0	0	0	93880
1295bt	Escherichia_coli_SE11_plasmid_pSE11_1_DNA_complete_sequence	genome	+	NC_011419.1	t_pro_srnb_srnc	unknown	tblastn	0	56714	56864	150	0	0	0	100021
38811bt	Escherichia_coli_O104_H4_strain_LB226692_plasmid_unnamed1	chromosome	+	NZ_CP024993.1	t_pro_srnb_srnc	unknown	tblastn	0	2343	2492	149	0	0	0	106929
16624bt	Salmonella_enterica_subsp_enterica_serovar_Anatum_str_USDA_ARS_USMARC_1727_plasmid_pSAN1_1727_comple	genome	+	NZ_CP014622.1	t_pro_srnb_srnc	unknown	tblastn	0	49425	49581	156	0	0	0	97041
16552bt	Escherichia_coli_O114_H49_strain_90_9280_plasmid_unnamed1	genome	-	NZ_CP024241.1	t_pro_srnb_srnc	unknown	tblastn	0	94215	94065	150	0	0	0	104674
37012bt	Escherichia_coli_strain_CHL5009T_plasmid_pCHL5009T_94k_complete_sequence	chromosome	+	NZ_CP032938.1	t_pro_srnb_srnc	unknown	tblastn	0	73573	73723	150	0	0	0	93429
1336bt	Escherichia_coli_strain_AR_451_plasmid_unnamed2	genome	+	NZ_CP030340.1	t_pro_srnb_srnc	unknown	tblastn	0	7639	7789	150	0	0	0	34927
16559bt	Salmonella_enterica_strain_SA20075157_plasmid_pSA20075157_1_complete_sequence	genome	-	NZ_CP030218.1	t_pro_srnb_srnc	unknown	tblastn	0	88941	88791	150	0	0	0	97234
16608bt	Salmonella_enterica_subsp_enterica_serovar_Gaminara_str_SA20063285_plasmid_pIncI1_1_complete_sequenc	genome	-	NZ_CP030289.1	t_pro_srnb_srnc	unknown	tblastn	0	11648	11498	150	0	0	0	117908
1304bt	Escherichia_coli_E2855_plasmid_pE2855_1_DNA_complete_genome	genome	+	NZ_AP018797.1	t_pro_srnb_srnc	unknown	tblastn	0	78512	78662	150	0	0	0	125200
16597bt	Escherichia_coli_O43_str_RM10042_plasmid_pRM10042_1_complete_sequence	genome	-	NZ_CP028120.1	t_pro_srnb_srnc	unknown	tblastn	0	34560	34410	150	0	0	0	86617
16605bt	Escherichia_coli_strain_2014C_3307_plasmid_unnamed2	genome	-	NZ_CP027370.1	t_pro_srnb_srnc	unknown	tblastn	0	160630	160480	150	0	0	0	176149
16588bt	Escherichia_coli_O104_H21_str_CFSAN002236_plasmid_pO104_H21_complete_sequence	genome	-	NZ_CP023542.1	t_pro_srnb_srnc	unknown	tblastn	0	33464	33314	150	0	0	0	161452
16607bt	Escherichia_coli_O43_str_RM10042_plasmid_pRM10042_2_complete_sequence	genome	-	NZ_CP028121.1	t_pro_srnb_srnc	unknown	tblastn	0	17032	16882	150	0	0	0	109466
38816bt	Escherichia_coli_strain_2014C_3741_plasmid_unnamed2	chromosome	-	NZ_CP027330.1	t_pro_srnb_srnc	unknown	tblastn	0	28395	28245	150	0	0	0	102897
1324bt	Escherichia_coli_strain_AR_0085_plasmid_unnamed1_complete_sequence	genome	+	NZ_CP029742.1	t_pro_srnb_srnc	unknown	tblastn	0	29674	29824	150	0	0	0	139740
1306bt	Escherichia_coli_NCCP15648_plasmid_p15648_2_complete_sequence	genome	+	NZ_CP009052.1	t_pro_srnb_srnc	unknown	tblastn	0	40263	40413	150	0	0	0	83860
16571bt	Escherichia_coli_O27_H7_strain_B4103_1_plasmid_unnamed2	genome	-	NZ_CP024247.1	t_pro_srnb_srnc	unknown	tblastn	0	36567	36417	150	0	0	0	68864
37014bt	Escherichia_coli_strain_2016C_3936C1_plasmid_unnamed2_sequence	chromosome	+	NZ_CP018772.1	t_pro_srnb_srnc	unknown	tblastn	0	11677	11827	150	0	0	0	55104
1135bt	Escherichia_coli_strain_2013C_3033_plasmid_unnamed_complete_sequence	genome	+	NZ_CP027324.1	t_pro_srnb_srnc	unknown	tblastn	0	60930	61080	150	0	0	0	127667
16362bt	Vibrio_campbellii_strain_170502_plasmid_pVCZS_complete_sequence	genome	-	NZ_CP033136.1	t_pro_srnb_srnc	unknown	tblastn	0	36158	36008	150	0	0	0	69012
16363bt	Vibrio_parahaemolyticus_strain_D3112_plasmid_p1_complete_sequence	genome	-	NZ_CP034567.1	t_pro_srnb_srnc	unknown	tblastn	0	19848	19698	150	0	0	0	66230
16002bt	Vibrio_owensii_strain_1700302_plasmid_pVOWZ1_complete_sequence	genome	+	NZ_CP033139.1	t_pro_srnb_srnc	unknown	tblastn	0	30935	31085	150	0	0	0	117926
16006bt	Vibrio_owensii_strain_V180403_plasmid_pVOWZ4_complete_sequence	genome	+	NZ_CP033147.1	t_pro_srnb_srnc	unknown	tblastn	0	66795	66945	150	0	0	0	73661
16352bt	Vibrio_owensii_strain_1700302_plasmid_pVOWZ2_complete_sequence	genome	-	NZ_CP033140.1	t_pro_srnb_srnc	unknown	tblastn	0	13529	13379	150	0	0	0	68834
16354bt	Vibrio_parahaemolyticus_strain_PB1937_plasmid_p1937_2_complete_sequence	genome	-	NZ_CP022246.1	t_pro_srnb_srnc	unknown	tblastn	0	17925	17775	150	0	0	0	78481
16175bt	Vibrio_alginolyticus_strain_ATCC_33787_plasmid_pMBL287_complete_sequence	genome	+	NZ_CP013487.1	t_pro_srnb_srnc	unknown	tblastn	0	118473	118623	150	0	0	0	286750
16670bt	Pluralibacter_gergoviae_strain_FB2_chromosome_complete_genome	genome	-	NZ_CP009450.1	t_pro_srnb_srnc	unknown	tblastn	0	2037789	2037639	150	0	0	0	5489680
15997bt	Vibrio_campbellii_strain_170502_plasmid_pVCZS_complete_sequence	genome	-	NZ_CP033136.1	t_pro_srnb_srnc	unknown	tblastn	0	15290	15140	150	0	0	0	69012
16115bt	Vibrio_campbellii_strain_20130629003S01_plasmid_pVCGX3_complete_sequence	genome	-	NZ_CP020080.1	t_pro_srnb_srnc	unknown	tblastn	0	75855	75705	150	0	0	0	143140
16066bt	Vibrio_owensii_strain_051011B_chromosome_1_complete_sequence	genome	-	NZ_CP025796.1	t_pro_srnb_srnc	unknown	tblastn	0	2221168	2221017	151	0	0	0	3797023
16062bt	Vibrio_harveyi_strain_ATCC_33843_(392_[MAV])_chromosome_1_complete_sequence	genome	+	NZ_CP009467.1	t_pro_srnb_srnc	unknown	tblastn	0	2734632	2734783	151	0	0	0	3621606
16066bt	Vibrio_owensii_strain_051011B_chromosome_1_complete_sequence	genome	-	NZ_CP025796.1	t_pro_srnb_srnc	unknown	tblastn	0	3457060	3456909	151	0	0	0	3797023
16063bt	Vibrio_campbellii_strain_20130629003S01_chromosome_I_complete_sequence	genome	-	NZ_CP020076.1	t_pro_srnb_srnc	unknown	tblastn	0	1130615	1130464	151	0	0	0	3621712
16371bt	Vibrio_jasicida_090810c_chromosome_1_complete_sequence	genome	-	NZ_CP025792.1	t_pro_srnb_srnc	unknown	tblastn	0	3369257	3369106	151	0	0	0	3690481
38635bt	Vibrio_vulnificus_VVyb1(BT3)_Contig115_whole_genome_shotgun_sequence	chromosome	+	NZ_AOCM01000115.1	t_pro_srnb_srnc	unknown	tblastn	0	7686	7837	151	0	0	0	8541
16164bt	Vibrio_scophthalmi_strain_VS_05_plasmid_pVS127_complete_sequence	genome	-	NZ_CP016416.1	t_pro_srnb_srnc	unknown	tblastn	0	70841	70690	151	0	0	0	127066
16165bt	Vibrio_scophthalmi_strain_VS_12_plasmid_pVS127_complete_sequence	genome	+	NZ_CP016309.1	t_pro_srnb_srnc	unknown	tblastn	0	100752	100903	151	0	0	0	127447
16117bt	Vibrio_campbellii_strain_LA16_V1_plasmid_pLA16_1_complete_sequence	genome	-	NZ_CP021147.1	t_pro_srnb_srnc	unknown	tblastn	0	30099	29948	151	0	0	0	109793
10457bt	Escherichia_albertii_strain_05_3106_plasmid_unnamed1_complete_sequence	genome	-	NZ_CP030779.2	t_pro_srnb_srnc	unknown	tblastn	0	39377	39231	146	0	0	0	56603
14630bt	Escherichia_coli_strain_C5_plasmid_A_complete_genome	genome	-	NZ_CP010123.1	t_pro_srnb_srnc	unknown	tblastn	0	27218	27072	146	0	0	0	214445
11490bt	Escherichia_albertii_strain_07_3866_plasmid_unnamed_complete_sequence	genome	+	NZ_CP030782.1	t_pro_srnb_srnc	unknown	tblastn	0	8706	8852	146	0	0	0	104269
11460bt	Salmonella_enterica_strain_SA20051401_plasmid_pSA20051401_1_complete_sequence	genome	+	NZ_CP030197.1	t_pro_srnb_srnc	unknown	tblastn	0	139422	139568	146	0	0	0	141502
11538bt	Salmonella_enterica_subsp_enterica_serovar_Poona_str_ATCC_BAA_1673_plasmid_pATCCBAA1673_01_complete_	genome	+	NZ_CP019190.1	t_pro_srnb_srnc	unknown	tblastn	0	44023	44169	146	0	0	0	186451
11359bt	Salmonella_enterica_subsp_enterica_serovar_Minnesota_strain_CFSAN017963_plasmid_pCFSAN017963_01_comp	genome	+	NZ_CP017721.1	t_pro_srnb_srnc	unknown	tblastn	0	178034	178180	146	0	0	0	280421
14645bt	Escherichia_coli_O43_str_RM10042_plasmid_pRM10042_2_complete_sequence	genome	-	NZ_CP028121.1	t_pro_srnb_srnc	unknown	tblastn	0	58970	58824	146	0	0	0	109466
14498bt	Escherichia_coli_O25_H16_strain_F5505_C1_plasmid_unnamed1_complete_sequence	genome	-	NZ_CP024258.1	t_pro_srnb_srnc	unknown	tblastn	0	2945	2799	146	0	0	0	96607
11370bt	Escherichia_coli_strain_C5_plasmid_B_complete_genome	genome	+	NZ_CP010124.1	t_pro_srnb_srnc	unknown	tblastn	0	48193	48339	146	0	0	0	86032
11397bt	Escherichia_coli_ECC_1470_plasmid_pECC_1470_100_complete_sequence	genome	+	NZ_CP010345.1	t_pro_srnb_srnc	unknown	tblastn	0	99239	99385	146	0	0	0	100061
11375bt	Escherichia_coli_strain_2013C_4282_plasmid_unnamed1	genome	+	NZ_CP027580.1	t_pro_srnb_srnc	unknown	tblastn	0	35591	35737	146	0	0	0	54544
11523bt	Escherichia_coli_strain_06_00048_plasmid_pCFSAN004178P_02_complete_sequence	genome	+	NZ_CP012498.1	t_pro_srnb_srnc	unknown	tblastn	0	138745	138891	146	0	0	0	213847
11480bt	Klebsiella_pneumoniae_strain_INF237_plasmid_pINF237_03_complete_sequence	genome	+	NZ_CP032836.1	t_pro_srnb_srnc	unknown	tblastn	0	72953	73099	146	0	0	0	76772
14659bt	Escherichia_coli_strain_2011C_3911_plasmid_unnamed1_complete_sequence	genome	-	NZ_CP015239.1	t_pro_srnb_srnc	unknown	tblastn	0	51552	51406	146	0	0	0	125977
37425bt	Escherichia_coli_strain_00_3279_plasmid_unnamed2_complete_sequence	chromosome	-	NZ_CP024295.1	t_pro_srnb_srnc	unknown	tblastn	0	84160	84014	146	0	0	0	103995
14619bt	Escherichia_coli_JJ1887_plasmid_pJJ1887_5_complete_sequence	genome	-	NZ_CP014320.1	t_pro_srnb_srnc	unknown	tblastn	0	996	850	146	0	0	0	130603
10499bt	Escherichia_coli_O91_str_RM7190_plasmid_pRM7190_2_complete_sequence	genome	+	NZ_CP015246.1	t_pro_srnb_srnc	unknown	tblastn	0	40063	40209	146	0	0	0	118513
11360bt	Escherichia_coli_O26_H11_str_11368_plasmid_pO26_2_DNA_complete_sequence	genome	+	NC_013362.1	t_pro_srnb_srnc	unknown	tblastn	0	62374	62520	146	0	0	0	63365
11387bt	Escherichia_coli_KLY_complete_genome	genome	+	NZ_CP008801.1	t_pro_srnb_srnc	unknown	tblastn	0	3058641	3058787	146	0	0	0	4718545
11502bt	Escherichia_albertii_strain_ChinaSP140150_plasmid_pEA_1_complete_sequence	genome	+	NZ_CP025677.1	t_pro_srnb_srnc	unknown	tblastn	0	21733	21879	146	0	0	0	129356
11472bt	Escherichia_coli_E2855_plasmid_pE2855_5_DNA_complete_genome	genome	+	NZ_AP018801.1	t_pro_srnb_srnc	unknown	tblastn	0	70299	70445	146	0	0	0	71289
14629bt	Escherichia_coli_strain_2015C_3125_plasmid_unnamed2_complete_sequence	genome	-	NZ_CP027765.1	t_pro_srnb_srnc	unknown	tblastn	0	17972	17826	146	0	0	0	66388
10352bt	Escherichia_albertii_strain_2014C_4356_plasmid_unnamed4_complete_sequence	genome	-	NZ_CP024286.1	t_pro_srnb_srnc	unknown	tblastn	0	42533	42387	146	0	0	0	113727
14663bt	Escherichia_coli_0127_H6_E2348_69_plasmid_pMAR2_strain_E2348_69	genome	-	NC_011603.1	t_pro_srnb_srnc	unknown	tblastn	0	32960	32814	146	0	0	0	97978
14471bt	Escherichia_coli_APEC_IMT5155_plasmid_p1ColV5155_complete_sequence	genome	-	NZ_CP005931.1	t_pro_srnb_srnc	unknown	tblastn	0	34868	34722	146	0	0	0	194170
14483bt	Escherichia_coli_strain_210205630_plasmid_pSLy2_complete_sequence	genome	-	NZ_CP015914.1	t_pro_srnb_srnc	unknown	tblastn	0	10683	10537	146	0	0	0	129035
14627bt	Escherichia_coli_strain_14EC033_plasmid_p14EC033d_complete_sequence	genome	-	NZ_CP024151.1	t_pro_srnb_srnc	unknown	tblastn	0	42472	42326	146	0	0	0	97858
14661bt	Escherichia_coli_strain_C3_plasmid_A_complete_sequence	genome	-	NZ_CP010120.1	t_pro_srnb_srnc	unknown	tblastn	0	25624	25478	146	0	0	0	63684
10892bt	Escherichia_coli_O25b_H4_plasmid_complete_sequence	genome	+	NZ_CP015086.1	t_pro_srnb_srnc	unknown	tblastn	0	95895	96042	147	0	0	0	130920
14637bt	Escherichia_coli_strain_2012C_4221_plasmid_unnamed1_complete_sequence	genome	-	NZ_CP027438.1	t_pro_srnb_srnc	unknown	tblastn	0	33076	32930	146	0	0	0	74904
14613bt	Escherichia_coli_O178_H19_strain_2012C_4431_plasmid_unnamed2_complete_sequence	genome	-	NZ_CP024291.1	t_pro_srnb_srnc	unknown	tblastn	0	63885	63739	146	0	0	0	111697
14655bt	Escherichia_coli_strain_AR_0077_plasmid_tig00000042_pilon_complete_sequence	genome	-	NZ_CP026754.1	t_pro_srnb_srnc	unknown	tblastn	0	43866	43720	146	0	0	0	90045
11247bt	Escherichia_coli_strain_Es_ST2350_SE1_NDM_03_2018_plasmid_pEsST2350_SE_2_complete_sequence	genome	+	NZ_CP031323.1	t_pro_srnb_srnc	unknown	tblastn	0	59982	60129	147	0	0	0	82461
14664bt	Escherichia_albertii_strain_2012EL_1823B_plasmid_unnamed3_complete_sequence	genome	-	NZ_CP030786.2	t_pro_srnb_srnc	unknown	tblastn	0	70100	69954	146	0	0	0	105846
10570bt	Escherichia_coli_strain_CI5_plasmid_complete_sequence	genome	-	NZ_CP011019.1	t_pro_srnb_srnc	unknown	tblastn	0	85933	85778	155	0	0	0	207265
10260bt	Escherichia_coli_ETEC_H10407_p948_plasmid	genome	-	NC_017724.1	t_pro_srnb_srnc	unknown	tblastn	0	25873	25727	146	0	0	0	94797
9945bt	Escherichia_coli_strain_300709_plasmid_p300709_97_complete_sequence	genome	+	NZ_CP025904.1	t_pro_srnb_srnc	unknown	tblastn	0	75929	76075	146	0	0	0	97878
37270bt	Escherichia_coli_UMNF18_plasmid_pUMNF18_IncFV_whole_genome_shotgun_sequence	chromosome	+	NZ_AGTD01000004.1	t_pro_srnb_srnc	unknown	tblastn	0	103235	103381	146	0	0	0	103624
14666bt	Escherichia_coli_strain_CV839_15_chromosome_complete_genome	genome	-	NZ_CP024978.1	t_pro_srnb_srnc	unknown	tblastn	0	4069987	4069841	146	0	0	0	4917635
10bt	Escherichia_coli_O169_H41_strain_2014EL_1345_2_plasmid_unnamed4_complete_sequence	genome	-	NZ_CP024227.1	t_pro_srnb_srnc	unknown	tblastn	0	104619	104473	146	0	0	0	145086
11373bt	Escherichia_coli_strain_510016_plasmid_p510016_29_complete_sequence	genome	+	NZ_CP025852.1	t_pro_srnb_srnc	unknown	tblastn	0	27298	27444	146	0	0	0	29775
14497bt	Escherichia_coli_strain_RM14721_plasmid_pRM14721_complete_sequence	genome	-	NZ_CP027106.1	t_pro_srnb_srnc	unknown	tblastn	0	103790	103644	146	0	0	0	106432
107bt	Escherichia_coli_strain_STEC299_plasmid_pSTEC299_1_complete_sequence	genome	+	NZ_CP022280.1	t_pro_srnb_srnc	unknown	tblastn	0	33002	33148	146	0	0	0	191691
104bt	Escherichia_coli_strain_08_00022_plasmid_pCFSAN004179G_complete_sequence	genome	+	NZ_CP012501.1	t_pro_srnb_srnc	unknown	tblastn	0	1837	1983	146	0	0	0	242187
14632bt	Escherichia_albertii_strain_05_3106_plasmid_unnamed2_complete_sequence	genome	-	NZ_CP030780.2	t_pro_srnb_srnc	unknown	tblastn	0	16621	16475	146	0	0	0	80632
11255bt	Escherichia_coli_O25_H16_strain_F5505_C1_plasmid_unnamed2_complete_sequence	genome	-	NZ_CP024259.1	t_pro_srnb_srnc	unknown	tblastn	0	40203	40056	147	0	0	0	94817
14710bt	Escherichia_coli_strain_M8_plasmid_A_complete_genome	genome	-	NZ_CP010192.1	t_pro_srnb_srnc	unknown	tblastn	0	103187	103041	146	0	0	0	162720
11326bt	Proteus_mirabilis_BB2000_complete_genome	genome	+	NC_022000.1	t_pro_srnb_srnc	unknown	tblastn	0	2027942	2028089	147	0	0	0	3846754
11212bt	Proteus_mirabilis_strain_AR_0159_complete_genome	genome	-	NZ_CP021550.1	t_pro_srnb_srnc	unknown	tblastn	0	3902307	3902160	147	0	0	0	4055152
11312bt	Proteus_mirabilis_isolate_GN2_chromosome_complete_genome	genome	+	NZ_CP026581.1	t_pro_srnb_srnc	unknown	tblastn	0	2588158	2588305	147	0	0	0	4012640
11202bt	Proteus_mirabilis_strain_AR_0029_chromosome_complete_genome	genome	-	NZ_CP029725.1	t_pro_srnb_srnc	unknown	tblastn	0	491648	491501	147	0	0	0	3980098
11240bt	Proteus_mirabilis_strain_AR_0155_complete_genome	genome	-	NZ_CP021694.1	t_pro_srnb_srnc	unknown	tblastn	0	1948931	1948784	147	0	0	0	4372742
11238bt	Proteus_mirabilis_strain_AR379_chromosome_complete_genome	genome	-	NZ_CP029133.1	t_pro_srnb_srnc	unknown	tblastn	0	826591	826444	147	0	0	0	4219380
11203bt	Proteus_mirabilis_strain_AR_0029_chromosome_complete_genome	genome	-	NZ_CP029725.1	t_pro_srnb_srnc	unknown	tblastn	0	491108	490961	147	0	0	0	3980098
11310bt	Proteus_mirabilis_strain_BC11_24_chromosome_complete_genome	genome	+	NZ_CP026571.1	t_pro_srnb_srnc	unknown	tblastn	0	2463767	2463914	147	0	0	0	4021165
11311bt	Proteus_mirabilis_isolate_GN2_chromosome_complete_genome	genome	+	NZ_CP026581.1	t_pro_srnb_srnc	unknown	tblastn	0	2587618	2587765	147	0	0	0	4012640
11201bt	Proteus_mirabilis_strain_AR_0029_chromosome_complete_genome	genome	-	NZ_CP029725.1	t_pro_srnb_srnc	unknown	tblastn	0	492189	492042	147	0	0	0	3980098
11308bt	Proteus_mirabilis_strain_BC11_24_chromosome_complete_genome	genome	+	NZ_CP026571.1	t_pro_srnb_srnc	unknown	tblastn	0	2462686	2462833	147	0	0	0	4021165
11293bt	Proteus_mirabilis_strain_T18_chromosome_complete_genome	genome	+	NZ_CP017085.1	t_pro_srnb_srnc	unknown	tblastn	0	2910285	2910432	147	0	0	0	4131426
11241bt	Proteus_mirabilis_strain_AR_0155_complete_genome	genome	-	NZ_CP021694.1	t_pro_srnb_srnc	unknown	tblastn	0	1949472	1949325	147	0	0	0	4372742
38099bt	Proteus_mirabilis_strain_CCUG_70746_chromosome	chromosome	-	NZ_CP023273.1	t_pro_srnb_srnc	unknown	tblastn	0	143782	143635	147	0	0	0	3909869
11329bt	Proteus_mirabilis_strain_PmBC1123_chromosome_complete_genome	genome	+	NZ_CP034091.1	t_pro_srnb_srnc	unknown	tblastn	0	2382827	2382974	147	0	0	0	4074828
11246bt	Proteus_vulgaris_strain_FDAARGOS_366_chromosome_complete_genome	genome	-	NZ_CP023965.1	t_pro_srnb_srnc	unknown	tblastn	0	2256547	2256400	147	0	0	0	3961988
11331bt	Proteus_vulgaris_strain_FDAARGOS_556_chromosome_complete_genome	genome	+	NZ_CP033736.1	t_pro_srnb_srnc	unknown	tblastn	0	2253123	2253270	147	0	0	0	4158443
10645bt	Proteus_hauseri_strain_15H5D_4a_chromosome_complete_genome	genome	+	NZ_CP026364.1	t_pro_srnb_srnc	unknown	tblastn	0	132333	132480	147	0	0	0	3930735
37457bt	Providencia_rettgeri_Dmel1_chromosome_whole_genome_shotgun_sequence	chromosome	+	NZ_CM001774.1	t_pro_srnb_srnc	unknown	tblastn	0	3948896	3949043	147	0	0	0	4343079
11332bt	Providencia_rettgeri_strain_AR_0082_chromosome_complete_genome	genome	+	NZ_CP029736.1	t_pro_srnb_srnc	unknown	tblastn	0	27606	27753	147	0	0	0	4309166
37456bt	Providencia_rettgeri_Dmel1_chromosome_whole_genome_shotgun_sequence	chromosome	+	NZ_CM001774.1	t_pro_srnb_srnc	unknown	tblastn	0	3949409	3949556	147	0	0	0	4343079
11335bt	Providencia_sp_WCHPr000369_chromosome_complete_genome	genome	+	NZ_CP031123.1	t_pro_srnb_srnc	unknown	tblastn	0	2202915	2203062	147	0	0	0	4573118
10639bt	Providencia_rettgeri_strain_FDAARGOS_330_chromosome_complete_genome	genome	-	NZ_CP027418.1	t_pro_srnb_srnc	unknown	tblastn	0	2272999	2272852	147	0	0	0	4518601
11338bt	Providencia_rettgeri_strain_RB151_complete_genome	genome	+	NZ_CP017671.1	t_pro_srnb_srnc	unknown	tblastn	0	1840232	1840379	147	0	0	0	4780676
11349bt	Providencia_rustigianii_strain_NCTC8113_genome_assembly_chromosome_1	genome	+	NZ_LR134396.1	t_pro_srnb_srnc	unknown	tblastn	0	683657	683804	147	0	0	0	3864394
11348bt	Providencia_rustigianii_strain_NCTC8113_genome_assembly_chromosome_1	genome	+	NZ_LR134396.1	t_pro_srnb_srnc	unknown	tblastn	0	684137	684284	147	0	0	0	3864394
11350bt	Providencia_rustigianii_strain_NCTC6933_genome_assembly_chromosome_1	genome	+	NZ_LR134189.1	t_pro_srnb_srnc	unknown	tblastn	0	700852	700999	147	0	0	0	3913850
11351bt	Providencia_rustigianii_strain_NCTC6933_genome_assembly_chromosome_1	genome	+	NZ_LR134189.1	t_pro_srnb_srnc	unknown	tblastn	0	701333	701480	147	0	0	0	3913850
10676bt	Providencia_alcalifaciens_strain_FDAARGOS_408_chromosome_complete_genome	genome	-	NZ_CP023536.1	t_pro_srnb_srnc	unknown	tblastn	0	384660	384513	147	0	0	0	3990106
10910bt	Proteus_mirabilis_pHI4320_plasmid_complete_genome	genome	-	NC_010555.1	t_pro_srnb_srnc	unknown	tblastn	0	22751	22604	147	0	0	0	36289
10909bt	Providencia_stuartii_strain_BE2467_isolate_CAUTI_plasmid_pPS2_complete_sequence	genome	-	NZ_CP017056.1	t_pro_srnb_srnc	unknown	tblastn	0	16552	16405	147	0	0	0	38206
38105bt	Providencia_sneebia_DSM_19967_chromosome_whole_genome_shotgun_sequence	chromosome	+	NZ_CM001773.1	t_pro_srnb_srnc	unknown	tblastn	0	314188	314335	147	0	0	0	3873423
10276bt	Salmonella_enterica_strain_SA20083530_plasmid_pSA20083530_3_complete_sequence	genome	-	NZ_CP030206.1	t_pro_srnb_srnc	unknown	tblastn	0	12305	12158	147	0	0	0	27709
38867bt	Providencia_rettgeri_Dmel1_chromosome_whole_genome_shotgun_sequence	chromosome	+	NZ_CM001774.1	t_pro_srnb_srnc	unknown	tblastn	0	675001	675148	147	0	0	0	4343079
16930bt	Providencia_rettgeri_strain_AR_0082_chromosome_complete_genome	genome	+	NZ_CP029736.1	t_pro_srnb_srnc	unknown	tblastn	0	1055186	1055333	147	0	0	0	4309166
15075bt	Providencia_sp_WCHPr000369_chromosome_complete_genome	genome	+	NZ_CP031123.1	t_pro_srnb_srnc	unknown	tblastn	0	3468758	3468905	147	0	0	0	4573118
16926bt	Providencia_alcalifaciens_strain_FDAARGOS_408_chromosome_complete_genome	genome	+	NZ_CP023536.1	t_pro_srnb_srnc	unknown	tblastn	0	1274414	1274557	143	0	0	0	3990106
15033bt	Providencia_rustigianii_strain_NCTC6933_genome_assembly_chromosome_1	genome	-	NZ_LR134189.1	t_pro_srnb_srnc	unknown	tblastn	0	3685583	3685440	143	0	0	0	3913850
13349bt	Proteus_mirabilis_BB2000_complete_genome	genome	+	NC_022000.1	t_pro_srnb_srnc	unknown	tblastn	0	226070	226217	147	0	0	0	3846754
13331bt	Proteus_mirabilis_isolate_GN2_chromosome_complete_genome	genome	+	NZ_CP026581.1	t_pro_srnb_srnc	unknown	tblastn	0	643096	643243	147	0	0	0	4012640
12976bt	Proteus_mirabilis_strain_AOUC_001_complete_genome	genome	-	NZ_CP015347.1	t_pro_srnb_srnc	unknown	tblastn	0	3412362	3412215	147	0	0	0	4272433
38180bt	Proteus_mirabilis_strain_CCUG_70746_chromosome	chromosome	+	NZ_CP023273.1	t_pro_srnb_srnc	unknown	tblastn	0	3066487	3066634	147	0	0	0	3909869
11893bt	Proteus_mirabilis_strain_PmBC1123_chromosome_complete_genome	genome	+	NZ_CP034091.1	t_pro_srnb_srnc	unknown	tblastn	0	660012	660159	147	0	0	0	4074828
12980bt	Proteus_mirabilis_strain_AR379_chromosome_complete_genome	genome	-	NZ_CP029133.1	t_pro_srnb_srnc	unknown	tblastn	0	2918851	2918704	147	0	0	0	4219380
13015bt	Proteus_mirabilis_strain_AR_0159_complete_genome	genome	-	NZ_CP021550.1	t_pro_srnb_srnc	unknown	tblastn	0	1804565	1804418	147	0	0	0	4055152
11888bt	Proteus_mirabilis_strain_NCTC4199_genome_assembly_chromosome_1	genome	+	NZ_LR134205.1	t_pro_srnb_srnc	unknown	tblastn	0	623179	623326	147	0	0	0	3875274
