1134bat	Escherichia_albertii_strain_05_3106_plasmid_unnamed2_complete_sequence	genome	+	NZ_CP030780.2	at_nt_srnb_srnc	unknown	blastn	0	16665	16726	61	0	0	0	80632
1561bat	Escherichia_coli_KLY_complete_genome	genome	-	NZ_CP008801.1	at_nt_srnb_srnc	unknown	blastn	0	3058597	3058536	61	0	0	0	4718545
1268bat	Escherichia_coli_E2855_plasmid_pE2855_5_DNA_complete_genome	genome	-	NZ_AP018801.1	at_nt_srnb_srnc	unknown	blastn	0	70256	70195	61	0	0	0	71289
1260bat	Klebsiella_pneumoniae_strain_INF237_plasmid_pINF237_03_complete_sequence	genome	-	NZ_CP032836.1	at_nt_srnb_srnc	unknown	blastn	0	72910	72849	61	0	0	0	76772
1288bat	Escherichia_coli_strain_50579417_plasmid_p50579417_4_complete_sequence	genome	+	NZ_CP033881.1	at_nt_srnb_srnc	unknown	blastn	0	33447	33508	61	0	0	0	61890
1294bat	Escherichia_albertii_strain_07_3866_plasmid_unnamed_complete_sequence	genome	-	NZ_CP030782.1	at_nt_srnb_srnc	unknown	blastn	0	8663	8602	61	0	0	0	104269
1202bat	Escherichia_coli_O169_H41_strain_2014EL_1345_2_plasmid_unnamed4_complete_sequence	genome	+	NZ_CP024227.1	at_nt_srnb_srnc	unknown	blastn	0	104663	104724	61	0	0	0	145086
1767bat	Escherichia_albertii_strain_2014C_4015_plasmid_p2014C_4015_3_complete_sequence	genome	-	NZ_CP034167.1	at_nt_srnb_srnc	unknown	blastn	0	63478	63417	61	0	0	0	136645
1664bat	Escherichia_albertii_strain_2014C_4356_plasmid_unnamed4_complete_sequence	genome	+	NZ_CP024286.1	at_nt_srnb_srnc	unknown	blastn	0	42577	42638	61	0	0	0	113727
1478bat	Escherichia_coli_strain_2012C_4221_plasmid_unnamed1_complete_sequence	genome	+	NZ_CP027438.1	at_nt_srnb_srnc	unknown	blastn	0	33119	33180	61	0	0	0	74904
1038bat	Escherichia_coli_strain_STEC299_plasmid_pSTEC299_1_complete_sequence	genome	-	NZ_CP022280.1	at_nt_srnb_srnc	unknown	blastn	0	32959	32898	61	0	0	0	191691
1766bat	Escherichia_albertii_strain_ChinaSP140150_plasmid_pEA_1_complete_sequence	genome	-	NZ_CP025677.1	at_nt_srnb_srnc	unknown	blastn	0	21690	21629	61	0	0	0	129356
1508bat	Escherichia_coli_strain_C5_plasmid_B_complete_genome	genome	-	NZ_CP010124.1	at_nt_srnb_srnc	unknown	blastn	0	48149	48088	61	0	0	0	86032
1513bat	Escherichia_coli_strain_06_00048_plasmid_pCFSAN004178P_02_complete_sequence	genome	-	NZ_CP012498.1	at_nt_srnb_srnc	unknown	blastn	0	138699	138638	61	0	0	0	213847
2761bat	Escherichia_coli_strain_2015C_3125_plasmid_unnamed2_complete_sequence	genome	+	NZ_CP027765.1	at_nt_srnb_srnc	unknown	blastn	0	18015	18076	61	0	0	0	66388
1554bat	Escherichia_coli_O25b_H4_plasmid_complete_sequence	genome	-	NZ_CP015086.1	at_nt_srnb_srnc	unknown	blastn	0	95850	95790	60	0	0	0	130920
1539bat	Escherichia_coli_strain_E_1246_plasmid_pE1246_1_complete_sequence	genome	-	NZ_CP025574.1	at_nt_srnb_srnc	unknown	blastn	0	121974	121913	61	0	0	0	129195
1516bat	Escherichia_coli_strain_08_00022_plasmid_pCFSAN004179G_complete_sequence	genome	-	NZ_CP012501.1	at_nt_srnb_srnc	unknown	blastn	0	1794	1733	61	0	0	0	242187
1663bat	Escherichia_coli_1303_plasmid_p1303_109_complete_sequence	genome	-	NZ_CP009167.1	at_nt_srnb_srnc	unknown	blastn	0	107630	107569	61	0	0	0	108501
1895bat	Escherichia_coli_strain_2011C_3911_plasmid_unnamed1_complete_sequence	genome	+	NZ_CP015239.1	at_nt_srnb_srnc	unknown	blastn	0	51596	51657	61	0	0	0	125977
2622bat	Escherichia_coli_O43_str_RM10042_plasmid_pRM10042_2_complete_sequence	genome	+	NZ_CP028121.1	at_nt_srnb_srnc	unknown	blastn	0	59015	59074	59	0	0	0	109466
1259bat	Escherichia_coli_O178_H19_strain_2012C_4431_plasmid_unnamed2_complete_sequence	genome	+	NZ_CP024291.1	at_nt_srnb_srnc	unknown	blastn	0	63929	63990	61	0	0	0	111697
2366bat	Escherichia_coli_O26_H11_str_11368_plasmid_pO26_2_DNA_complete_sequence	genome	-	NC_013362.1	at_nt_srnb_srnc	unknown	blastn	0	62330	62269	61	0	0	0	63365
1683bat	Salmonella_enterica_strain_SA20051401_plasmid_pSA20051401_1_complete_sequence	genome	-	NZ_CP030197.1	at_nt_srnb_srnc	unknown	blastn	0	139377	139317	60	0	0	0	141502
2195bat	Salmonella_enterica_subsp_enterica_serovar_Minnesota_strain_CFSAN017963_plasmid_pCFSAN017963_01_comp	genome	-	NZ_CP017721.1	at_nt_srnb_srnc	unknown	blastn	0	177991	177930	61	0	0	0	280421
57584bt	Escherichia_albertii_strain_05_3106_plasmid_unnamed1_complete_sequence	genome	-	NZ_CP030779.2	t_nt_srnb_srnc	unknown	blastn	0	39377	39228	149	0	0	0	56603
57586bt	Escherichia_coli_strain_C5_plasmid_A_complete_genome	genome	-	NZ_CP010123.1	t_nt_srnb_srnc	unknown	blastn	0	27218	27069	149	0	0	0	214445
57704bt	Escherichia_albertii_strain_07_3866_plasmid_unnamed_complete_sequence	genome	+	NZ_CP030782.1	t_nt_srnb_srnc	unknown	blastn	0	8706	8855	149	0	0	0	104269
57708bt	Salmonella_enterica_strain_SA20051401_plasmid_pSA20051401_1_complete_sequence	genome	+	NZ_CP030197.1	t_nt_srnb_srnc	unknown	blastn	0	139422	139571	149	0	0	0	141502
57706bt	Salmonella_enterica_subsp_enterica_serovar_Poona_str_ATCC_BAA_1673_plasmid_pATCCBAA1673_01_complete_	genome	+	NZ_CP019190.1	t_nt_srnb_srnc	unknown	blastn	0	44023	44172	149	0	0	0	186451
57737bt	Salmonella_enterica_subsp_enterica_serovar_Minnesota_strain_CFSAN017963_plasmid_pCFSAN017963_01_comp	genome	+	NZ_CP017721.1	t_nt_srnb_srnc	unknown	blastn	0	178034	178183	149	0	0	0	280421
57732bt	Escherichia_coli_O25_H16_strain_F5505_C1_plasmid_unnamed1_complete_sequence	genome	-	NZ_CP024258.1	t_nt_srnb_srnc	unknown	blastn	0	2945	2796	149	0	0	0	96607
57657bt	Escherichia_coli_strain_C5_plasmid_B_complete_genome	genome	+	NZ_CP010124.1	t_nt_srnb_srnc	unknown	blastn	0	48193	48342	149	0	0	0	86032
57698bt	Escherichia_coli_ECC_1470_plasmid_pECC_1470_100_complete_sequence	genome	+	NZ_CP010345.1	t_nt_srnb_srnc	unknown	blastn	0	99239	99388	149	0	0	0	100061
57587bt	Escherichia_coli_strain_2013C_4282_plasmid_unnamed1	genome	+	NZ_CP027580.1	t_nt_srnb_srnc	unknown	blastn	0	35591	35740	149	0	0	0	54544
57692bt	Escherichia_coli_O26_H11_str_11368_plasmid_pO26_2_DNA_complete_sequence	genome	+	NC_013362.1	t_nt_srnb_srnc	unknown	blastn	0	62374	62523	149	0	0	0	63365
57728bt	Escherichia_coli_strain_06_00048_plasmid_pCFSAN004178P_02_complete_sequence	genome	+	NZ_CP012498.1	t_nt_srnb_srnc	unknown	blastn	0	138745	138894	149	0	0	0	213847
57760bt	Klebsiella_pneumoniae_strain_INF237_plasmid_pINF237_03_complete_sequence	genome	+	NZ_CP032836.1	t_nt_srnb_srnc	unknown	blastn	0	72953	73102	149	0	0	0	76772
57734bt	Escherichia_coli_JJ1887_plasmid_pJJ1887_5_complete_sequence	genome	-	NZ_CP014320.1	t_nt_srnb_srnc	unknown	blastn	0	996	847	149	0	0	0	130603
57690bt	Escherichia_coli_O91_str_RM7190_plasmid_pRM7190_2_complete_sequence	genome	+	NZ_CP015246.1	t_nt_srnb_srnc	unknown	blastn	0	40063	40212	149	0	0	0	118513
57684bt	Escherichia_coli_strain_2011C_3911_plasmid_unnamed1_complete_sequence	genome	-	NZ_CP015239.1	t_nt_srnb_srnc	unknown	blastn	0	51552	51403	149	0	0	0	125977
57856bt	Escherichia_coli_strain_ATCC_43896_plasmid_unnamed2	genome	+	NZ_CP024280.1	t_nt_srnb_srnc	unknown	blastn	0	1	129	128	0	0	0	52655
57693bt	Escherichia_coli_KLY_complete_genome	genome	+	NZ_CP008801.1	t_nt_srnb_srnc	unknown	blastn	0	3058641	3058790	149	0	0	0	4718545
57730bt	Escherichia_coli_O43_str_RM10042_plasmid_pRM10042_2_complete_sequence	genome	-	NZ_CP028121.1	t_nt_srnb_srnc	unknown	blastn	0	58970	58821	149	0	0	0	109466
70523bt	Escherichia_coli_strain_00_3279_plasmid_unnamed2_complete_sequence	chromosome	-	NZ_CP024295.1	t_nt_srnb_srnc	unknown	blastn	0	84160	84011	149	0	0	0	103995
57784bt	Escherichia_albertii_strain_ChinaSP140150_plasmid_pEA_1_complete_sequence	genome	+	NZ_CP025677.1	t_nt_srnb_srnc	unknown	blastn	0	21733	21882	149	0	0	0	129356
57644bt	Escherichia_coli_E2855_plasmid_pE2855_5_DNA_complete_genome	genome	+	NZ_AP018801.1	t_nt_srnb_srnc	unknown	blastn	0	70299	70448	149	0	0	0	71289
57723bt	Escherichia_coli_strain_2015C_3125_plasmid_unnamed2_complete_sequence	genome	-	NZ_CP027765.1	t_nt_srnb_srnc	unknown	blastn	0	17972	17823	149	0	0	0	66388
57703bt	Escherichia_albertii_strain_2014C_4356_plasmid_unnamed4_complete_sequence	genome	-	NZ_CP024286.1	t_nt_srnb_srnc	unknown	blastn	0	42533	42384	149	0	0	0	113727
57733bt	Escherichia_coli_0127_H6_E2348_69_plasmid_pMAR2_strain_E2348_69	genome	-	NC_011603.1	t_nt_srnb_srnc	unknown	blastn	0	32960	32811	149	0	0	0	97978
57783bt	Escherichia_coli_strain_2012C_4221_plasmid_unnamed1_complete_sequence	genome	-	NZ_CP027438.1	t_nt_srnb_srnc	unknown	blastn	0	33076	32927	149	0	0	0	74904
57845bt	Escherichia_coli_strain_14EC029_plasmid_p14EC029d_complete_sequence	genome	+	NZ_CP024145.1	t_nt_srnb_srnc	unknown	blastn	0	66657	66806	149	0	0	0	106478
57858bt	Escherichia_coli_strain_300709_plasmid_p300709_97_complete_sequence	genome	+	NZ_CP025904.1	t_nt_srnb_srnc	unknown	blastn	0	75929	76078	149	0	0	0	97878
57701bt	Escherichia_coli_APEC_IMT5155_plasmid_p1ColV5155_complete_sequence	genome	-	NZ_CP005931.1	t_nt_srnb_srnc	unknown	blastn	0	34868	34719	149	0	0	0	194170
57722bt	Escherichia_coli_strain_210205630_plasmid_pSLy2_complete_sequence	genome	-	NZ_CP015914.1	t_nt_srnb_srnc	unknown	blastn	0	10683	10534	149	0	0	0	129035
57736bt	Escherichia_coli_strain_14EC033_plasmid_p14EC033d_complete_sequence	genome	-	NZ_CP024151.1	t_nt_srnb_srnc	unknown	blastn	0	42472	42323	149	0	0	0	97858
57782bt	Escherichia_coli_strain_C3_plasmid_A_complete_sequence	genome	-	NZ_CP010120.1	t_nt_srnb_srnc	unknown	blastn	0	25624	25475	149	0	0	0	63684
57850bt	Escherichia_coli_strain_CI5_plasmid_complete_sequence	genome	-	NZ_CP011019.1	t_nt_srnb_srnc	unknown	blastn	0	85929	85775	154	0	0	0	207265
57787bt	Escherichia_coli_O178_H19_strain_2012C_4431_plasmid_unnamed2_complete_sequence	genome	-	NZ_CP024291.1	t_nt_srnb_srnc	unknown	blastn	0	63885	63736	149	0	0	0	111697
57798bt	Escherichia_coli_strain_AR_0077_plasmid_tig00000042_pilon_complete_sequence	genome	-	NZ_CP026754.1	t_nt_srnb_srnc	unknown	blastn	0	43866	43717	149	0	0	0	90045
58119bt	Escherichia_coli_strain_Es_ST2350_SE1_NDM_03_2018_plasmid_pEsST2350_SE_2_complete_sequence	genome	+	NZ_CP031323.1	t_nt_srnb_srnc	unknown	blastn	0	59982	60131	149	0	0	0	82461
57841bt	Escherichia_coli_O25b_H4_plasmid_complete_sequence	genome	+	NZ_CP015086.1	t_nt_srnb_srnc	unknown	blastn	0	95895	96042	147	0	0	0	130920
57796bt	Escherichia_coli_O169_H41_strain_2014EL_1345_2_plasmid_unnamed4_complete_sequence	genome	-	NZ_CP024227.1	t_nt_srnb_srnc	unknown	blastn	0	104619	104470	149	0	0	0	145086
57786bt	Escherichia_coli_strain_510016_plasmid_p510016_29_complete_sequence	genome	+	NZ_CP025852.1	t_nt_srnb_srnc	unknown	blastn	0	27298	27447	149	0	0	0	29775
57785bt	Escherichia_coli_strain_RM14721_plasmid_pRM14721_complete_sequence	genome	-	NZ_CP027106.1	t_nt_srnb_srnc	unknown	blastn	0	103790	103641	149	0	0	0	106432
57775bt	Escherichia_coli_strain_STEC299_plasmid_pSTEC299_1_complete_sequence	genome	+	NZ_CP022280.1	t_nt_srnb_srnc	unknown	blastn	0	33002	33151	149	0	0	0	191691
57793bt	Escherichia_coli_strain_08_00022_plasmid_pCFSAN004179G_complete_sequence	genome	+	NZ_CP012501.1	t_nt_srnb_srnc	unknown	blastn	0	1837	1986	149	0	0	0	242187
57804bt	Escherichia_albertii_strain_05_3106_plasmid_unnamed2_complete_sequence	genome	-	NZ_CP030780.2	t_nt_srnb_srnc	unknown	blastn	0	16621	16472	149	0	0	0	80632
57803bt	Escherichia_albertii_strain_2012EL_1823B_plasmid_unnamed3_complete_sequence	genome	-	NZ_CP030786.2	t_nt_srnb_srnc	unknown	blastn	0	70100	69951	149	0	0	0	105846
57846bt	Escherichia_coli_E24377A_plasmid_pETEC_35_complete_sequence	genome	-	NC_009787.1	t_nt_srnb_srnc	unknown	blastn	0	30851	30702	149	0	0	0	34367
57852bt	Escherichia_coli_strain_CV839_15_chromosome_complete_genome	genome	-	NZ_CP024978.1	t_nt_srnb_srnc	unknown	blastn	0	4069987	4069838	149	0	0	0	4917635
57851bt	Escherichia_coli_strain_M8_plasmid_A_complete_genome	genome	-	NZ_CP010192.1	t_nt_srnb_srnc	unknown	blastn	0	103187	103038	149	0	0	0	162720
16170bt	Aeromonas_salmonicida_strain_S121_chromosome_complete_genome	genome	-	NZ_CP022175.1	t_pro_srnb_srnc	unknown	tblastn	0	3951200	3951035	165	0	0	0	4723196
16077bt	Aeromonas_salmonicida_strain_S121_plasmid_pS121_2_complete_sequence	genome	-	NZ_CP022171.1	t_pro_srnb_srnc	unknown	tblastn	0	22204	22039	165	0	0	0	70855
16079bt	Aeromonas_salmonicida_subsp_salmonicida_A449_plasmid_5_complete_sequence	genome	+	NC_009350.1	t_pro_srnb_srnc	unknown	tblastn	0	142237	142402	165	0	0	0	155098
1606bt	Aliivibrio_salmonicida_LFI1238_plasmid_pVSAL840_complete_genome	genome	+	NC_011311.1	t_pro_srnb_srnc	unknown	tblastn	0	35015	35180	165	0	0	0	83540
1340bt	Vibrio_fischeri_ES114_plasmid_pES100_complete_sequence	genome	+	NC_006842.1	t_pro_srnb_srnc	unknown	tblastn	0	5537	5702	165	0	0	0	45849
1246bt	Aliivibrio_salmonicida_LFI1238_plasmid_pVSAL320_complete_genome	genome	+	NC_011314.1	t_pro_srnb_srnc	unknown	tblastn	0	14903	15068	165	0	0	0	30807
2085bt	Cronobacter_dublinensis_subsp_dublinensis_LMG_23823_complete_genome	genome	-	NZ_CP012266.1	t_pro_srnb_srnc	unknown	tblastn	0	4286495	4286332	163	0	0	0	4431067
11263bt	Cronobacter_muytjensii_ATCC_51329_complete_genome	genome	+	NZ_CP012268.1	t_pro_srnb_srnc	unknown	tblastn	0	4219236	4219399	163	0	0	0	4364114
2080bt	Cronobacter_malonaticus_LMG_23826_complete_genome	genome	-	NZ_CP013940.1	t_pro_srnb_srnc	unknown	tblastn	0	3949147	3948984	163	0	0	0	4294639
2079bt	Cronobacter_universalis_NCTC_9529_complete_genome	genome	-	NZ_CP012257.1	t_pro_srnb_srnc	unknown	tblastn	0	4105084	4104921	163	0	0	0	4307096
11264bt	Cronobacter_sakazakii_ATCC_BAA_894_complete_genome	genome	+	NC_009778.1	t_pro_srnb_srnc	unknown	tblastn	0	4128300	4128463	163	0	0	0	4368373
11257bt	Cronobacter_sakazakii_ES15_complete_genome	genome	+	NC_017933.1	t_pro_srnb_srnc	unknown	tblastn	0	158193	158356	163	0	0	0	4268675
11271bt	Cronobacter_sakazakii_strain_GZcsf_1_chromosome_complete_genome	genome	+	NZ_CP028974.1	t_pro_srnb_srnc	unknown	tblastn	0	190916	191079	163	0	0	0	4432028
2084bt	Cronobacter_turicensis_z3032_complete_genome	genome	-	NC_013282.2	t_pro_srnb_srnc	unknown	tblastn	0	4225340	4225177	163	0	0	0	4384463
2135bt	Atlantibacter_hermannii_strain_NCTC12129_genome_assembly_chromosome_1	genome	+	NZ_LR134136.1	t_pro_srnb_srnc	unknown	tblastn	0	111753	111925	172	0	0	0	4553773
21207bt	Citrobacter_amalonaticus_Y19_complete_genome	genome	+	NZ_CP011132.1	t_pro_srnb_srnc	unknown	tblastn	0	573519	573680	161	0	0	0	5584358
21209bt	Citrobacter_amalonaticus_strain_FDAARGOS_122_complete_genome	genome	+	NZ_CP014015.2	t_pro_srnb_srnc	unknown	tblastn	0	3315521	3315682	161	0	0	0	4904719
22488bt	Citrobacter_rodentium_ICC168_complete_genome	genome	+	NC_013716.1	t_pro_srnb_srnc	unknown	tblastn	0	639284	639447	163	0	0	0	5346659
21897bt	Escherichia_albertii_DNA_complete_genome_strain_CB9786	genome	+	NZ_AP014856.1	t_pro_srnb_srnc	unknown	tblastn	0	583260	583423	163	0	0	0	4598983
21286bt	Escherichia_albertii_DNA_complete_genome_strain_EC06_170	genome	+	NZ_AP014857.1	t_pro_srnb_srnc	unknown	tblastn	0	583110	583271	161	0	0	0	4657167
23005bt	Escherichia_albertii_strain_NCTC_9362_chromosome_complete_genome	genome	-	NZ_CP034213.1	t_pro_srnb_srnc	unknown	tblastn	0	1744470	1744309	161	0	0	0	4551125
24082bt	Escherichia_coli_'BL21_Gold(DE3)pLysS_AG'_complete_genome	genome	-	NC_012947.1	t_pro_srnb_srnc	unknown	tblastn	0	3214059	3213898	161	0	0	0	4570938
18000bt	Escherichia_coli_strain_Ecol_AZ155_chromosome_complete_genome	genome	+	NZ_CP019005.1	t_pro_srnb_srnc	unknown	tblastn	0	1960983	1961144	161	0	0	0	4690903
21931bt	Escherichia_coli_strain_510016_chromosome_complete_genome	genome	+	NZ_CP025851.1	t_pro_srnb_srnc	unknown	tblastn	0	3920065	3920228	163	0	0	0	4885058
24086bt	Escherichia_coli_strain_CP53_chromosome_complete_genome	genome	-	NZ_CP033096.1	t_pro_srnb_srnc	unknown	tblastn	0	3320207	3320046	161	0	0	0	4623817
25544bt	Escherichia_coli_0127_H6_E2348_69_complete_genome_strain_E2348_69	genome	+	NC_011601.1	t_pro_srnb_srnc	unknown	tblastn	0	540255	540416	161	0	0	0	4965553
22546bt	Escherichia_coli_strain_C4_complete_genome	genome	-	NZ_CP010121.1	t_pro_srnb_srnc	unknown	tblastn	0	3743144	3742981	163	0	0	0	4990476
25539bt	Escherichia_coli_SE15_DNA_complete_genome	genome	+	NC_013654.1	t_pro_srnb_srnc	unknown	tblastn	0	571782	571943	161	0	0	0	4717338
18452bt	Escherichia_coli_APEC_O2_211_chromosome_complete_genome	genome	+	NZ_CP006834.2	t_pro_srnb_srnc	unknown	tblastn	0	1615237	1615398	161	0	0	0	5114241
24036bt	Escherichia_fergusonii_ATCC_35469_chromosome_complete_genome	genome	-	NC_011740.1	t_pro_srnb_srnc	unknown	tblastn	0	2591530	2591369	161	0	0	0	4588711
17797bt	Escherichia_coli_IAI39_chromosome_complete_genome	genome	+	NC_011750.1	t_pro_srnb_srnc	unknown	tblastn	0	587525	587686	161	0	0	0	5132068
17767bt	Escherichia_coli_strain_AR_0013_chromosome_complete_genome	genome	-	NZ_CP032204.1	t_pro_srnb_srnc	unknown	tblastn	0	5188331	5188170	161	0	0	0	5410835
19048bt	Escherichia_coli_strain_06_00048_chromosome_complete_genome	genome	+	NZ_CP015229.1	t_pro_srnb_srnc	unknown	tblastn	0	697476	697637	161	0	0	0	5498453
21348bt	Escherichia_coli_strain_CFSAN018748_chromosome_complete_genome	genome	-	NZ_CP028192.1	t_pro_srnb_srnc	unknown	tblastn	0	3965036	3964875	161	0	0	0	5071057
18414bt	Escherichia_coli_042_complete_genome	genome	+	NC_017626.1	t_pro_srnb_srnc	unknown	tblastn	0	685959	686120	161	0	0	0	5241977
18414bt	Escherichia_coli_042_complete_genome	genome	+	NC_017626.1	t_pro_srnb_srnc	unknown	tblastn	0	686461	686622	161	0	0	0	5241977
17758bt	Escherichia_coli_PCN033_complete_genome	genome	+	NZ_CP006632.1	t_pro_srnb_srnc	unknown	tblastn	0	669025	669186	161	0	0	0	4987957
25501bt	Escherichia_coli_strain_1428_chromosome_complete_genome	genome	-	NZ_CP023366.1	t_pro_srnb_srnc	unknown	tblastn	0	3506245	3506084	161	0	0	0	4986712
18431bt	Escherichia_coli_DNA_complete_genome_strain_MRY15_117	genome	+	NZ_AP017617.1	t_pro_srnb_srnc	unknown	tblastn	0	623013	623174	161	0	0	0	5117319
100601bt	Escherichia_coli_strain_2016C_3936C1_chromosome_complete_genome	chromosome	-	NZ_CP018770.2	t_pro_srnb_srnc	unknown	tblastn	0	3366903	3366742	161	0	0	0	5060620
100510bt	Escherichia_coli_ED1a_chromosome_complete_genome	chromosome	+	NC_011745.1	t_pro_srnb_srnc	unknown	tblastn	0	597982	598143	161	0	0	0	5209548
100512bt	Escherichia_coli_strain_SYNB1618_chromosome	chromosome	+	NZ_CP031157.1	t_pro_srnb_srnc	unknown	tblastn	0	656334	656495	161	0	0	0	5456795
22567bt	Escherichia_coli_strain_HS13_1_chromosome_complete_genome	genome	+	NZ_CP026491.1	t_pro_srnb_srnc	unknown	tblastn	0	4335372	4335535	163	0	0	0	5087117
19067bt	Escherichia_coli_strain_FHI_NMBU_03_chromosome_complete_genome	genome	+	NZ_CP019455.1	t_pro_srnb_srnc	unknown	tblastn	0	3223943	3224104	161	0	0	0	4685056
21926bt	Escherichia_coli_O145_H28_str_RM12761_complete_genome	genome	+	NZ_CP007133.1	t_pro_srnb_srnc	unknown	tblastn	0	599403	599566	163	0	0	0	5402281
25487bt	Escherichia_coli_O157_H16_strain_Santai_complete_genome	genome	+	NZ_CP007592.1	t_pro_srnb_srnc	unknown	tblastn	0	947361	947522	161	0	0	0	5104557
22826bt	Shigella_boydii_strain_54_1621_chromosome_complete_genome	genome	-	NZ_CP026810.1	t_pro_srnb_srnc	unknown	tblastn	0	3020271	3020110	161	0	0	0	4531304
22489bt	Shigella_dysenteriae_Sd197_chromosome_complete_genome	genome	+	NC_007606.1	t_pro_srnb_srnc	unknown	tblastn	0	493718	493881	163	0	0	0	4369232
18261bt	Escherichia_coli_JJ1886_complete_genome	genome	+	NC_022648.1	t_pro_srnb_srnc	unknown	tblastn	0	609163	609324	161	0	0	0	5129938
21926bt	Escherichia_coli_O145_H28_str_RM12761_complete_genome	genome	+	NZ_CP007133.1	t_pro_srnb_srnc	unknown	tblastn	0	598900	599063	163	0	0	0	5402281
21918bt	Escherichia_coli_strain_88_3493_chromosome_complete_genome	genome	-	NZ_CP027457.1	t_pro_srnb_srnc	unknown	tblastn	0	475763	475600	163	0	0	0	5001754
21896bt	Escherichia_coli_strain_DSM_103246_chromosome_complete_genome	genome	-	NZ_CP019944.1	t_pro_srnb_srnc	unknown	tblastn	0	3765030	3764869	161	0	0	0	5445834
21870bt	Escherichia_coli_strain_EC1515_chromosome_complete_genome	genome	-	NZ_CP021844.1	t_pro_srnb_srnc	unknown	tblastn	0	3601317	3601156	161	0	0	0	5167363
25487bt	Escherichia_coli_O157_H16_strain_Santai_complete_genome	genome	+	NZ_CP007592.1	t_pro_srnb_srnc	unknown	tblastn	0	946858	947019	161	0	0	0	5104557
21966bt	Shigella_flexneri_1a_strain_0228_complete_genome	genome	-	NZ_CP012735.1	t_pro_srnb_srnc	unknown	tblastn	0	4470899	4470738	161	0	0	0	4698633
19091bt	Escherichia_coli_O157_H7_pv15_279_DNA_complete_genome	genome	+	NZ_AP018488.1	t_pro_srnb_srnc	unknown	tblastn	0	683599	683760	161	0	0	0	5598155
22489bt	Shigella_dysenteriae_Sd197_chromosome_complete_genome	genome	+	NC_007606.1	t_pro_srnb_srnc	unknown	tblastn	0	481280	481443	163	0	0	0	4369232
19683bt	Escherichia_coli_strain_2012C_4221_chromosome_complete_genome	genome	-	NZ_CP027437.1	t_pro_srnb_srnc	unknown	tblastn	0	1554090	1553929	161	0	0	0	5012557
2088bt	Escherichia_coli_strain_2013C_4282_chromosome_complete_genome	genome	-	NZ_CP027579.1	t_pro_srnb_srnc	unknown	tblastn	0	2036357	2036196	161	0	0	0	5030044
100392bt	Escherichia_coli_strain_89_3506_isolate_89_3506_chromosome	chromosome	+	NZ_CP027520.1	t_pro_srnb_srnc	unknown	tblastn	0	3698346	3698507	161	0	0	0	5178486
24036bt	Escherichia_fergusonii_ATCC_35469_chromosome_complete_genome	genome	-	NC_011740.1	t_pro_srnb_srnc	unknown	tblastn	0	2591027	2590866	161	0	0	0	4588711
100393bt	Escherichia_coli_strain_89_3506_isolate_89_3506_chromosome	chromosome	+	NZ_CP027520.1	t_pro_srnb_srnc	unknown	tblastn	0	3697851	3698012	161	0	0	0	5178486
100515bt	Escherichia_fergusonii_ECD227_chromosome_whole_genome_shotgun_sequence	chromosome	-	NZ_CM001142.1	t_pro_srnb_srnc	unknown	tblastn	0	2623949	2623788	161	0	0	0	4509864
18728bt	Escherichia_coli_55989_chromosome_complete_genome	genome	+	NC_011748.1	t_pro_srnb_srnc	unknown	tblastn	0	624248	624409	161	0	0	0	5154862
100433bt	Escherichia_coli_strain_BR02_DEC_chromosome	chromosome	+	NZ_CP035320.1	t_pro_srnb_srnc	unknown	tblastn	0	774124	774285	161	0	0	0	5025753
100418bt	Escherichia_coli_strain_UFU_EC98_chromosome	chromosome	-	NZ_CP024092.1	t_pro_srnb_srnc	unknown	tblastn	0	937100	936939	161	0	0	0	4849850
18481bt	Escherichia_coli_E24377A_complete_genome	genome	+	NC_009801.1	t_pro_srnb_srnc	unknown	tblastn	0	631359	631520	161	0	0	0	4979619
18516bt	Escherichia_coli_E2865_DNA_complete_genome	genome	+	NZ_AP018808.1	t_pro_srnb_srnc	unknown	tblastn	0	693405	693566	161	0	0	0	5678205
24128bt	Escherichia_coli_strain_AR_0061_complete_genome	genome	-	NZ_CP020058.1	t_pro_srnb_srnc	unknown	tblastn	0	1619102	1618939	163	0	0	0	4595238
17765bt	Escherichia_coli_strain_2013C_3264_chromosome_complete_genome	genome	+	NZ_CP027544.1	t_pro_srnb_srnc	unknown	tblastn	0	4534561	4534722	161	0	0	0	5486407
22416bt	Escherichia_coli_strain_2013C_3250_chromosome_complete_genome	genome	-	NZ_CP027380.1	t_pro_srnb_srnc	unknown	tblastn	0	3645563	3645402	161	0	0	0	5401672
18574bt	Escherichia_coli_strain_2013C_3277_chromosome_complete_genome	genome	+	NZ_CP027331.1	t_pro_srnb_srnc	unknown	tblastn	0	5394084	5394245	161	0	0	0	5438694
22157bt	Escherichia_coli_strain_NCTC11476_genome_assembly_chromosome_1	genome	-	NZ_LR134209.1	t_pro_srnb_srnc	unknown	tblastn	0	3422387	3422226	161	0	0	0	4809759
25657bt	Escherichia_coli_ACN001_complete_genome	genome	+	NZ_CP007442.1	t_pro_srnb_srnc	unknown	tblastn	0	579378	579539	161	0	0	0	4936576
17785bt	Escherichia_coli_strain_2012C_4227_complete_genome	genome	+	NZ_CP013029.1	t_pro_srnb_srnc	unknown	tblastn	0	1069547	1069708	161	0	0	0	5202850
18059bt	Shigella_boydii_strain_NCTC_9850_chromosome_complete_genome	genome	+	NZ_CP026762.1	t_pro_srnb_srnc	unknown	tblastn	0	137327	137488	161	0	0	0	4575797
18728bt	Escherichia_coli_55989_chromosome_complete_genome	genome	+	NC_011748.1	t_pro_srnb_srnc	unknown	tblastn	0	624751	624912	161	0	0	0	5154862
18558bt	Escherichia_coli_E2855_DNA_complete_genome	genome	+	NZ_AP018796.1	t_pro_srnb_srnc	unknown	tblastn	0	637991	638152	161	0	0	0	5470440
25512bt	Escherichia_coli_strain_00_3076_chromosome_complete_genome	genome	+	NZ_CP027584.1	t_pro_srnb_srnc	unknown	tblastn	0	324367	324528	161	0	0	0	4997979
17780bt	Escherichia_coli_strain_2012EL_2448_chromosome_complete_genome	genome	+	NZ_CP027586.1	t_pro_srnb_srnc	unknown	tblastn	0	3817734	3817895	161	0	0	0	5272286
22622bt	Shigella_dysenteriae_strain_CFSAN010956_chromosome_complete_genome	genome	-	NZ_CP026827.1	t_pro_srnb_srnc	unknown	tblastn	0	2504659	2504498	161	0	0	0	4558619
17883bt	Escherichia_coli_strain_503025_chromosome_complete_genome	genome	+	NZ_CP025892.1	t_pro_srnb_srnc	unknown	tblastn	0	453304	453465	161	0	0	0	4911268
19073bt	Escherichia_coli_strain_NCTC11133_genome_assembly_chromosome_1	genome	+	NZ_LR134340.1	t_pro_srnb_srnc	unknown	tblastn	0	1250726	1250887	161	0	0	0	4450344
22077bt	Escherichia_marmotae_strain_HT073016_chromosome_complete_genome	genome	-	NZ_CP025979.1	t_pro_srnb_srnc	unknown	tblastn	0	1876086	1875925	161	0	0	0	4671322
18493bt	Escherichia_coli_strain_WB61_chromosome_complete_genome	genome	+	NZ_CP020025.1	t_pro_srnb_srnc	unknown	tblastn	0	1284302	1284474	172	0	0	0	4687045
100606bt	Citrobacter_freundii_strain_BD_genome	chromosome	+	NZ_CP018810.1	t_pro_srnb_srnc	unknown	tblastn	0	3145725	3145886	161	0	0	0	5098116
16346bt	Citrobacter_sp_LY_1_chromosome_complete_genome	genome	-	NZ_CP037864.1	t_pro_srnb_srnc	unknown	tblastn	0	4159774	4159611	163	0	0	0	5211009
17715bt	Citrobacter_braakii_strain_FDAARGOS_253_chromosome_complete_genome	genome	+	NZ_CP020448.2	t_pro_srnb_srnc	unknown	tblastn	0	4590395	4590556	161	0	0	0	5244290
17714bt	Citrobacter_freundii_strain_FDAARGOS_61_chromosome_complete_genome	genome	+	NZ_CP026045.1	t_pro_srnb_srnc	unknown	tblastn	0	2251770	2251931	161	0	0	0	5258481
16345bt	Citrobacter_freundii_strain_CRCB_101_chromosome_complete_genome	genome	-	NZ_CP024819.1	t_pro_srnb_srnc	unknown	tblastn	0	4921557	4921396	161	0	0	0	5311319
21271bt	Citrobacter_freundii_complex_sp_CFNIH4_chromosome_complete_genome	genome	-	NZ_CP026231.1	t_pro_srnb_srnc	unknown	tblastn	0	3267125	3266964	161	0	0	0	5079781
17730bt	Citrobacter_freundii_isolate_Citrobacter_freundii_str_U2785_genome_assembly_chromosome_1	genome	+	NZ_LS992183.1	t_pro_srnb_srnc	unknown	tblastn	0	1072630	1072791	161	0	0	0	5009078
24039bt	Citrobacter_freundii_strain_HM38_chromosome_complete_genome	genome	-	NZ_CP024672.1	t_pro_srnb_srnc	unknown	tblastn	0	3206768	3206607	161	0	0	0	4899014
17724bt	Citrobacter_freundii_strain_R17_chromosome_complete_genome	genome	+	NZ_CP035276.1	t_pro_srnb_srnc	unknown	tblastn	0	1103161	1103322	161	0	0	0	5124258
21278bt	Citrobacter_freundii_strain_NCTC9750_genome_assembly_chromosome_1	genome	-	NZ_LR134118.1	t_pro_srnb_srnc	unknown	tblastn	0	3881062	3880901	161	0	0	0	4960737
17722bt	Citrobacter_freundii_strain_705SK3_chromosome_complete_genome	genome	+	NZ_CP022151.1	t_pro_srnb_srnc	unknown	tblastn	0	1031626	1031787	161	0	0	0	5242839
17716bt	Citrobacter_freundii_strain_18_1_chromosome_complete_genome	genome	+	NZ_CP022273.1	t_pro_srnb_srnc	unknown	tblastn	0	4234234	4234395	161	0	0	0	5215381
17738bt	Citrobacter_werkmanii_strain_FDAARGOS_364_chromosome_complete_genome	genome	+	NZ_CP023504.1	t_pro_srnb_srnc	unknown	tblastn	0	727376	727537	161	0	0	0	4885099
18113bt	Enterobacter_lignolyticus_SCF1_complete_genome	genome	+	NC_014618.1	t_pro_srnb_srnc	unknown	tblastn	0	992853	993014	161	0	0	0	4814049
18067bt	Escherichia_coli_'BL21_Gold(DE3)pLysS_AG'_complete_genome	genome	+	NC_012947.1	t_pro_srnb_srnc	unknown	tblastn	0	1020432	1020593	161	0	0	0	4570938
18216bt	Shigella_dysenteriae_strain_ATCC_9754_chromosome_complete_genome	genome	-	NZ_CP026842.1	t_pro_srnb_srnc	unknown	tblastn	0	3050421	3050260	161	0	0	0	4588477
17796bt	Escherichia_coli_IAI39_chromosome_complete_genome	genome	-	NC_011750.1	t_pro_srnb_srnc	unknown	tblastn	0	3047026	3046865	161	0	0	0	5132068
18661bt	Escherichia_coli_strain_2014C_3061_chromosome_complete_genome	genome	+	NZ_CP027548.1	t_pro_srnb_srnc	unknown	tblastn	0	232637	232798	161	0	0	0	5303935
16136bt	Enterobacteriaceae_bacterium_strain_FGI_57_complete_genome	genome	+	NC_020063.1	t_pro_srnb_srnc	unknown	tblastn	0	963708	963869	161	0	0	0	4762179
18157bt	Escherichia_coli_strain_504237_chromosome_complete_genome	genome	-	NZ_CP025862.1	t_pro_srnb_srnc	unknown	tblastn	0	3442208	3442047	161	0	0	0	5022230
18111bt	Escherichia_albertii_strain_1551_2_chromosome_complete_genome	genome	-	NZ_CP025317.1	t_pro_srnb_srnc	unknown	tblastn	0	2830856	2830695	161	0	0	0	4730877
18443bt	Escherichia_albertii_strain_2013C_4143_chromosome_complete_genome	genome	-	NZ_CP030787.2	t_pro_srnb_srnc	unknown	tblastn	0	3555721	3555560	161	0	0	0	4659709
16616bt	Escherichia_albertii_DNA_complete_genome_strain_EC06_170	genome	-	NZ_AP014857.1	t_pro_srnb_srnc	unknown	tblastn	0	2817311	2817150	161	0	0	0	4657167
25545bt	Escherichia_coli_0127_H6_E2348_69_complete_genome_strain_E2348_69	genome	-	NC_011601.1	t_pro_srnb_srnc	unknown	tblastn	0	3112807	3112646	161	0	0	0	4965553
16617bt	Escherichia_albertii_DNA_complete_genome_strain_NIAH_Bird_3	genome	-	NZ_AP014855.1	t_pro_srnb_srnc	unknown	tblastn	0	2706591	2706430	161	0	0	0	4560575
25679bt	Escherichia_coli_strain_CFSAN051542_chromosome_complete_genome	genome	+	NZ_CP020835.1	t_pro_srnb_srnc	unknown	tblastn	0	1138851	1139012	161	0	0	0	4888773
100394bt	Escherichia_coli_strain_89_3506_isolate_89_3506_chromosome	chromosome	-	NZ_CP027520.1	t_pro_srnb_srnc	unknown	tblastn	0	1012009	1011848	161	0	0	0	5178486
18813bt	Escherichia_coli_O114_H49_strain_90_9280_chromosome_complete_genome	genome	-	NZ_CP024240.1	t_pro_srnb_srnc	unknown	tblastn	0	1951044	1950883	161	0	0	0	4966338
18483bt	Shigella_dysenteriae_strain_ATCC_12039_chromosome_complete_genome	genome	+	NZ_CP026831.1	t_pro_srnb_srnc	unknown	tblastn	0	721702	721863	161	0	0	0	4880735
17759bt	Escherichia_coli_PCN033_complete_genome	genome	-	NZ_CP006632.1	t_pro_srnb_srnc	unknown	tblastn	0	3012661	3012500	161	0	0	0	4987957
18727bt	Escherichia_coli_55989_chromosome_complete_genome	genome	-	NC_011748.1	t_pro_srnb_srnc	unknown	tblastn	0	3103299	3103138	161	0	0	0	5154862
100509bt	Escherichia_coli_strain_Mt1B1_chromosome	chromosome	+	NZ_CP028714.1	t_pro_srnb_srnc	unknown	tblastn	0	2053661	2053822	161	0	0	0	5115630
100491bt	Escherichia_coli_strain_BR10_DEC_chromosome	chromosome	+	NZ_CP035360.1	t_pro_srnb_srnc	unknown	tblastn	0	2082096	2082257	161	0	0	0	5058724
18772bt	Escherichia_coli_O43_str_RM10042_chromosome_complete_genome	genome	-	NZ_CP028122.1	t_pro_srnb_srnc	unknown	tblastn	0	3139313	3139152	161	0	0	0	5057506
18557bt	Escherichia_coli_E2855_DNA_complete_genome	genome	-	NZ_AP018796.1	t_pro_srnb_srnc	unknown	tblastn	0	3521425	3521264	161	0	0	0	5470440
18605bt	Escherichia_coli_O121_H19_strain_16_9255_chromosome_complete_genome	genome	+	NZ_CP022407.1	t_pro_srnb_srnc	unknown	tblastn	0	4920423	4920584	161	0	0	0	5397521
19033bt	Shigella_boydii_strain_54_1621_chromosome_complete_genome	genome	+	NZ_CP026810.1	t_pro_srnb_srnc	unknown	tblastn	0	740992	741153	161	0	0	0	4531304
19045bt	Shigella_flexneri_strain_89_141_chromosome_complete_genome	genome	-	NZ_CP026803.1	t_pro_srnb_srnc	unknown	tblastn	0	585476	585315	161	0	0	0	4481548
19050bt	Escherichia_coli_strain_06_00048_chromosome_complete_genome	genome	-	NZ_CP015229.1	t_pro_srnb_srnc	unknown	tblastn	0	3522850	3522689	161	0	0	0	5498453
19090bt	Escherichia_coli_O157_H7_pv15_279_DNA_complete_genome	genome	-	NZ_AP018488.1	t_pro_srnb_srnc	unknown	tblastn	0	3706812	3706651	161	0	0	0	5598155
19072bt	Escherichia_coli_strain_NCTC11133_genome_assembly_chromosome_1	genome	-	NZ_LR134340.1	t_pro_srnb_srnc	unknown	tblastn	0	3370483	3370322	161	0	0	0	4450344
19070bt	Escherichia_marmotae_strain_HT073016_chromosome_complete_genome	genome	+	NZ_CP025979.1	t_pro_srnb_srnc	unknown	tblastn	0	4293459	4293620	161	0	0	0	4671322
16089bt	Enterobacteriaceae_bacterium_S05_chromosome_complete_genome	genome	+	NZ_CP024784.1	t_pro_srnb_srnc	unknown	tblastn	0	4160206	4160367	161	0	0	0	5157054
19461bt	Klebsiella_pneumoniae_subsp_pneumoniae_strain_SCKP040074_chromosome_complete_genome	genome	-	NZ_CP029388.1	t_pro_srnb_srnc	unknown	tblastn	0	2417869	2417708	161	0	0	0	5288751
20448bt	Klebsiella_pneumoniae_strain_KSB1_10J_chromosome_complete_genome	genome	+	NZ_CP024515.1	t_pro_srnb_srnc	unknown	tblastn	0	1060631	1060794	163	0	0	0	5228900
19432bt	Klebsiella_pneumoniae_CG43_complete_genome	genome	-	NC_022566.1	t_pro_srnb_srnc	unknown	tblastn	0	3293944	3293783	161	0	0	0	5166857
100546bt	Klebsiella_pneumoniae_strain_T4_chromosome	chromosome	+	NZ_CP034540.1	t_pro_srnb_srnc	unknown	tblastn	0	1569288	1569449	161	0	0	0	5385944
100524bt	Klebsiella_pneumoniae_isolate_207M1D0_sc_2013_04_03T11_21_06Z_1606409_genome_assembly_chromosome_1	chromosome	+	NZ_LT216436.1	t_pro_srnb_srnc	unknown	tblastn	0	1375769	1375930	161	0	0	0	5476690
19398bt	Klebsiella_pneumoniae_strain_ATCC_35657_chromosome_complete_genome	genome	-	NZ_CP015134.1	t_pro_srnb_srnc	unknown	tblastn	0	180157	179996	161	0	0	0	5229229
19467bt	Klebsiella_pneumoniae_strain_ABFPV_complete_genome	genome	-	NZ_CP036442.1	t_pro_srnb_srnc	unknown	tblastn	0	4381057	4380894	163	0	0	0	5345730
19456bt	Klebsiella_pneumoniae_strain_11492_chromosome_complete_genome	genome	+	NZ_CP026021.1	t_pro_srnb_srnc	unknown	tblastn	0	1025490	1025651	161	0	0	0	5252687
16068bt	Klebsiella_quasivariicola_strain_KPN1705_chromosome_complete_genome	genome	+	NZ_CP022823.1	t_pro_srnb_srnc	unknown	tblastn	0	1127464	1127625	161	0	0	0	5540188
19329bt	Klebsiella_pneumoniae_strain_CAV1193_complete_genome	genome	+	NZ_CP013322.1	t_pro_srnb_srnc	unknown	tblastn	0	3336376	3336537	161	0	0	0	5319154
19440bt	Klebsiella_pneumoniae_KP_1_complete_genome	genome	-	NZ_CP012883.1	t_pro_srnb_srnc	unknown	tblastn	0	1508645	1508484	161	0	0	0	5180925
16174bt	Klebsiella_variicola_strain_342_complete_genome	genome	+	NC_011283.1	t_pro_srnb_srnc	unknown	tblastn	0	1044024	1044185	161	0	0	0	5641239
16163bt	Klebsiella_pneumoniae_strain_FDAARGOS_531_chromosome_complete_genome	genome	+	NZ_CP033777.1	t_pro_srnb_srnc	unknown	tblastn	0	1709820	1709981	161	0	0	0	5423408
19387bt	Klebsiella_pneumoniae_strain_616_chromosome_complete_genome	genome	+	NZ_CP026495.1	t_pro_srnb_srnc	unknown	tblastn	0	1044139	1044300	161	0	0	0	5246307
19458bt	Klebsiella_pneumoniae_strain_KSB1_7J_chromosome_complete_genome	genome	+	NZ_CP024548.1	t_pro_srnb_srnc	unknown	tblastn	0	1089785	1089946	161	0	0	0	5354543
19433bt	Klebsiella_pneumoniae_strain_FDAARGOS_566_chromosome_1_complete_sequence	genome	-	NZ_CP033756.1	t_pro_srnb_srnc	unknown	tblastn	0	1516659	1516498	161	0	0	0	5305851
19434bt	Klebsiella_pneumoniae_strain_AR_0087_chromosome_complete_genome	genome	+	NZ_CP029738.1	t_pro_srnb_srnc	unknown	tblastn	0	4406832	4406993	161	0	0	0	5347404
19463bt	Klebsiella_pneumoniae_strain_INF078_chromosome_complete_genome	genome	+	NZ_CP032831.1	t_pro_srnb_srnc	unknown	tblastn	0	1007235	1007396	161	0	0	0	5295441
16094bt	Klebsiella_quasipneumoniae_strain_ATCC_700603_chromosome_complete_genome	genome	-	NZ_CP014071.1	t_pro_srnb_srnc	unknown	tblastn	0	5097836	5097675	161	0	0	0	5284722
16088bt	Klebsiella_quasipneumoniae_strain_L22_chromosome_complete_genome	genome	+	NZ_CP031257.1	t_pro_srnb_srnc	unknown	tblastn	0	1056882	1057043	161	0	0	0	5133312
16087bt	Klebsiella_pneumoniae_strain_NCTC11357_genome_assembly_chromosome_1	genome	+	NZ_LR134196.1	t_pro_srnb_srnc	unknown	tblastn	0	1007612	1007773	161	0	0	0	5124551
16083bt	Klebsiella_quasipneumoniae_strain_D120_1_chromosome_complete_genome	genome	+	NZ_CP034678.1	t_pro_srnb_srnc	unknown	tblastn	0	990575	990736	161	0	0	0	5085788
16104bt	Klebsiella_quasipneumoniae_strain_G4584_chromosome_complete_genome	genome	+	NZ_CP034129.1	t_pro_srnb_srnc	unknown	tblastn	0	1077958	1078119	161	0	0	0	5446060
18192bt	Klebsiella_michiganensis_E718_complete_sequence	genome	-	NC_018106.1	t_pro_srnb_srnc	unknown	tblastn	0	4885095	4884934	161	0	0	0	6097032
18161bt	Klebsiella_oxytoca_strain_AR_0147_complete_genome	genome	-	NZ_CP020358.1	t_pro_srnb_srnc	unknown	tblastn	0	2453889	2453728	161	0	0	0	6350620
18184bt	Klebsiella_oxytoca_strain_CAV1015_chromosome_complete_genome	genome	-	NZ_CP017928.1	t_pro_srnb_srnc	unknown	tblastn	0	3268088	3267927	161	0	0	0	6155924
18211bt	Klebsiella_pneumoniae_strain_AR_0140_chromosome_complete_genome	genome	+	NZ_CP029722.1	t_pro_srnb_srnc	unknown	tblastn	0	3856606	3856767	161	0	0	0	5223981
18169bt	Klebsiella_michiganensis_strain_AR375_chromosome_complete_genome	genome	-	NZ_CP029141.1	t_pro_srnb_srnc	unknown	tblastn	0	2514848	2514687	161	0	0	0	5935069
17750bt	Klebsiella_oxytoca_DNA_complete_genome_strain_JKo3	genome	-	NZ_AP014951.1	t_pro_srnb_srnc	unknown	tblastn	0	4707763	4707602	161	0	0	0	5944658
16686bt	Klebsiella_michiganensis_HKOPL1_complete_genome	genome	+	NZ_CP004887.1	t_pro_srnb_srnc	unknown	tblastn	0	1849393	1849554	161	0	0	0	5914407
16226bt	Klebsiella_oxytoca_strain_AR380_chromosome_complete_genome	genome	+	NZ_CP029128.1	t_pro_srnb_srnc	unknown	tblastn	0	4358840	4359001	161	0	0	0	5925399
100550bt	Klebsiella_pneumoniae_strain_KPN1344_chromosome	chromosome	+	NZ_CP033901.1	t_pro_srnb_srnc	unknown	tblastn	0	4424289	4424450	161	0	0	0	5343965
18173bt	Klebsiella_oxytoca_strain_NCTC11356_genome_assembly_chromosome_1	genome	-	NZ_LR133932.1	t_pro_srnb_srnc	unknown	tblastn	0	4832141	4831980	161	0	0	0	5856891
16059bt	Klebsiella_sp_FDAARGOS_511_chromosome_complete_genome	genome	+	NZ_CP033824.1	t_pro_srnb_srnc	unknown	tblastn	0	4180554	4180715	161	0	0	0	6089457
18214bt	Klebsiella_sp_M5al_chromosome_complete_genome	genome	-	NZ_CP020657.1	t_pro_srnb_srnc	unknown	tblastn	0	4714258	4714097	161	0	0	0	5800138
16056bt	Klebsiella_sp_WCHKl090001_chromosome_complete_genome	genome	+	NZ_CP036175.1	t_pro_srnb_srnc	unknown	tblastn	0	1251490	1251651	161	0	0	0	6183608
17743bt	Enterobacter_sp_SA187_chromosome_complete_genome	genome	+	NZ_CP019113.1	t_pro_srnb_srnc	unknown	tblastn	0	3530991	3531152	161	0	0	0	4429597
17743bt	Enterobacter_sp_SA187_chromosome_complete_genome	genome	+	NZ_CP019113.1	t_pro_srnb_srnc	unknown	tblastn	0	3531445	3531606	161	0	0	0	4429597
18170bt	Klebsiella_michiganensis_HKOPL1_complete_genome	genome	-	NZ_CP004887.1	t_pro_srnb_srnc	unknown	tblastn	0	4965039	4964878	161	0	0	0	5914407
18201bt	Klebsiella_michiganensis_strain_M1_complete_genome	genome	+	NZ_CP008841.1	t_pro_srnb_srnc	unknown	tblastn	0	2670400	2670561	161	0	0	0	5865090
18168bt	Klebsiella_michiganensis_strain_AR375_chromosome_complete_genome	genome	+	NZ_CP029141.1	t_pro_srnb_srnc	unknown	tblastn	0	5277419	5277580	161	0	0	0	5935069
18185bt	Klebsiella_oxytoca_strain_CAV1015_chromosome_complete_genome	genome	+	NZ_CP017928.1	t_pro_srnb_srnc	unknown	tblastn	0	91469	91630	161	0	0	0	6155924
18193bt	Klebsiella_michiganensis_E718_complete_sequence	genome	+	NC_018106.1	t_pro_srnb_srnc	unknown	tblastn	0	1667937	1668098	161	0	0	0	6097032
20454bt	Klebsiella_oxytoca_strain_AR380_chromosome_complete_genome	genome	-	NZ_CP029128.1	t_pro_srnb_srnc	unknown	tblastn	0	1403835	1403674	161	0	0	0	5925399
18441bt	Klebsiella_sp_FDAARGOS_511_chromosome_complete_genome	genome	-	NZ_CP033824.1	t_pro_srnb_srnc	unknown	tblastn	0	1296420	1296259	161	0	0	0	6089457
18213bt	Klebsiella_sp_M5al_chromosome_complete_genome	genome	+	NZ_CP020657.1	t_pro_srnb_srnc	unknown	tblastn	0	1617602	1617763	161	0	0	0	5800138
17751bt	Klebsiella_oxytoca_DNA_complete_genome_strain_JKo3	genome	+	NZ_AP014951.1	t_pro_srnb_srnc	unknown	tblastn	0	1593655	1593816	161	0	0	0	5944658
19679bt	Klebsiella_sp_WCHKl090001_chromosome_complete_genome	genome	-	NZ_CP036175.1	t_pro_srnb_srnc	unknown	tblastn	0	4300773	4300612	161	0	0	0	6183608
19691bt	Enterobacteriaceae_bacterium_strain_FGI_57_complete_genome	genome	-	NC_020063.1	t_pro_srnb_srnc	unknown	tblastn	0	2618196	2618035	161	0	0	0	4762179
24037bt	Phytobacter_sp_SCO41_chromosome_complete_genome	genome	-	NZ_CP027225.1	t_pro_srnb_srnc	unknown	tblastn	0	4109808	4109645	163	0	0	0	5599325
24037bt	Phytobacter_sp_SCO41_chromosome_complete_genome	genome	-	NZ_CP027225.1	t_pro_srnb_srnc	unknown	tblastn	0	4115471	4115308	163	0	0	0	5599325
100325bt	Klebsiella_pneumoniae_subsp_rhinoscleromatis_strain_SB3432_complete_genome	chromosome	-	NC_021232.1	t_pro_srnb_srnc	unknown	tblastn	0	4214028	4213850	178	0	0	0	5270770
16342bt	Salmonella_enterica_subsp_enterica_serovar_Gaminara_strain_CFSAN070644_plasmid_pCFSAN024441_02_compl	genome	-	NZ_CP024167.1	t_pro_srnb_srnc	unknown	tblastn	0	16212	16047	165	0	0	0	92392
1125bt	Aliivibrio_salmonicida_LFI1238_chromosome_1_complete_genome	genome	-	NC_011312.1	t_pro_srnb_srnc	unknown	tblastn	0	21764	21599	165	0	0	0	3325165
1127bt	Aliivibrio_wodanis_genome_assembly_AWOD1_plasmid__pAWOD920	genome	+	NZ_LN554848.1	t_pro_srnb_srnc	unknown	tblastn	0	49991	50156	165	0	0	0	91951
15784bt	Vibrio_parahaemolyticus_isolate_R13_plasmid_pVpR13_55Kb_complete_sequence	genome	-	NZ_CP028345.1	t_pro_srnb_srnc	unknown	tblastn	0	46811	46646	165	0	0	0	55412
1133bt	Photobacterium_damselae_subsp_damselae_strain_KC_Na_1_plasmid_pPDD_Na_1_2_complete_sequence	genome	+	NZ_CP021154.1	t_pro_srnb_srnc	unknown	tblastn	0	53727	53892	165	0	0	0	81002
14799bt	Photobacterium_damselae_subsp_piscicida_plasmid_p91_197_1_DNA_complete_genome	genome	-	NZ_AP018047.1	t_pro_srnb_srnc	unknown	tblastn	0	13484	13319	165	0	0	0	37140
15786bt	Vibrio_campbellii_strain_BoB_90_plasmid_unnamed_3_complete_sequence	genome	-	NZ_CP026319.1	t_pro_srnb_srnc	unknown	tblastn	0	1907	1742	165	0	0	0	69048
1129bt	Vibrio_parahaemolyticus_strain_FORC_014_plasmid_pFORC14_complete_sequence	genome	+	NZ_CP011408.1	t_pro_srnb_srnc	unknown	tblastn	0	8349	8514	165	0	0	0	51383
1583bt	Salmonella_enterica_subsp_enterica_strain_SA20053897_chromosome_complete_genome	genome	+	NZ_CP029995.1	t_pro_srnb_srnc	unknown	tblastn	0	189070	189235	165	0	0	0	4920300
1582bt	Salmonella_enterica_subsp_salamae_serovar_55_k_z39_str_1315K_chromosome_complete_genome	genome	+	NZ_CP022139.1	t_pro_srnb_srnc	unknown	tblastn	0	189815	189980	165	0	0	0	4859044
1608bt	Salmonella_enterica_subsp_enterica_strain_SA20011914_chromosome_complete_genome	genome	+	NZ_CP029992.1	t_pro_srnb_srnc	unknown	tblastn	0	2259156	2259321	165	0	0	0	4807680
22488bt	Citrobacter_rodentium_ICC168_complete_genome	genome	+	NC_013716.1	t_pro_srnb_srnc	unknown	tblastn	0	4481836	4482001	165	0	0	0	5346659
1325bt	Kluyvera_intermedia_strain_NCTC12125_genome_assembly_chromosome_1	genome	+	NZ_LR134138.1	t_pro_srnb_srnc	unknown	tblastn	0	3711588	3711754	166	0	0	0	4739056
16160bt	Klebsiella_aerogenes_strain_NCTC9668_genome_assembly_chromosome_1	genome	+	NZ_LR134235.1	t_pro_srnb_srnc	unknown	tblastn	0	2833850	2834015	165	0	0	0	5768342
16154bt	Klebsiella_variicola_strain_DSM_15968_complete_genome	genome	+	NZ_CP010523.2	t_pro_srnb_srnc	unknown	tblastn	0	201549	201714	165	0	0	0	5521203
108070bt	Klebsiella_pneumoniae_strain_T4_chromosome	chromosome	+	NZ_CP034540.1	t_pro_srnb_srnc	unknown	tblastn	0	692964	693129	165	0	0	0	5385944
16118bt	Klebsiella_variicola_strain_03_311_0071_genome_assembly_chromosome_1	genome	+	NZ_LR130544.1	t_pro_srnb_srnc	unknown	tblastn	0	193415	193580	165	0	0	0	5425242
16068bt	Klebsiella_quasivariicola_strain_KPN1705_chromosome_complete_genome	genome	+	NZ_CP022823.1	t_pro_srnb_srnc	unknown	tblastn	0	214325	214490	165	0	0	0	5540188
16225bt	Klebsiella_variicola_strain_LMG_23571_complete_genome	genome	+	NZ_CP013985.1	t_pro_srnb_srnc	unknown	tblastn	0	198844	199009	165	0	0	0	5600402
16174bt	Klebsiella_variicola_strain_342_complete_genome	genome	+	NC_011283.1	t_pro_srnb_srnc	unknown	tblastn	0	192977	193142	165	0	0	0	5641239
16106bt	Klebsiella_pneumoniae_DNA_complete_genome_strain_YH43	genome	+	NZ_AP014950.1	t_pro_srnb_srnc	unknown	tblastn	0	193446	193611	165	0	0	0	5520319
16219bt	Klebsiella_quasipneumoniae_strain_KPC142_chromosome_complete_genome	genome	+	NZ_CP023478.1	t_pro_srnb_srnc	unknown	tblastn	0	204074	204239	165	0	0	0	5217996
102185bt	Klebsiella_pneumoniae_strain_U25_genome	chromosome	-	NZ_CP012043.1	t_pro_srnb_srnc	unknown	tblastn	0	19345	19180	165	0	0	0	5491870
102193bt	Klebsiella_pneumoniae_subsp_pneumoniae_strain_ST2017_950142398_chromosome	chromosome	-	NZ_CP023553.1	t_pro_srnb_srnc	unknown	tblastn	0	3125832	3125667	165	0	0	0	5497952
108168bt	Klebsiella_pneumoniae_strain_Kp589_chromosome_complete_genome	chromosome	+	NZ_CP028816.1	t_pro_srnb_srnc	unknown	tblastn	0	205119	205284	165	0	0	0	5489507
108148bt	Klebsiella_pneumoniae_strain_FDAARGOS_447_chromosome_complete_genome	chromosome	+	NZ_CP023949.1	t_pro_srnb_srnc	unknown	tblastn	0	252897	253062	165	0	0	0	5226396
123090bt	Klebsiella_pneumoniae_strain_KPN1344_chromosome	chromosome	+	NZ_CP033901.1	t_pro_srnb_srnc	unknown	tblastn	0	3641870	3642034	164	0	0	0	5343965
1576bt	Klebsiella_quasipneumoniae_subsp_quasipneumoniae_strain_A708_chromosome_complete_genome	genome	+	NZ_CP030171.1	t_pro_srnb_srnc	unknown	tblastn	0	244574	244739	165	0	0	0	5542544
16056bt	Klebsiella_sp_WCHKl090001_chromosome_complete_genome	genome	+	NZ_CP036175.1	t_pro_srnb_srnc	unknown	tblastn	0	249007	249172	165	0	0	0	6183608
16226bt	Klebsiella_oxytoca_strain_AR380_chromosome_complete_genome	genome	+	NZ_CP029128.1	t_pro_srnb_srnc	unknown	tblastn	0	3349304	3349469	165	0	0	0	5925399
18206bt	Klebsiella_oxytoca_strain_FDAARGOS_335_chromosome_complete_genome	genome	-	NZ_CP027426.1	t_pro_srnb_srnc	unknown	tblastn	0	1049870	1049698	172	0	0	0	5853942
18184bt	Klebsiella_oxytoca_strain_CAV1015_chromosome_complete_genome	genome	-	NZ_CP017928.1	t_pro_srnb_srnc	unknown	tblastn	0	4284573	4284408	165	0	0	0	6155924
18192bt	Klebsiella_michiganensis_E718_complete_sequence	genome	-	NC_018106.1	t_pro_srnb_srnc	unknown	tblastn	0	5826648	5826476	172	0	0	0	6097032
17750bt	Klebsiella_oxytoca_DNA_complete_genome_strain_JKo3	genome	-	NZ_AP014951.1	t_pro_srnb_srnc	unknown	tblastn	0	5639889	5639724	165	0	0	0	5944658
16059bt	Klebsiella_sp_FDAARGOS_511_chromosome_complete_genome	genome	+	NZ_CP033824.1	t_pro_srnb_srnc	unknown	tblastn	0	3154873	3155038	165	0	0	0	6089457
1569bt	Enterobacteriaceae_bacterium_strain_FGI_57_complete_genome	genome	+	NC_020063.1	t_pro_srnb_srnc	unknown	tblastn	0	180529	180695	166	0	0	0	4762179
16136bt	Enterobacteriaceae_bacterium_strain_FGI_57_complete_genome	genome	+	NC_020063.1	t_pro_srnb_srnc	unknown	tblastn	0	181441	181606	165	0	0	0	4762179
1570bt	Enterobacteriaceae_bacterium_strain_FGI_57_complete_genome	genome	+	NC_020063.1	t_pro_srnb_srnc	unknown	tblastn	0	180985	181151	166	0	0	0	4762179
102253bt	Escherichia_coli_ED1a_chromosome_complete_genome	chromosome	-	NC_011745.1	t_pro_srnb_srnc	unknown	tblastn	0	4163222	4163057	165	0	0	0	5209548
108172bt	Escherichia_coli_strain_H17_chromosome	chromosome	+	NZ_CP021193.1	t_pro_srnb_srnc	unknown	tblastn	0	2737980	2738145	165	0	0	0	5219546
112731bt	Escherichia_coli_strain_BR43_DEC_chromosome	chromosome	+	NZ_CP035377.1	t_pro_srnb_srnc	unknown	tblastn	0	511000	511165	165	0	0	0	5122458
102234bt	Escherichia_coli_strain_CCUG_70745_chromosome	chromosome	-	NZ_CP023258.1	t_pro_srnb_srnc	unknown	tblastn	0	4082188	4082023	165	0	0	0	5074278
108138bt	Shigella_flexneri_5a_str_M90T_chromosome_whole_genome_shotgun_sequence	chromosome	+	NZ_CM001474.1	t_pro_srnb_srnc	unknown	tblastn	0	3605308	3605473	165	0	0	0	4580866
18446bt	Escherichia_coli_strain_AR_0077_chromosome_complete_genome	genome	-	NZ_CP026755.1	t_pro_srnb_srnc	unknown	tblastn	0	3764861	3764695	166	0	0	0	4987160
101275bt	Escherichia_coli_strain_Ec40_chromosome	chromosome	-	NZ_CP025739.1	t_pro_srnb_srnc	unknown	tblastn	0	1246904	1246739	165	0	0	0	4825022
101329bt	Escherichia_coli_FAP1_genome	chromosome	-	NZ_CP009578.1	t_pro_srnb_srnc	unknown	tblastn	0	4363251	4363086	165	0	0	0	4874804
108202bt	Escherichia_coli_O104_H4_strain_LB226692_chromosome	chromosome	+	NZ_CP024992.1	t_pro_srnb_srnc	unknown	tblastn	0	1712488	1712653	165	0	0	0	5299262
102261bt	Escherichia_coli_strain_BR02_DEC_chromosome	chromosome	-	NZ_CP035320.1	t_pro_srnb_srnc	unknown	tblastn	0	4203973	4203808	165	0	0	0	5025753
108196bt	Escherichia_coli_strain_2016C_3936C1_chromosome_complete_genome	chromosome	+	NZ_CP018770.2	t_pro_srnb_srnc	unknown	tblastn	0	4987643	4987808	165	0	0	0	5060620
102260bt	Escherichia_coli_strain_89_3506_isolate_89_3506_chromosome	chromosome	-	NZ_CP027520.1	t_pro_srnb_srnc	unknown	tblastn	0	1945379	1945214	165	0	0	0	5178486
106584bt	Escherichia_coli_O157_H7_str_EDL933_genome	chromosome	-	NC_002655.2	t_pro_srnb_srnc	unknown	tblastn	0	4535405	4535240	165	0	0	0	5528445
18406bt	Escherichia_coli_strain_DSM_103246_chromosome_complete_genome	genome	+	NZ_CP019944.1	t_pro_srnb_srnc	unknown	tblastn	0	181318	181484	166	0	0	0	5445834
18495bt	Escherichia_coli_strain_WB61_chromosome_complete_genome	genome	-	NZ_CP020025.1	t_pro_srnb_srnc	unknown	tblastn	0	4444338	4444173	165	0	0	0	4687045
18605bt	Escherichia_coli_O121_H19_strain_16_9255_chromosome_complete_genome	genome	+	NZ_CP022407.1	t_pro_srnb_srnc	unknown	tblastn	0	3955857	3956022	165	0	0	0	5397521
18825bt	Escherichia_coli_O169_H41_strain_F6326_C1_chromosome_complete_genome	genome	-	NZ_CP024263.1	t_pro_srnb_srnc	unknown	tblastn	0	3241608	3241443	165	0	0	0	4934701
102224bt	Shigella_boydii_strain_ATCC_12027_chromosome	chromosome	-	NZ_CP026866.1	t_pro_srnb_srnc	unknown	tblastn	0	3976397	3976232	165	0	0	0	4680268
16237bt	Shigella_dysenteriae_strain_ATCC_49347_chromosome_complete_genome	genome	+	NZ_CP026834.1	t_pro_srnb_srnc	unknown	tblastn	0	2559824	2559989	165	0	0	0	4684535
1251bt	Hafnia_alvei_FB1_complete_genome	genome	+	NZ_CP009706.1	t_pro_srnb_srnc	unknown	tblastn	0	645991	646156	165	0	0	0	4712721
1249bt	Hafnia_alvei_strain_PCM_1220_chromosome_complete_genome	genome	+	NZ_CP036514.1	t_pro_srnb_srnc	unknown	tblastn	0	463353	463518	165	0	0	0	4549364
1137bt	Hafnia_alvei_strain_HUMV_5920_chromosome_complete_genome	genome	-	NZ_CP015379.1	t_pro_srnb_srnc	unknown	tblastn	0	1028073	1027908	165	0	0	0	4542863
1252bt	Obesumbacterium_proteus_strain_DSM_2777_complete_genome	genome	-	NZ_CP014608.1	t_pro_srnb_srnc	unknown	tblastn	0	4979869	4979704	165	0	0	0	5011796
16173bt	Rouxiella_sp_ERMR1_05_chromosome_complete_genome	genome	-	NZ_CP019062.1	t_pro_srnb_srnc	unknown	tblastn	0	1866503	1866338	165	0	0	0	4643505
16013bt	Enterobacter_bugandensis_isolate_EB_247_genome_assembly_chromosome_I	genome	+	NZ_LT992502.1	t_pro_srnb_srnc	unknown	tblastn	0	779183	779348	165	0	0	0	4717613
102279bt	Enterobacter_cloacae_isolate_MBRL1077_genome	chromosome	-	NZ_CP014280.1	t_pro_srnb_srnc	unknown	tblastn	0	4267543	4267378	165	0	0	0	4801156
16001bt	UNVERIFIED_ORG_Enterobacter_asburiae_LF7a_complete_genome	genome	+	NC_015968.1	t_pro_srnb_srnc	unknown	tblastn	0	722228	722393	165	0	0	0	4812833
16015bt	Enterobacter_cloacae_ECNIH3_complete_genome	genome	+	NZ_CP008897.1	t_pro_srnb_srnc	unknown	tblastn	0	753903	754068	165	0	0	0	4633407
16012bt	Enterobacter_hormaechei_strain_S11_16_chromosome_complete_genome	genome	+	NZ_CP035385.1	t_pro_srnb_srnc	unknown	tblastn	0	704410	704575	165	0	0	0	4850296
16069bt	Enterobacter_hormaechei_subsp_hoffmannii_strain_DSM_14563_chromosome_complete_genome	genome	+	NZ_CP017186.1	t_pro_srnb_srnc	unknown	tblastn	0	721247	721412	165	0	0	0	4546962
16021bt	Enterobacter_cloacae_strain_AR_0060_chromosome_complete_genome	genome	+	NZ_CP026719.1	t_pro_srnb_srnc	unknown	tblastn	0	2941761	2941926	165	0	0	0	5104736
108093bt	Enterobacter_cloacae_strain_DG6_genome_assembly_chromosome_I	chromosome	+	NZ_LT840187.1	t_pro_srnb_srnc	unknown	tblastn	0	2794664	2794829	165	0	0	0	4773509
16040bt	Enterobacter_cloacae_isolate_EC_TO80_genome_assembly_chromosome_1	genome	+	NZ_LS999206.1	t_pro_srnb_srnc	unknown	tblastn	0	825766	825931	165	0	0	0	4864313
16042bt	Enterobacter_hormaechei_subsp_xiangfangensis_strain_Pb204_chromosome_complete_genome	genome	-	NZ_CP030007.1	t_pro_srnb_srnc	unknown	tblastn	0	4159717	4159552	165	0	0	0	4956155
16039bt	Enterobacter_hormaechei_subsp_hormaechei_strain_34983_complete_genome	genome	+	NZ_CP010377.1	t_pro_srnb_srnc	unknown	tblastn	0	763231	763396	165	0	0	0	4632074
16052bt	Enterobacter_cloacae_complex_bacterium_isolate_C45_genome_assembly_chromosome_C45	genome	+	NZ_LT991957.1	t_pro_srnb_srnc	unknown	tblastn	0	2888672	2888837	165	0	0	0	4783258
17190bt	Enterobacter_cloacae_strain_ECNIH4_complete_genome	genome	-	NZ_CP009850.1	t_pro_srnb_srnc	unknown	tblastn	0	4032694	4032529	165	0	0	0	4761385
16081bt	Enterobacter_kobei_strain_WCHEK045523_chromosome_complete_genome	genome	+	NZ_CP032897.1	t_pro_srnb_srnc	unknown	tblastn	0	1637304	1637469	165	0	0	0	4953590
16129bt	Enterobacter_kobei_strain_DSM_13645_chromosome_complete_genome	genome	+	NZ_CP017181.1	t_pro_srnb_srnc	unknown	tblastn	0	689564	689729	165	0	0	0	4880257
16080bt	Enterobacter_cancerogenus_strain_CR_Eb1_chromosome_complete_genome	genome	-	NZ_CP025225.1	t_pro_srnb_srnc	unknown	tblastn	0	3917857	3917692	165	0	0	0	4796512
16033bt	Enterobacter_cloacae_strain_GGT036_complete_genome	genome	+	NZ_CP009756.1	t_pro_srnb_srnc	unknown	tblastn	0	764041	764206	165	0	0	0	4848754
108095bt	Enterobacter_cloacae_strain_NH52_chromosome_I_whole_genome_shotgun_sequence	chromosome	+	NZ_LT160614.1	t_pro_srnb_srnc	unknown	tblastn	0	2613890	2614055	165	0	0	0	5159348
16019bt	Enterobacter_cloacae_subsp_cloacae_ATCC_13047_chromosome_complete_genome	genome	+	NC_014121.1	t_pro_srnb_srnc	unknown	tblastn	0	867756	867921	165	0	0	0	5314581
16024bt	Enterobacter_cloacae_strain_M12X01451_chromosome_complete_genome	genome	+	NZ_CP017475.1	t_pro_srnb_srnc	unknown	tblastn	0	724444	724609	165	0	0	0	4918273
16010bt	Lelliottia_nimipressuralis_strain_SGAir0187_chromosome_complete_genome	genome	-	NZ_CP025034.2	t_pro_srnb_srnc	unknown	tblastn	0	1789645	1789480	165	0	0	0	4826853
16050bt	Lelliottia_amnigena_strain_ZB04_complete_genome	genome	+	NZ_CP015774.2	t_pro_srnb_srnc	unknown	tblastn	0	769310	769475	165	0	0	0	4616122
16625bt	Leclercia_adecarboxylata_strain_USDA_ARS_USMARC_60222_complete_genome	genome	-	NZ_CP013990.1	t_pro_srnb_srnc	unknown	tblastn	0	4030190	4030025	165	0	0	0	4803917
16671bt	Leclercia_sp_LSNIH3_chromosome_complete_genome	genome	-	NZ_CP026387.1	t_pro_srnb_srnc	unknown	tblastn	0	1676468	1676303	165	0	0	0	4781217
16060bt	Leclercia_adecarboxylata_strain_16008513_chromosome_complete_genome	genome	-	NZ_CP036199.1	t_pro_srnb_srnc	unknown	tblastn	0	4708024	4707859	165	0	0	0	4815267
16616bt	Escherichia_albertii_DNA_complete_genome_strain_EC06_170	genome	-	NZ_AP014857.1	t_pro_srnb_srnc	unknown	tblastn	0	2009143	2008978	165	0	0	0	4657167
103004bt	Salmonella_enterica_subsp_enterica_strain_SA972816_chromosome_complete_genome	chromosome	-	NZ_CP007484.1	t_pro_srnb_srnc	unknown	tblastn	0	1983204	1983039	165	0	0	0	4891923
1208bt	Enterobacter_sp_SA187_chromosome_complete_genome	genome	-	NZ_CP019113.1	t_pro_srnb_srnc	unknown	tblastn	0	3364732	3364567	165	0	0	0	4429597
1304bt	Escherichia_coli_E2855_plasmid_pE2855_1_DNA_complete_genome	genome	+	NZ_AP018797.1	t_pro_srnb_srnc	unknown	tblastn	0	78512	78677	165	0	0	0	125200
90800bt	Escherichia_coli_strain_2014C_3741_plasmid_unnamed2	chromosome	-	NZ_CP027330.1	t_pro_srnb_srnc	unknown	tblastn	0	26992	26828	164	0	0	0	102897
16606bt	Escherichia_coli_strain_2014C_3307_plasmid_unnamed2	genome	-	NZ_CP027370.1	t_pro_srnb_srnc	unknown	tblastn	0	160630	160465	165	0	0	0	176149
16607bt	Escherichia_coli_O43_str_RM10042_plasmid_pRM10042_2_complete_sequence	genome	-	NZ_CP028121.1	t_pro_srnb_srnc	unknown	tblastn	0	17032	16867	165	0	0	0	109466
16588bt	Escherichia_coli_O104_H21_str_CFSAN002236_plasmid_pO104_H21_complete_sequence	genome	-	NZ_CP023542.1	t_pro_srnb_srnc	unknown	tblastn	0	33464	33299	165	0	0	0	161452
90798bt	Escherichia_coli_strain_2014C_3741_plasmid_unnamed2	chromosome	-	NZ_CP027330.1	t_pro_srnb_srnc	unknown	tblastn	0	28395	28231	164	0	0	0	102897
1323bt	Escherichia_coli_strain_AR_0085_plasmid_unnamed1_complete_sequence	genome	+	NZ_CP029742.1	t_pro_srnb_srnc	unknown	tblastn	0	29674	29839	165	0	0	0	139740
1306bt	Escherichia_coli_NCCP15648_plasmid_p15648_2_complete_sequence	genome	+	NZ_CP009052.1	t_pro_srnb_srnc	unknown	tblastn	0	40263	40428	165	0	0	0	83860
107903bt	Escherichia_coli_PMV_1_pHUSEC411like_plasmid_complete_sequence	chromosome	+	NC_022371.1	t_pro_srnb_srnc	unknown	tblastn	0	56000	56164	164	0	0	0	98864
107927bt	Escherichia_coli_strain_2016C_3936C1_plasmid_unnamed2_sequence	chromosome	+	NZ_CP018772.1	t_pro_srnb_srnc	unknown	tblastn	0	11677	11841	164	0	0	0	55104
1135bt	Escherichia_coli_strain_2013C_3033_plasmid_unnamed_complete_sequence	genome	+	NZ_CP027324.1	t_pro_srnb_srnc	unknown	tblastn	0	60930	61095	165	0	0	0	127667
107920bt	Escherichia_coli_FAP1_plasmid_unnamed_2_sequence	chromosome	+	NZ_CP009580.1	t_pro_srnb_srnc	unknown	tblastn	0	87301	87465	164	0	0	0	129463
107926bt	Escherichia_coli_O104_H4_strain_LB226692_plasmid_unnamed1	chromosome	+	NZ_CP024993.1	t_pro_srnb_srnc	unknown	tblastn	0	90832	90996	164	0	0	0	106929
104672bt	Escherichia_coli_O104_H4_strain_LB226692_plasmid_unnamed1	chromosome	+	NZ_CP024993.1	t_pro_srnb_srnc	unknown	tblastn	0	2343	2506	163	0	0	0	106929
1295bt	Escherichia_coli_SE11_plasmid_pSE11_1_DNA_complete_sequence	genome	+	NC_011419.1	t_pro_srnb_srnc	unknown	tblastn	0	56714	56879	165	0	0	0	100021
1344bt	Escherichia_coli_strain_L725_plasmid_punnamed1_complete_sequence	genome	+	NZ_CP036203.1	t_pro_srnb_srnc	unknown	tblastn	0	13863	14028	165	0	0	0	93880
107905bt	Escherichia_coli_UMNF18_plasmid_pUMNF18_IncI1_whole_genome_shotgun_sequence	chromosome	+	NZ_AGTD01000002.1	t_pro_srnb_srnc	unknown	tblastn	0	56905	57069	164	0	0	0	69065
1332bt	Salmonella_enterica_subsp_enterica_serovar_Weltevreden_genome_assembly_99_3134_plasmid__2	genome	+	NZ_LN890525.1	t_pro_srnb_srnc	unknown	tblastn	0	12032	12197	165	0	0	0	84987
1525bt	Salmonella_sp_SSDFZ54_plasmid_pTB502_complete_sequence	genome	+	NZ_CP034821.1	t_pro_srnb_srnc	unknown	tblastn	0	83610	83775	165	0	0	0	146389
17812bt	Escherichia_coli_strain_ST2747_complete_genome	genome	+	NZ_CP007394.1	t_pro_srnb_srnc	unknown	tblastn	0	5005938	5006103	165	0	0	0	5090442
1571bt	Salmonella_enterica_subsp_enterica_serovar_Anatum_strain_CFSAN076215_plasmid_pCFSAN076215_complete_s	genome	+	NZ_CP033339.1	t_pro_srnb_srnc	unknown	tblastn	0	3132	3303	171	0	0	0	104123
90790bt	Escherichia_coli_strain_90_9276_plasmid_unnamed2	chromosome	-	NZ_CP024298.1	t_pro_srnb_srnc	unknown	tblastn	0	100120	99956	164	0	0	0	110577
1336bt	Escherichia_coli_strain_AR_451_plasmid_unnamed2	genome	+	NZ_CP030340.1	t_pro_srnb_srnc	unknown	tblastn	0	7639	7804	165	0	0	0	34927
107925bt	Escherichia_coli_strain_CHL5009T_plasmid_pCHL5009T_94k_complete_sequence	chromosome	+	NZ_CP032938.1	t_pro_srnb_srnc	unknown	tblastn	0	73573	73737	164	0	0	0	93429
16624bt	Salmonella_enterica_subsp_enterica_serovar_Anatum_str_USDA_ARS_USMARC_1727_plasmid_pSAN1_1727_comple	genome	+	NZ_CP014622.1	t_pro_srnb_srnc	unknown	tblastn	0	49418	49596	178	0	0	0	97041
16608bt	Salmonella_enterica_subsp_enterica_serovar_Gaminara_str_SA20063285_plasmid_pIncI1_1_complete_sequenc	genome	-	NZ_CP030289.1	t_pro_srnb_srnc	unknown	tblastn	0	11655	11483	172	0	0	0	117908
90796bt	Salmonella_enterica_subsp_houtenae_str_ATCC_BAA_1581_plasmid_pSEHO0A2_whole_genome_shotgun_sequence	chromosome	-	NZ_CM001473.1	t_pro_srnb_srnc	unknown	tblastn	0	77565	77401	164	0	0	0	97236
107877bt	Pectobacterium_parmentieri_strain_IFB5605_chromosome	chromosome	-	NZ_CP026984.1	t_pro_srnb_srnc	unknown	tblastn	0	2152630	2152452	178	0	0	0	5040694
16670bt	Pluralibacter_gergoviae_strain_FB2_chromosome_complete_genome	genome	-	NZ_CP009450.1	t_pro_srnb_srnc	unknown	tblastn	0	2037796	2037624	172	0	0	0	5489680
15997bt	Vibrio_campbellii_strain_170502_plasmid_pVCZS_complete_sequence	genome	-	NZ_CP033136.1	t_pro_srnb_srnc	unknown	tblastn	0	36158	35993	165	0	0	0	69012
16363bt	Vibrio_parahaemolyticus_strain_D3112_plasmid_p1_complete_sequence	genome	-	NZ_CP034567.1	t_pro_srnb_srnc	unknown	tblastn	0	19848	19683	165	0	0	0	66230
16002bt	Vibrio_owensii_strain_1700302_plasmid_pVOWZ1_complete_sequence	genome	+	NZ_CP033139.1	t_pro_srnb_srnc	unknown	tblastn	0	30935	31100	165	0	0	0	117926
16006bt	Vibrio_owensii_strain_V180403_plasmid_pVOWZ4_complete_sequence	genome	+	NZ_CP033147.1	t_pro_srnb_srnc	unknown	tblastn	0	66795	66960	165	0	0	0	73661
16352bt	Vibrio_owensii_strain_1700302_plasmid_pVOWZ2_complete_sequence	genome	-	NZ_CP033140.1	t_pro_srnb_srnc	unknown	tblastn	0	13529	13364	165	0	0	0	68834
16354bt	Vibrio_parahaemolyticus_strain_PB1937_plasmid_p1937_2_complete_sequence	genome	-	NZ_CP022246.1	t_pro_srnb_srnc	unknown	tblastn	0	17925	17760	165	0	0	0	78481
16175bt	Vibrio_alginolyticus_strain_ATCC_33787_plasmid_pMBL287_complete_sequence	genome	+	NZ_CP013487.1	t_pro_srnb_srnc	unknown	tblastn	0	118473	118638	165	0	0	0	286750
105841bt	Vibrio_campbellii_strain_151112C_plasmid_unnamed2	chromosome	+	NZ_CP025956.1	t_pro_srnb_srnc	unknown	tblastn	0	8050	8221	171	0	0	0	24945
16066bt	Vibrio_owensii_strain_051011B_chromosome_1_complete_sequence	genome	-	NZ_CP025796.1	t_pro_srnb_srnc	unknown	tblastn	0	2221168	2221002	166	0	0	0	3797023
15997bt	Vibrio_campbellii_strain_170502_plasmid_pVCZS_complete_sequence	genome	-	NZ_CP033136.1	t_pro_srnb_srnc	unknown	tblastn	0	15290	15125	165	0	0	0	69012
16115bt	Vibrio_campbellii_strain_20130629003S01_plasmid_pVCGX3_complete_sequence	genome	-	NZ_CP020080.1	t_pro_srnb_srnc	unknown	tblastn	0	75855	75690	165	0	0	0	143140
16062bt	Vibrio_harveyi_strain_ATCC_33843_(392_[MAV])_chromosome_1_complete_sequence	genome	+	NZ_CP009467.1	t_pro_srnb_srnc	unknown	tblastn	0	2734632	2734798	166	0	0	0	3621606
16066bt	Vibrio_owensii_strain_051011B_chromosome_1_complete_sequence	genome	-	NZ_CP025796.1	t_pro_srnb_srnc	unknown	tblastn	0	3457060	3456894	166	0	0	0	3797023
16063bt	Vibrio_campbellii_strain_20130629003S01_chromosome_I_complete_sequence	genome	-	NZ_CP020076.1	t_pro_srnb_srnc	unknown	tblastn	0	1130615	1130449	166	0	0	0	3621712
16371bt	Vibrio_jasicida_090810c_chromosome_1_complete_sequence	genome	-	NZ_CP025792.1	t_pro_srnb_srnc	unknown	tblastn	0	3369257	3369091	166	0	0	0	3690481
105840bt	Vibrio_vulnificus_VVyb1(BT3)_Contig115_whole_genome_shotgun_sequence	chromosome	+	NZ_AOCM01000115.1	t_pro_srnb_srnc	unknown	tblastn	0	7686	7851	165	0	0	0	8541
16164bt	Vibrio_scophthalmi_strain_VS_05_plasmid_pVS127_complete_sequence	genome	-	NZ_CP016416.1	t_pro_srnb_srnc	unknown	tblastn	0	70841	70675	166	0	0	0	127066
16165bt	Vibrio_scophthalmi_strain_VS_12_plasmid_pVS127_complete_sequence	genome	+	NZ_CP016309.1	t_pro_srnb_srnc	unknown	tblastn	0	100752	100918	166	0	0	0	127447
16117bt	Vibrio_campbellii_strain_LA16_V1_plasmid_pLA16_1_complete_sequence	genome	-	NZ_CP021147.1	t_pro_srnb_srnc	unknown	tblastn	0	30099	29933	166	0	0	0	109793
101344bt	Serratia_marcescens_strain_12TM_chromosome_whole_genome_shotgun_sequence	chromosome	-	NZ_CM008894.1	t_pro_srnb_srnc	unknown	tblastn	0	1681886	1681721	165	0	0	0	5276151
101349bt	Serratia_marcescens_strain_EL1_chromosome	chromosome	-	NZ_CP027796.1	t_pro_srnb_srnc	unknown	tblastn	0	1552664	1552499	165	0	0	0	5201791
101351bt	Serratia_marcescens_strain_AS1_genome	chromosome	+	NZ_CP010584.1	t_pro_srnb_srnc	unknown	tblastn	0	2216841	2217006	165	0	0	0	5506053
101345bt	Serratia_plymuthica_RVH1_chromosome_whole_genome_shotgun_sequence	chromosome	-	NZ_ARWD01000001.1	t_pro_srnb_srnc	unknown	tblastn	0	3737681	3737516	165	0	0	0	5514320
108643bt	Serratia_marcescens_strain_12TM_chromosome_whole_genome_shotgun_sequence	chromosome	-	NZ_CM008894.1	t_pro_srnb_srnc	unknown	tblastn	0	2467876	2467711	165	0	0	0	5276151
108999bt	Serratia_marcescens_strain_AS1_genome	chromosome	+	NZ_CP010584.1	t_pro_srnb_srnc	unknown	tblastn	0	1377061	1377226	165	0	0	0	5506053
109547bt	Serratia_marcescens_strain_S2I7_genome	chromosome	-	NZ_CP021984.1	t_pro_srnb_srnc	unknown	tblastn	0	4413189	4413024	165	0	0	0	5241555
109841bt	Serratia_marcescens_strain_S2I7_genome	chromosome	-	NZ_CP021984.1	t_pro_srnb_srnc	unknown	tblastn	0	4413822	4413657	165	0	0	0	5241555
109559bt	Serratia_sp_JKS000199_genome_assembly_chromosome_I	chromosome	-	NZ_LT907843.1	t_pro_srnb_srnc	unknown	tblastn	0	3576933	3576768	165	0	0	0	5124953
109548bt	Serratia_marcescens_strain_S2I7_genome	chromosome	-	NZ_CP021984.1	t_pro_srnb_srnc	unknown	tblastn	0	4419591	4419426	165	0	0	0	5241555
109553bt	Serratia_marcescens_strain_EL1_chromosome	chromosome	-	NZ_CP027796.1	t_pro_srnb_srnc	unknown	tblastn	0	2327217	2327052	165	0	0	0	5201791
109832bt	Serratia_marcescens_strain_EL1_chromosome	chromosome	-	NZ_CP027796.1	t_pro_srnb_srnc	unknown	tblastn	0	2321447	2321282	165	0	0	0	5201791
109560bt	Serratia_sp_JKS000199_genome_assembly_chromosome_I	chromosome	-	NZ_LT907843.1	t_pro_srnb_srnc	unknown	tblastn	0	3571166	3571001	165	0	0	0	5124953
109829bt	Serratia_marcescens_strain_12TM_chromosome_whole_genome_shotgun_sequence	chromosome	-	NZ_CM008894.1	t_pro_srnb_srnc	unknown	tblastn	0	2473643	2473478	165	0	0	0	5276151
109847bt	Serratia_plymuthica_RVH1_chromosome_whole_genome_shotgun_sequence	chromosome	-	NZ_ARWD01000001.1	t_pro_srnb_srnc	unknown	tblastn	0	4529189	4529024	165	0	0	0	5514320
16192bt	Candidatus_Sodalis_pierantonius_str_SOPE_complete_genome	genome	+	NZ_CP006568.1	t_pro_srnb_srnc	unknown	tblastn	0	2410855	2411022	167	0	0	0	4513140
1573bt	Photorhabdus_asymbiotica_ATCC43949_complete_genome	genome	+	NC_012962.1	t_pro_srnb_srnc	unknown	tblastn	0	4204655	4204822	167	0	0	0	5064808
1609bt	Photorhabdus_laumondii_subsp_laumondii_strain_DJC_chromosome_complete_genome	genome	+	NZ_CP024900.1	t_pro_srnb_srnc	unknown	tblastn	0	3024392	3024559	167	0	0	0	5536539
1574bt	Photorhabdus_asymbiotica_ATCC43949_complete_genome	genome	-	NC_012962.1	t_pro_srnb_srnc	unknown	tblastn	0	2142276	2142109	167	0	0	0	5064808
1534bt	Serratia_marcescens_SMB2099_complete_genome	genome	-	NZ_HG738868.1	t_pro_srnb_srnc	unknown	tblastn	0	961988	961822	166	0	0	0	5123091
108998bt	Serratia_marcescens_strain_AS1_genome	chromosome	+	NZ_CP010584.1	t_pro_srnb_srnc	unknown	tblastn	0	4986789	4986954	165	0	0	0	5506053
1554bt	Serratia_marcescens_strain_AR_0091_chromosome_complete_genome	genome	-	NZ_CP027533.1	t_pro_srnb_srnc	unknown	tblastn	0	495302	495136	166	0	0	0	5309542
1568bt	Serratia_sp_FDAARGOS_506_chromosome_complete_genome	genome	-	NZ_CP033831.1	t_pro_srnb_srnc	unknown	tblastn	0	2361837	2361671	166	0	0	0	4818792
106939bt	Serratia_marcescens_strain_12TM_chromosome_whole_genome_shotgun_sequence	chromosome	-	NZ_CM008894.1	t_pro_srnb_srnc	unknown	tblastn	0	4396798	4396633	165	0	0	0	5276151
1556bt	Serratia_marcescens_strain_AR_0027_chromosome_complete_genome	genome	+	NZ_CP026702.1	t_pro_srnb_srnc	unknown	tblastn	0	2055021	2055187	166	0	0	0	5472946
1533bt	Serratia_sp_YD25_chromosome_complete_genome	genome	-	NZ_CP016948.1	t_pro_srnb_srnc	unknown	tblastn	0	247021	246855	166	0	0	0	5117644
106928bt	Serratia_marcescens_strain_S2I7_genome	chromosome	-	NZ_CP021984.1	t_pro_srnb_srnc	unknown	tblastn	0	981437	981272	165	0	0	0	5241555
106930bt	Serratia_sp_JKS000199_genome_assembly_chromosome_I	chromosome	-	NZ_LT907843.1	t_pro_srnb_srnc	unknown	tblastn	0	196066	195901	165	0	0	0	5124953
106936bt	Serratia_marcescens_strain_EL1_chromosome	chromosome	-	NZ_CP027796.1	t_pro_srnb_srnc	unknown	tblastn	0	4102815	4102650	165	0	0	0	5201791
1516bt	Serratia_marcescens_strain_UMH10_chromosome_complete_genome	genome	-	NZ_CP018928.1	t_pro_srnb_srnc	unknown	tblastn	0	231650	231484	166	0	0	0	5221713
1530bt	Serratia_marcescens_strain_UMH1_chromosome_complete_genome	genome	-	NZ_CP018915.1	t_pro_srnb_srnc	unknown	tblastn	0	232098	231932	166	0	0	0	5056149
1536bt	Serratia_marcescens_strain_RSC_14_complete_genome	genome	+	NZ_CP012639.1	t_pro_srnb_srnc	unknown	tblastn	0	1169248	1169414	166	0	0	0	5127030
1553bt	Serratia_marcescens_strain_UMH2_chromosome_complete_genome	genome	-	NZ_CP018924.1	t_pro_srnb_srnc	unknown	tblastn	0	269618	269452	166	0	0	0	5308626
1550bt	Serratia_sp_FS14_complete_genome	genome	+	NZ_CP005927.1	t_pro_srnb_srnc	unknown	tblastn	0	5221740	5221906	166	0	0	0	5249875
109542bt	Serratia_plymuthica_RVH1_chromosome_whole_genome_shotgun_sequence	chromosome	-	NZ_ARWD01000001.1	t_pro_srnb_srnc	unknown	tblastn	0	925679	925514	165	0	0	0	5514320
109543bt	Serratia_plymuthica_RVH1_chromosome_whole_genome_shotgun_sequence	chromosome	-	NZ_ARWD01000001.1	t_pro_srnb_srnc	unknown	tblastn	0	926158	925993	165	0	0	0	5514320
109073bt	Enterobacter_cloacae_strain_339389L_chromosome	chromosome	-	NZ_CP026536.1	t_pro_srnb_srnc	unknown	tblastn	0	58029	57857	172	0	0	0	5036275
110398bt	Klebsiella_pneumoniae_subsp_rhinoscleromatis_strain_SB3432_complete_genome	chromosome	-	NC_021232.1	t_pro_srnb_srnc	unknown	tblastn	0	4425925	4425753	172	0	0	0	5270770
111996bt	Klebsiella_pneumoniae_strain_CCUG_70747_plasmid_pKpn70747_2_complete_sequence	chromosome	+	NZ_CP023443.1	t_pro_srnb_srnc	unknown	tblastn	0	112568	112740	172	0	0	0	117859
109078bt	Klebsiella_pneumoniae_strain_KPN1344_chromosome	chromosome	-	NZ_CP033901.1	t_pro_srnb_srnc	unknown	tblastn	0	5329572	5329400	172	0	0	0	5343965
109065bt	Klebsiella_pneumoniae_strain_FDAARGOS_443_plasmid_unnamed1_complete_sequence	chromosome	-	NZ_CP023937.1	t_pro_srnb_srnc	unknown	tblastn	0	20945	20773	172	0	0	0	279104
110387bt	Klebsiella_pneumoniae_strain_JNM10C3_plasmid_pKJNM10C3_1	chromosome	-	NZ_CP030876.1	t_pro_srnb_srnc	unknown	tblastn	0	175878	175706	172	0	0	0	190163
110379bt	Escherichia_coli_UMN026_plasmid_p1ESCUM_complete_sequence	chromosome	-	NC_011749.1	t_pro_srnb_srnc	unknown	tblastn	0	94569	94397	172	0	0	0	122301
89104bt	Escherichia_coli_UMNF18_plasmid_pUMNF18_IncFV_whole_genome_shotgun_sequence	chromosome	+	NZ_AGTD01000004.1	t_pro_srnb_srnc	unknown	tblastn	0	66807	66979	172	0	0	0	103624
89107bt	Escherichia_coli_O157_H7_str_EDL933_plasmid_pO157_complete_sequence	chromosome	+	NC_007414.1	t_pro_srnb_srnc	unknown	tblastn	0	73948	74120	172	0	0	0	92077
110351bt	Escherichia_coli_strain_00_3279_plasmid_unnamed2_complete_sequence	chromosome	-	NZ_CP024295.1	t_pro_srnb_srnc	unknown	tblastn	0	27811	27639	172	0	0	0	103995
89098bt	Escherichia_coli_strain_89_3506_isolate_89_3506_plasmid_unnamed1	chromosome	+	NZ_CP027521.1	t_pro_srnb_srnc	unknown	tblastn	0	156670	156842	172	0	0	0	160231
103745bt	Escherichia_coli_strain_BR29_DEC_plasmid_unnamed3	chromosome	+	NZ_CP035337.1	t_pro_srnb_srnc	unknown	tblastn	0	30782	30954	172	0	0	0	89934
110354bt	Escherichia_coli_isolate_Co6114_plasmid_pC06114_1_complete_sequence	chromosome	-	NZ_CP016035.1	t_pro_srnb_srnc	unknown	tblastn	0	40987	40815	172	0	0	0	129085
111120bt	Escherichia_coli_strain_S17_13_plasmid_p1713_1	chromosome	-	NZ_CP031766.1	t_pro_srnb_srnc	unknown	tblastn	0	55934	55762	172	0	0	0	141331
111188bt	Erwinia_amylovora_LA635_chromosome_VII_whole_genome_shotgun_sequence	chromosome	-	NZ_CBVS010000007.1	t_pro_srnb_srnc	unknown	tblastn	0	372955	372783	172	0	0	0	636794
111181bt	Kosakonia_cowanii_strain_Esp_Z_genome	chromosome	-	NZ_CP022690.1	t_pro_srnb_srnc	unknown	tblastn	0	4715799	4715627	172	0	0	0	5077975
111180bt	Kosakonia_cowanii_strain_Esp_Z_genome	chromosome	-	NZ_CP022690.1	t_pro_srnb_srnc	unknown	tblastn	0	4716331	4716159	172	0	0	0	5077975
112010bt	Escherichia_coli_FAP1_plasmid_unnamed_1_complete_sequence	chromosome	+	NZ_CP009579.1	t_pro_srnb_srnc	unknown	tblastn	0	61992	62164	172	0	0	0	141804
111998bt	Escherichia_coli_TW10598_map_unlocalized_plasmid_unnamed_TW10598p_28_whole_genome_shotgun_sequence	chromosome	-	NZ_AELA02000029.1	t_pro_srnb_srnc	unknown	tblastn	0	1433	1261	172	0	0	0	30148
112012bt	Escherichia_coli_strain_90_9276_plasmid_unnamed1	chromosome	+	NZ_CP024297.1	t_pro_srnb_srnc	unknown	tblastn	0	11795	11967	172	0	0	0	167764
112009bt	Escherichia_coli_strain_90_9269_plasmid_unnamed1_complete_sequence	chromosome	+	NZ_CP024662.1	t_pro_srnb_srnc	unknown	tblastn	0	17344	17516	172	0	0	0	160351
112001bt	Escherichia_coli_UMNF18_plasmid_pUMNF18_87_whole_genome_shotgun_sequence	chromosome	-	NZ_AGTD01000003.1	t_pro_srnb_srnc	unknown	tblastn	0	15961	15789	172	0	0	0	87792
111999bt	Escherichia_coli_strain_CHL5009T_plasmid_pCHL5009T_61_8k_mcr1_complete_sequence	chromosome	+	NZ_CP032940.1	t_pro_srnb_srnc	unknown	tblastn	0	2626	2798	172	0	0	0	61805
112006bt	Escherichia_coli_TW10598_map_unlocalized_plasmid_unnamed_TW10598p_01_whole_genome_shotgun_sequence	chromosome	-	NZ_AELA02000002.1	t_pro_srnb_srnc	unknown	tblastn	0	417	245	172	0	0	0	11176
112002bt	Shigella_boydii_strain_NCTC_9734_chromosome	chromosome	-	NZ_CP026875.1	t_pro_srnb_srnc	unknown	tblastn	0	4866756	4866584	172	0	0	0	5164076
112007bt	Escherichia_coli_FAP1_plasmid_unnamed_3_complete_sequence	chromosome	-	NZ_CP009581.1	t_pro_srnb_srnc	unknown	tblastn	0	3260	3088	172	0	0	0	62384
109108bt	Klebsiella_pneumoniae_isolate_207M1D0_sc_2013_04_03T11_21_06Z_1606409_genome_assembly_plasmid_KPN207	chromosome	+	NZ_LT216439.1	t_pro_srnb_srnc	unknown	tblastn	0	89286	89458	172	0	0	0	214718
109072bt	Klebsiella_pneumoniae_subsp_rhinoscleromatis_strain_SB3432_complete_genome	chromosome	+	NC_021232.1	t_pro_srnb_srnc	unknown	tblastn	0	1791830	1792002	172	0	0	0	5270770
111910bt	Raoultella_ornithinolytica_strain_18_plasmid_1_complete_sequence	chromosome	-	NZ_CP012556.1	t_pro_srnb_srnc	unknown	tblastn	0	98909	98737	172	0	0	0	216710
110348bt	Escherichia_coli_strain_268_78_1_plasmid_unnamed_map_unlocalized	chromosome	-	NZ_CP014090.2	t_pro_srnb_srnc	unknown	tblastn	0	84444	84279	165	0	0	0	86763
109929bt	Escherichia_coli_strain_H17_plasmid_pH17_3_complete_sequence	chromosome	+	NZ_CP021196.1	t_pro_srnb_srnc	unknown	tblastn	0	81974	82139	165	0	0	0	252257
111927bt	Shigella_flexneri_5a_str_M90T_chromosome_whole_genome_shotgun_sequence	chromosome	+	NZ_CM001474.1	t_pro_srnb_srnc	unknown	tblastn	0	1831979	1832151	172	0	0	0	4580866
109783bt	Escherichia_coli_strain_2016C_3936C1_chromosome_complete_genome	chromosome	-	NZ_CP018770.2	t_pro_srnb_srnc	unknown	tblastn	0	2548243	2548078	165	0	0	0	5060620
109775bt	Escherichia_coli_strain_BR32_DEC_chromosome	chromosome	-	NZ_CP035350.1	t_pro_srnb_srnc	unknown	tblastn	0	3613960	3613795	165	0	0	0	4838618
108709bt	Escherichia_coli_ED1a_chromosome_complete_genome	chromosome	+	NC_011745.1	t_pro_srnb_srnc	unknown	tblastn	0	1041611	1041776	165	0	0	0	5209548
109777bt	Escherichia_coli_isolate_Co6114_genome	chromosome	-	NZ_CP016034.1	t_pro_srnb_srnc	unknown	tblastn	0	1523901	1523736	165	0	0	0	4893592
110660bt	Escherichia_coli_strain_2014C_3741_chromosome	chromosome	-	NZ_CP027328.1	t_pro_srnb_srnc	unknown	tblastn	0	3275883	3275718	165	0	0	0	5394779
108945bt	Escherichia_coli_strain_Ec_20Lar_chromosome	chromosome	+	NZ_CP035317.1	t_pro_srnb_srnc	unknown	tblastn	0	4730155	4730320	165	0	0	0	5083560
108710bt	Escherichia_coli_ED1a_chromosome_complete_genome	chromosome	+	NC_011745.1	t_pro_srnb_srnc	unknown	tblastn	0	1399525	1399690	165	0	0	0	5209548
109612bt	Escherichia_coli_strain_2013C_3996_chromosome	chromosome	-	NZ_CP027572.1	t_pro_srnb_srnc	unknown	tblastn	0	2783852	2783687	165	0	0	0	5858866
109617bt	Escherichia_coli_strain_BR12_DEC_chromosome	chromosome	-	NZ_CP035325.1	t_pro_srnb_srnc	unknown	tblastn	0	1705921	1705756	165	0	0	0	4824995
109584bt	Escherichia_coli_strain_2013C_3304_chromosome	chromosome	-	NZ_CP027593.1	t_pro_srnb_srnc	unknown	tblastn	0	3185794	3185629	165	0	0	0	5310050
109016bt	Escherichia_coli_strain_00_3279_chromosome	chromosome	+	NZ_CP024293.1	t_pro_srnb_srnc	unknown	tblastn	0	4202468	4202633	165	0	0	0	5116580
108936bt	Escherichia_coli_strain_2016C_3936C1_chromosome_complete_genome	chromosome	+	NZ_CP018770.2	t_pro_srnb_srnc	unknown	tblastn	0	2140870	2141035	165	0	0	0	5060620
109820bt	Escherichia_coli_O104_H4_strain_LB226692_chromosome	chromosome	-	NZ_CP024992.1	t_pro_srnb_srnc	unknown	tblastn	0	4434414	4434249	165	0	0	0	5299262
108694bt	Escherichia_coli_O157_H7_str_EDL933_genome	chromosome	+	NC_002655.2	t_pro_srnb_srnc	unknown	tblastn	0	1263915	1264080	165	0	0	0	5528445
108695bt	Escherichia_coli_O157_H7_str_EDL933_genome	chromosome	+	NC_002655.2	t_pro_srnb_srnc	unknown	tblastn	0	1861254	1861419	165	0	0	0	5528445
109021bt	Escherichia_coli_PMV_1_main_chromosome_complete_genome	chromosome	+	NC_022370.1	t_pro_srnb_srnc	unknown	tblastn	0	1410711	1410876	165	0	0	0	4984940
109828bt	Escherichia_coli_strain_UFU_EC98_chromosome	chromosome	-	NZ_CP024092.1	t_pro_srnb_srnc	unknown	tblastn	0	4359775	4359610	165	0	0	0	4849850
108965bt	Escherichia_coli_UMNF18_chromosome_whole_genome_shotgun_sequence	chromosome	+	NZ_AGTD01000001.1	t_pro_srnb_srnc	unknown	tblastn	0	1698674	1698839	165	0	0	0	5239207
108731bt	Escherichia_coli_strain_268_78_1_chromosome_complete_genome	chromosome	-	NZ_CP014092.2	t_pro_srnb_srnc	unknown	tblastn	0	898791	898618	173	0	0	0	5364051
109580bt	Escherichia_coli_UMNF18_chromosome_whole_genome_shotgun_sequence	chromosome	-	NZ_AGTD01000001.1	t_pro_srnb_srnc	unknown	tblastn	0	2366509	2366344	165	0	0	0	5239207
108768bt	Salmonella_enterica_subsp_enterica_serovar_Enteritidis_str_EC20121747_genome	chromosome	+	NZ_CP007464.2	t_pro_srnb_srnc	unknown	tblastn	0	1475678	1475843	165	0	0	0	4685731
108939bt	Escherichia_coli_strain_F5176C6_chromosome	chromosome	+	NZ_CP024667.1	t_pro_srnb_srnc	unknown	tblastn	0	4858582	4858747	165	0	0	0	5069417
110683bt	Shigella_boydii_strain_ATCC_12027_chromosome	chromosome	-	NZ_CP026866.1	t_pro_srnb_srnc	unknown	tblastn	0	2165069	2164904	165	0	0	0	4680268
108691bt	Escherichia_coli_O157_H7_str_EDL933_genome	chromosome	+	NC_002655.2	t_pro_srnb_srnc	unknown	tblastn	0	1636269	1636434	165	0	0	0	5528445
109603bt	Escherichia_coli_O157_H7_str_TW14588_chromosome_whole_genome_shotgun_sequence	chromosome	-	NZ_CM000662.1	t_pro_srnb_srnc	unknown	tblastn	0	5280072	5279907	165	0	0	0	5578816
109593bt	Escherichia_coli_O157_H7_str_EDL933_genome	chromosome	-	NC_002655.2	t_pro_srnb_srnc	unknown	tblastn	0	2318939	2318774	165	0	0	0	5528445
109864bt	Escherichia_coli_ED1a_chromosome_complete_genome	chromosome	-	NC_011745.1	t_pro_srnb_srnc	unknown	tblastn	0	1707444	1707279	165	0	0	0	5209548
108712bt	Escherichia_coli_O104_H4_strain_LB226692_chromosome	chromosome	+	NZ_CP024992.1	t_pro_srnb_srnc	unknown	tblastn	0	4044824	4044989	165	0	0	0	5299262
109010bt	Shigella_boydii_strain_ATCC_12027_chromosome	chromosome	+	NZ_CP026866.1	t_pro_srnb_srnc	unknown	tblastn	0	1299554	1299719	165	0	0	0	4680268
108990bt	Shigella_boydii_strain_NCTC_9734_chromosome	chromosome	+	NZ_CP026875.1	t_pro_srnb_srnc	unknown	tblastn	0	2973007	2973172	165	0	0	0	5164076
108968bt	Escherichia_coli_UMNF18_chromosome_whole_genome_shotgun_sequence	chromosome	+	NZ_AGTD01000001.1	t_pro_srnb_srnc	unknown	tblastn	0	1102940	1103105	165	0	0	0	5239207
108696bt	Escherichia_coli_O157_H7_str_EDL933_genome	chromosome	+	NC_002655.2	t_pro_srnb_srnc	unknown	tblastn	0	1888653	1888818	165	0	0	0	5528445
112281bt	Escherichia_coli_strain_2014C_3741_chromosome	chromosome	-	NZ_CP027328.1	t_pro_srnb_srnc	unknown	tblastn	0	3019543	3019378	165	0	0	0	5394779
109079bt	Escherichia_coli_UMNF18_plasmid_pUMNF18_103_whole_genome_shotgun_sequence	chromosome	+	NZ_AGTD01000005.1	t_pro_srnb_srnc	unknown	tblastn	0	50533	50698	165	0	0	0	103130
109052bt	Escherichia_fergusonii_ECD227_plasmid_pECD227_80_whole_genome_shotgun_sequence	chromosome	+	NZ_CM001147.1	t_pro_srnb_srnc	unknown	tblastn	0	49619	49784	165	0	0	0	80253
109019bt	Escherichia_coli_strain_CHL5009T_plasmid_pCHL5009T_88k_complete_sequence	chromosome	+	NZ_CP032939.1	t_pro_srnb_srnc	unknown	tblastn	0	15429	15594	165	0	0	0	88388
123579bt	Escherichia_coli_ED1a_chromosome_complete_genome	chromosome	-	NC_011745.1	t_pro_srnb_srnc	unknown	tblastn	0	15313	15148	165	0	0	0	5209548
112284bt	Escherichia_coli_TW10598_chromosome_whole_genome_shotgun_sequence	chromosome	-	NZ_CM007915.1	t_pro_srnb_srnc	unknown	tblastn	0	16900	16735	165	0	0	0	4870513
108919bt	Escherichia_coli_strain_L103_2_chromosome_complete_genome	chromosome	+	NZ_CP034843.1	t_pro_srnb_srnc	unknown	tblastn	0	4010015	4010181	166	0	0	0	4773616
123623bt	Escherichia_coli_strain_00_3279_chromosome	chromosome	-	NZ_CP024293.1	t_pro_srnb_srnc	unknown	tblastn	0	2879417	2879252	165	0	0	0	5116580
108921bt	Escherichia_coli_strain_BR32_DEC_chromosome	chromosome	+	NZ_CP035350.1	t_pro_srnb_srnc	unknown	tblastn	0	4801984	4802149	165	0	0	0	4838618
105914bt	Escherichia_coli_O104_H4_strain_LB226692_chromosome	chromosome	+	NZ_CP024992.1	t_pro_srnb_srnc	unknown	tblastn	0	660476	660643	167	0	0	0	5299262
106045bt	Escherichia_coli_O157_H7_str_EDL933_genome	chromosome	-	NC_002655.2	t_pro_srnb_srnc	unknown	tblastn	0	15569	15403	166	0	0	0	5528445
108707bt	Escherichia_coli_O157_H7_str_TW14588_chromosome_whole_genome_shotgun_sequence	chromosome	+	NZ_CM000662.1	t_pro_srnb_srnc	unknown	tblastn	0	1284484	1284650	166	0	0	0	5578816
10457bt	Escherichia_albertii_strain_05_3106_plasmid_unnamed1_complete_sequence	genome	-	NZ_CP030779.2	t_pro_srnb_srnc	unknown	tblastn	0	39377	39216	161	0	0	0	56603
14630bt	Escherichia_coli_strain_C5_plasmid_A_complete_genome	genome	-	NZ_CP010123.1	t_pro_srnb_srnc	unknown	tblastn	0	27218	27057	161	0	0	0	214445
11490bt	Escherichia_albertii_strain_07_3866_plasmid_unnamed_complete_sequence	genome	+	NZ_CP030782.1	t_pro_srnb_srnc	unknown	tblastn	0	8706	8867	161	0	0	0	104269
11460bt	Salmonella_enterica_strain_SA20051401_plasmid_pSA20051401_1_complete_sequence	genome	+	NZ_CP030197.1	t_pro_srnb_srnc	unknown	tblastn	0	139422	139583	161	0	0	0	141502
11538bt	Salmonella_enterica_subsp_enterica_serovar_Poona_str_ATCC_BAA_1673_plasmid_pATCCBAA1673_01_complete_	genome	+	NZ_CP019190.1	t_pro_srnb_srnc	unknown	tblastn	0	44023	44184	161	0	0	0	186451
11359bt	Salmonella_enterica_subsp_enterica_serovar_Minnesota_strain_CFSAN017963_plasmid_pCFSAN017963_01_comp	genome	+	NZ_CP017721.1	t_pro_srnb_srnc	unknown	tblastn	0	178034	178195	161	0	0	0	280421
16607bt	Escherichia_coli_O43_str_RM10042_plasmid_pRM10042_2_complete_sequence	genome	-	NZ_CP028121.1	t_pro_srnb_srnc	unknown	tblastn	0	58970	58809	161	0	0	0	109466
14498bt	Escherichia_coli_O25_H16_strain_F5505_C1_plasmid_unnamed1_complete_sequence	genome	-	NZ_CP024258.1	t_pro_srnb_srnc	unknown	tblastn	0	2945	2784	161	0	0	0	96607
11370bt	Escherichia_coli_strain_C5_plasmid_B_complete_genome	genome	+	NZ_CP010124.1	t_pro_srnb_srnc	unknown	tblastn	0	48193	48354	161	0	0	0	86032
11397bt	Escherichia_coli_ECC_1470_plasmid_pECC_1470_100_complete_sequence	genome	+	NZ_CP010345.1	t_pro_srnb_srnc	unknown	tblastn	0	99239	99400	161	0	0	0	100061
11375bt	Escherichia_coli_strain_2013C_4282_plasmid_unnamed1	genome	+	NZ_CP027580.1	t_pro_srnb_srnc	unknown	tblastn	0	35591	35752	161	0	0	0	54544
11523bt	Escherichia_coli_strain_06_00048_plasmid_pCFSAN004178P_02_complete_sequence	genome	+	NZ_CP012498.1	t_pro_srnb_srnc	unknown	tblastn	0	138745	138906	161	0	0	0	213847
11480bt	Klebsiella_pneumoniae_strain_INF237_plasmid_pINF237_03_complete_sequence	genome	+	NZ_CP032836.1	t_pro_srnb_srnc	unknown	tblastn	0	72953	73114	161	0	0	0	76772
14659bt	Escherichia_coli_strain_2011C_3911_plasmid_unnamed1_complete_sequence	genome	-	NZ_CP015239.1	t_pro_srnb_srnc	unknown	tblastn	0	51552	51391	161	0	0	0	125977
104748bt	Escherichia_coli_strain_00_3279_plasmid_unnamed2_complete_sequence	chromosome	-	NZ_CP024295.1	t_pro_srnb_srnc	unknown	tblastn	0	84160	83999	161	0	0	0	103995
14619bt	Escherichia_coli_JJ1887_plasmid_pJJ1887_5_complete_sequence	genome	-	NZ_CP014320.1	t_pro_srnb_srnc	unknown	tblastn	0	996	835	161	0	0	0	130603
1204bt	Escherichia_coli_O91_str_RM7190_plasmid_pRM7190_2_complete_sequence	genome	+	NZ_CP015246.1	t_pro_srnb_srnc	unknown	tblastn	0	40063	40224	161	0	0	0	118513
11360bt	Escherichia_coli_O26_H11_str_11368_plasmid_pO26_2_DNA_complete_sequence	genome	+	NC_013362.1	t_pro_srnb_srnc	unknown	tblastn	0	62374	62535	161	0	0	0	63365
11387bt	Escherichia_coli_KLY_complete_genome	genome	+	NZ_CP008801.1	t_pro_srnb_srnc	unknown	tblastn	0	3058641	3058802	161	0	0	0	4718545
11502bt	Escherichia_albertii_strain_ChinaSP140150_plasmid_pEA_1_complete_sequence	genome	+	NZ_CP025677.1	t_pro_srnb_srnc	unknown	tblastn	0	21733	21894	161	0	0	0	129356
11472bt	Escherichia_coli_E2855_plasmid_pE2855_5_DNA_complete_genome	genome	+	NZ_AP018801.1	t_pro_srnb_srnc	unknown	tblastn	0	70299	70460	161	0	0	0	71289
14629bt	Escherichia_coli_strain_2015C_3125_plasmid_unnamed2_complete_sequence	genome	-	NZ_CP027765.1	t_pro_srnb_srnc	unknown	tblastn	0	17972	17811	161	0	0	0	66388
10352bt	Escherichia_albertii_strain_2014C_4356_plasmid_unnamed4_complete_sequence	genome	-	NZ_CP024286.1	t_pro_srnb_srnc	unknown	tblastn	0	42533	42372	161	0	0	0	113727
14663bt	Escherichia_coli_0127_H6_E2348_69_plasmid_pMAR2_strain_E2348_69	genome	-	NC_011603.1	t_pro_srnb_srnc	unknown	tblastn	0	32960	32799	161	0	0	0	97978
14471bt	Escherichia_coli_APEC_IMT5155_plasmid_p1ColV5155_complete_sequence	genome	-	NZ_CP005931.1	t_pro_srnb_srnc	unknown	tblastn	0	34868	34707	161	0	0	0	194170
14483bt	Escherichia_coli_strain_210205630_plasmid_pSLy2_complete_sequence	genome	-	NZ_CP015914.1	t_pro_srnb_srnc	unknown	tblastn	0	10683	10522	161	0	0	0	129035
14627bt	Escherichia_coli_strain_14EC033_plasmid_p14EC033d_complete_sequence	genome	-	NZ_CP024151.1	t_pro_srnb_srnc	unknown	tblastn	0	42472	42311	161	0	0	0	97858
14661bt	Escherichia_coli_strain_C3_plasmid_A_complete_sequence	genome	-	NZ_CP010120.1	t_pro_srnb_srnc	unknown	tblastn	0	25624	25463	161	0	0	0	63684
10892bt	Escherichia_coli_O25b_H4_plasmid_complete_sequence	genome	+	NZ_CP015086.1	t_pro_srnb_srnc	unknown	tblastn	0	95895	96057	162	0	0	0	130920
14637bt	Escherichia_coli_strain_2012C_4221_plasmid_unnamed1_complete_sequence	genome	-	NZ_CP027438.1	t_pro_srnb_srnc	unknown	tblastn	0	33076	32915	161	0	0	0	74904
14613bt	Escherichia_coli_O178_H19_strain_2012C_4431_plasmid_unnamed2_complete_sequence	genome	-	NZ_CP024291.1	t_pro_srnb_srnc	unknown	tblastn	0	63885	63724	161	0	0	0	111697
14655bt	Escherichia_coli_strain_AR_0077_plasmid_tig00000042_pilon_complete_sequence	genome	-	NZ_CP026754.1	t_pro_srnb_srnc	unknown	tblastn	0	43866	43705	161	0	0	0	90045
11247bt	Escherichia_coli_strain_Es_ST2350_SE1_NDM_03_2018_plasmid_pEsST2350_SE_2_complete_sequence	genome	+	NZ_CP031323.1	t_pro_srnb_srnc	unknown	tblastn	0	59982	60144	162	0	0	0	82461
14664bt	Escherichia_albertii_strain_2012EL_1823B_plasmid_unnamed3_complete_sequence	genome	-	NZ_CP030786.2	t_pro_srnb_srnc	unknown	tblastn	0	70100	69939	161	0	0	0	105846
10570bt	Escherichia_coli_strain_CI5_plasmid_complete_sequence	genome	-	NZ_CP011019.1	t_pro_srnb_srnc	unknown	tblastn	0	85940	85763	177	0	0	0	207265
10260bt	Escherichia_coli_ETEC_H10407_p948_plasmid	genome	-	NC_017724.1	t_pro_srnb_srnc	unknown	tblastn	0	25880	25712	168	0	0	0	94797
9945bt	Escherichia_coli_strain_300709_plasmid_p300709_97_complete_sequence	genome	+	NZ_CP025904.1	t_pro_srnb_srnc	unknown	tblastn	0	75922	76090	168	0	0	0	97878
104071bt	Escherichia_coli_UMNF18_plasmid_pUMNF18_IncFV_whole_genome_shotgun_sequence	chromosome	+	NZ_AGTD01000004.1	t_pro_srnb_srnc	unknown	tblastn	0	103233	103396	163	0	0	0	103624
22222bt	Escherichia_coli_strain_CV839_15_chromosome_complete_genome	genome	-	NZ_CP024978.1	t_pro_srnb_srnc	unknown	tblastn	0	4069989	4069826	163	0	0	0	4917635
10bt	Escherichia_coli_O169_H41_strain_2014EL_1345_2_plasmid_unnamed4_complete_sequence	genome	-	NZ_CP024227.1	t_pro_srnb_srnc	unknown	tblastn	0	104619	104458	161	0	0	0	145086
11373bt	Escherichia_coli_strain_510016_plasmid_p510016_29_complete_sequence	genome	+	NZ_CP025852.1	t_pro_srnb_srnc	unknown	tblastn	0	27298	27459	161	0	0	0	29775
14497bt	Escherichia_coli_strain_RM14721_plasmid_pRM14721_complete_sequence	genome	-	NZ_CP027106.1	t_pro_srnb_srnc	unknown	tblastn	0	103790	103629	161	0	0	0	106432
107bt	Escherichia_coli_strain_STEC299_plasmid_pSTEC299_1_complete_sequence	genome	+	NZ_CP022280.1	t_pro_srnb_srnc	unknown	tblastn	0	33002	33163	161	0	0	0	191691
104bt	Escherichia_coli_strain_08_00022_plasmid_pCFSAN004179G_complete_sequence	genome	+	NZ_CP012501.1	t_pro_srnb_srnc	unknown	tblastn	0	1837	1998	161	0	0	0	242187
14632bt	Escherichia_albertii_strain_05_3106_plasmid_unnamed2_complete_sequence	genome	-	NZ_CP030780.2	t_pro_srnb_srnc	unknown	tblastn	0	16621	16460	161	0	0	0	80632
11255bt	Escherichia_coli_O25_H16_strain_F5505_C1_plasmid_unnamed2_complete_sequence	genome	-	NZ_CP024259.1	t_pro_srnb_srnc	unknown	tblastn	0	40203	40041	162	0	0	0	94817
14710bt	Escherichia_coli_strain_M8_plasmid_A_complete_genome	genome	-	NZ_CP010192.1	t_pro_srnb_srnc	unknown	tblastn	0	103187	103026	161	0	0	0	162720
13349bt	Proteus_mirabilis_BB2000_complete_genome	genome	+	NC_022000.1	t_pro_srnb_srnc	unknown	tblastn	0	2027942	2028104	162	0	0	0	3846754
11212bt	Proteus_mirabilis_strain_AR_0159_complete_genome	genome	-	NZ_CP021550.1	t_pro_srnb_srnc	unknown	tblastn	0	3902307	3902145	162	0	0	0	4055152
11312bt	Proteus_mirabilis_isolate_GN2_chromosome_complete_genome	genome	+	NZ_CP026581.1	t_pro_srnb_srnc	unknown	tblastn	0	2588158	2588320	162	0	0	0	4012640
11202bt	Proteus_mirabilis_strain_AR_0029_chromosome_complete_genome	genome	-	NZ_CP029725.1	t_pro_srnb_srnc	unknown	tblastn	0	491648	491486	162	0	0	0	3980098
11240bt	Proteus_mirabilis_strain_AR_0155_complete_genome	genome	-	NZ_CP021694.1	t_pro_srnb_srnc	unknown	tblastn	0	1948931	1948769	162	0	0	0	4372742
11238bt	Proteus_mirabilis_strain_AR379_chromosome_complete_genome	genome	-	NZ_CP029133.1	t_pro_srnb_srnc	unknown	tblastn	0	826591	826429	162	0	0	0	4219380
11203bt	Proteus_mirabilis_strain_AR_0029_chromosome_complete_genome	genome	-	NZ_CP029725.1	t_pro_srnb_srnc	unknown	tblastn	0	491108	490946	162	0	0	0	3980098
11309bt	Proteus_mirabilis_strain_BC11_24_chromosome_complete_genome	genome	+	NZ_CP026571.1	t_pro_srnb_srnc	unknown	tblastn	0	2463767	2463929	162	0	0	0	4021165
11311bt	Proteus_mirabilis_isolate_GN2_chromosome_complete_genome	genome	+	NZ_CP026581.1	t_pro_srnb_srnc	unknown	tblastn	0	2587618	2587780	162	0	0	0	4012640
11201bt	Proteus_mirabilis_strain_AR_0029_chromosome_complete_genome	genome	-	NZ_CP029725.1	t_pro_srnb_srnc	unknown	tblastn	0	492189	492027	162	0	0	0	3980098
11308bt	Proteus_mirabilis_strain_BC11_24_chromosome_complete_genome	genome	+	NZ_CP026571.1	t_pro_srnb_srnc	unknown	tblastn	0	2462686	2462848	162	0	0	0	4021165
11293bt	Proteus_mirabilis_strain_T18_chromosome_complete_genome	genome	+	NZ_CP017085.1	t_pro_srnb_srnc	unknown	tblastn	0	2910285	2910447	162	0	0	0	4131426
11241bt	Proteus_mirabilis_strain_AR_0155_complete_genome	genome	-	NZ_CP021694.1	t_pro_srnb_srnc	unknown	tblastn	0	1949472	1949310	162	0	0	0	4372742
103898bt	Proteus_mirabilis_strain_CCUG_70746_chromosome	chromosome	-	NZ_CP023273.1	t_pro_srnb_srnc	unknown	tblastn	0	143782	143620	162	0	0	0	3909869
11893bt	Proteus_mirabilis_strain_PmBC1123_chromosome_complete_genome	genome	+	NZ_CP034091.1	t_pro_srnb_srnc	unknown	tblastn	0	2382827	2382989	162	0	0	0	4074828
11246bt	Proteus_vulgaris_strain_FDAARGOS_366_chromosome_complete_genome	genome	-	NZ_CP023965.1	t_pro_srnb_srnc	unknown	tblastn	0	2256547	2256385	162	0	0	0	3961988
11331bt	Proteus_vulgaris_strain_FDAARGOS_556_chromosome_complete_genome	genome	+	NZ_CP033736.1	t_pro_srnb_srnc	unknown	tblastn	0	2253123	2253285	162	0	0	0	4158443
10645bt	Proteus_hauseri_strain_15H5D_4a_chromosome_complete_genome	genome	+	NZ_CP026364.1	t_pro_srnb_srnc	unknown	tblastn	0	132333	132495	162	0	0	0	3930735
103996bt	Providencia_rettgeri_Dmel1_chromosome_whole_genome_shotgun_sequence	chromosome	+	NZ_CM001774.1	t_pro_srnb_srnc	unknown	tblastn	0	3948896	3949058	162	0	0	0	4343079
11332bt	Providencia_rettgeri_strain_AR_0082_chromosome_complete_genome	genome	+	NZ_CP029736.1	t_pro_srnb_srnc	unknown	tblastn	0	27606	27768	162	0	0	0	4309166
103995bt	Providencia_rettgeri_Dmel1_chromosome_whole_genome_shotgun_sequence	chromosome	+	NZ_CM001774.1	t_pro_srnb_srnc	unknown	tblastn	0	3949409	3949571	162	0	0	0	4343079
11335bt	Providencia_sp_WCHPr000369_chromosome_complete_genome	genome	+	NZ_CP031123.1	t_pro_srnb_srnc	unknown	tblastn	0	2202915	2203077	162	0	0	0	4573118
10639bt	Providencia_rettgeri_strain_FDAARGOS_330_chromosome_complete_genome	genome	-	NZ_CP027418.1	t_pro_srnb_srnc	unknown	tblastn	0	2272999	2272837	162	0	0	0	4518601
11338bt	Providencia_rettgeri_strain_RB151_complete_genome	genome	+	NZ_CP017671.1	t_pro_srnb_srnc	unknown	tblastn	0	1840232	1840394	162	0	0	0	4780676
11349bt	Providencia_rustigianii_strain_NCTC8113_genome_assembly_chromosome_1	genome	+	NZ_LR134396.1	t_pro_srnb_srnc	unknown	tblastn	0	683657	683819	162	0	0	0	3864394
11349bt	Providencia_rustigianii_strain_NCTC8113_genome_assembly_chromosome_1	genome	+	NZ_LR134396.1	t_pro_srnb_srnc	unknown	tblastn	0	684137	684299	162	0	0	0	3864394
11350bt	Providencia_rustigianii_strain_NCTC6933_genome_assembly_chromosome_1	genome	+	NZ_LR134189.1	t_pro_srnb_srnc	unknown	tblastn	0	700852	701014	162	0	0	0	3913850
11350bt	Providencia_rustigianii_strain_NCTC6933_genome_assembly_chromosome_1	genome	+	NZ_LR134189.1	t_pro_srnb_srnc	unknown	tblastn	0	701333	701495	162	0	0	0	3913850
10676bt	Providencia_alcalifaciens_strain_FDAARGOS_408_chromosome_complete_genome	genome	-	NZ_CP023536.1	t_pro_srnb_srnc	unknown	tblastn	0	384660	384498	162	0	0	0	3990106
10910bt	Proteus_mirabilis_pHI4320_plasmid_complete_genome	genome	-	NC_010555.1	t_pro_srnb_srnc	unknown	tblastn	0	22751	22589	162	0	0	0	36289
10909bt	Providencia_stuartii_strain_BE2467_isolate_CAUTI_plasmid_pPS2_complete_sequence	genome	-	NZ_CP017056.1	t_pro_srnb_srnc	unknown	tblastn	0	16552	16390	162	0	0	0	38206
104006bt	Providencia_sneebia_DSM_19967_chromosome_whole_genome_shotgun_sequence	chromosome	+	NZ_CM001773.1	t_pro_srnb_srnc	unknown	tblastn	0	314188	314350	162	0	0	0	3873423
10276bt	Salmonella_enterica_strain_SA20083530_plasmid_pSA20083530_3_complete_sequence	genome	-	NZ_CP030206.1	t_pro_srnb_srnc	unknown	tblastn	0	12305	12143	162	0	0	0	27709
103997bt	Providencia_rettgeri_Dmel1_chromosome_whole_genome_shotgun_sequence	chromosome	+	NZ_CM001774.1	t_pro_srnb_srnc	unknown	tblastn	0	675001	675163	162	0	0	0	4343079
11333bt	Providencia_rettgeri_strain_AR_0082_chromosome_complete_genome	genome	+	NZ_CP029736.1	t_pro_srnb_srnc	unknown	tblastn	0	1055186	1055348	162	0	0	0	4309166
11334bt	Providencia_sp_WCHPr000369_chromosome_complete_genome	genome	+	NZ_CP031123.1	t_pro_srnb_srnc	unknown	tblastn	0	3468758	3468920	162	0	0	0	4573118
16926bt	Providencia_alcalifaciens_strain_FDAARGOS_408_chromosome_complete_genome	genome	+	NZ_CP023536.1	t_pro_srnb_srnc	unknown	tblastn	0	1274414	1274572	158	0	0	0	3990106
15033bt	Providencia_rustigianii_strain_NCTC6933_genome_assembly_chromosome_1	genome	-	NZ_LR134189.1	t_pro_srnb_srnc	unknown	tblastn	0	3685583	3685425	158	0	0	0	3913850
13349bt	Proteus_mirabilis_BB2000_complete_genome	genome	+	NC_022000.1	t_pro_srnb_srnc	unknown	tblastn	0	226070	226232	162	0	0	0	3846754
13331bt	Proteus_mirabilis_isolate_GN2_chromosome_complete_genome	genome	+	NZ_CP026581.1	t_pro_srnb_srnc	unknown	tblastn	0	643096	643258	162	0	0	0	4012640
11239bt	Proteus_mirabilis_strain_AOUC_001_complete_genome	genome	-	NZ_CP015347.1	t_pro_srnb_srnc	unknown	tblastn	0	3412362	3412200	162	0	0	0	4272433
103927bt	Proteus_mirabilis_strain_CCUG_70746_chromosome	chromosome	+	NZ_CP023273.1	t_pro_srnb_srnc	unknown	tblastn	0	3066487	3066649	162	0	0	0	3909869
11893bt	Proteus_mirabilis_strain_PmBC1123_chromosome_complete_genome	genome	+	NZ_CP034091.1	t_pro_srnb_srnc	unknown	tblastn	0	660012	660174	162	0	0	0	4074828
13015bt	Proteus_mirabilis_strain_AR_0159_complete_genome	genome	-	NZ_CP021550.1	t_pro_srnb_srnc	unknown	tblastn	0	1804565	1804403	162	0	0	0	4055152
103922bt	Proteus_mirabilis_strain_K670_chromosome	chromosome	+	NZ_CP028356.1	t_pro_srnb_srnc	unknown	tblastn	0	2043938	2044100	162	0	0	0	3935626
11888bt	Proteus_mirabilis_strain_NCTC4199_genome_assembly_chromosome_1	genome	+	NZ_LR134205.1	t_pro_srnb_srnc	unknown	tblastn	0	623179	623341	162	0	0	0	3875274
